tree
version=v4
num_class=3
num_tree_per_iteration=3
label_index=0
max_feature_idx=130
objective=multiclass num_class:3
feature_names=Rrs_492_t0 Rrs_665_t0 Rrs_704_t0 Rrs_833_t0 NDVI_t0 NDWI_t0 BG_ratio_t0 GR_ratio_t0 NDAVI_t0 SAVI_t0 GR_diff_t0 TI_t0 WAVI_t0 CI_t0 BR_ratio_t0 RENDVI_t0 REP_t0 NR_ratio_t0 Rrs_443_t1 Rrs_492_t1 Rrs_560_t1 Rrs_665_t1 Rrs_704_t1 Rrs_740_t1 Rrs_783_t1 Rrs_833_t1 Rrs_865_t1 NDVI_t1 NDWI_t1 BG_ratio_t1 GR_ratio_t1 NDAVI_t1 SAVI_t1 GR_diff_t1 TI_t1 WAVI_t1 CI_t1 BR_ratio_t1 RENDVI_t1 REP_t1 NR_ratio_t1 Rrs_492_t2 Rrs_665_t2 Rrs_704_t2 Rrs_833_t2 NDVI_t2 NDWI_t2 BG_ratio_t2 GR_ratio_t2 NDAVI_t2 SAVI_t2 GR_diff_t2 TI_t2 WAVI_t2 CI_t2 BR_ratio_t2 RENDVI_t2 REP_t2 NR_ratio_t2 Rrs_492_t3 Rrs_665_t3 Rrs_704_t3 Rrs_833_t3 NDVI_t3 NDWI_t3 BG_ratio_t3 GR_ratio_t3 NDAVI_t3 SAVI_t3 GR_diff_t3 TI_t3 WAVI_t3 CI_t3 BR_ratio_t3 RENDVI_t3 REP_t3 NR_ratio_t3 Rrs_492_mean Rrs_492_std Rrs_492_range Rrs_665_mean Rrs_665_std Rrs_665_range Rrs_704_mean Rrs_704_std Rrs_704_range Rrs_833_mean Rrs_833_std Rrs_833_range NDVI_mean NDVI_std NDVI_range NDWI_mean NDWI_std NDWI_range BG_ratio_mean BG_ratio_std BG_ratio_range GR_ratio_mean GR_ratio_std GR_ratio_range NDAVI_mean NDAVI_std NDAVI_range SAVI_mean SAVI_std SAVI_range GR_diff_mean GR_diff_std GR_diff_range TI_mean TI_std TI_range WAVI_mean WAVI_std WAVI_range CI_mean CI_std CI_range BR_ratio_mean BR_ratio_std BR_ratio_range RENDVI_mean RENDVI_std RENDVI_range REP_mean REP_std REP_range NR_ratio_mean NR_ratio_std NR_ratio_range
feature_infos=[0.0039482573047280312:0.084521584212779999] [0.00054399174405261874:0.093133129179477692] [0.00040310304029844701:0.09520324319601059] [0.00029691471718251705:0.11234015971422195] [-1.1593747138977051:0.74583899974822998] [-0.48893067240715027:1.0447018146514893] [0.64090383052825928:2.3774645328521729] [0.63309407234191895:18.028104782104492] [-0.22466909885406494:0.89489293098449707] [-0.054406322538852692:0.081421256065368652] [-0.021626919507980347:0.030168283730745316] [0.055468220263719559:1.5795433521270752] [-0.61176133155822754:0.32826054096221924] [-0.40784087777137756:0.21884036064147949] [0.50565934181213379:27.014133453369141] [-0.7955322265625:0.75906777381896973] [0.00055727281142026186:0.10388108342885971] [-0.07380744069814682:6.8690099716186523] [0.0081662377342581749:0.072069898247718811] [0.0057576554827392101:0.15472956001758575] [0.0032587309833616018:0.15726225078105927] [0.00095713796326890588:0.14592267572879791] [0.00075487518915906549:0.10530685633420944] [-0.0012823067372664809:0.10289425402879715] [0.00045790287549607456:0.10609636455774307] [0.00038838633918203413:0.11645970493555069] [0.00015812358469702303:0.11248895525932312] [-0.97117960453033447:0.58660650253295898] [-0.51282656192779541:0.98721796274185181] [0.63386982679367065:2.0726683139801025] [0.62521588802337646:7.1258602142333984] [-0.23060569167137146:0.75387358665466309] [-0.061664432287216187:0.071083970367908478] [-0.025014009326696396:0.03074878454208374] [0.14033226668834686:1.5994470119476318] [-0.52365124225616455:0.33613121509552002] [-0.34910082817077637:0.22408747673034668] [0.45333880186080933:13.575738906860352] [-0.86951249837875366:0.65955489873886108] [0.00017482030671089888:0.10085070878267288] [0.014620391651988029:3.8380012512207031] [0.0035963277332484722:0.071573890745639801] [0.00066177139524370432:0.11786305159330368] [0.00037681637331843376:0.12446741014719009] [0.00035366512020118535:0.14315569400787354] [-1.5041849613189697:0.73812401294708252] [-0.59712392091751099:1.1471779346466064] [0.60226768255233765:2.6697776317596436] [0.75007855892181396:16.995267868041992] [-0.14280571043491364:0.88886022567749023] [-0.044256754219532013:0.087362155318260193] [-0.019154570996761322:0.03331611305475235] [0.058839365839958191:1.3331929445266724] [-0.68251430988311768:0.37234589457511902] [-0.45500952005386353:0.24823059141635895] [0.54999750852584839:20.838289260864258] [-0.73918247222900391:0.64803445339202881] [0.00029702627216465771:0.12478898465633392] [-0.20133832097053528:6.6371955871582031] [0.0030033099465072155:0.068119905889034271] [0.00077884900383651257:0.1015680804848671] [0.00060278212185949087:0.10606435686349869] [0.0009678724454715848:0.12189016491174698] [-0.92667949199676514:0.69129890203475952] [-0.53334718942642212:0.95242947340011597] [0.52124738693237305:2.4336442947387695] [0.74110692739486694:13.16800594329834] [-0.14869444072246552:0.85883766412734985] [-0.051502376794815063:0.078376173973083496] [-0.023107022047042847:0.028890799731016159] [0.075940743088722229:1.3493324518203735] [-0.62629365921020508:0.47206497192382812] [-0.41752910614013672:0.31470999121665955] [0.51905542612075806:16.121042251586914] [-0.76680052280426025:0.66383320093154907] [0.00096661655697971582:0.11570115387439728] [0.038055092096328735:5.4787454605102539] [0.0047499630600214005:0.063648916780948639] [0.00013934510934632272:0.057334594428539276] [0.00037848856300115585:0.13944584131240845] [0.001162094296887517:0.0946182981133461] [8.7359796452801675e-05:0.056247718632221222] [0.00020769448019564152:0.13587096333503723] [0.00086387264309450984:0.10421067476272583] [0.00013862950436305255:0.041348189115524292] [0.00036991818342357874:0.098085485398769379] [0.0010375643614679575:0.11288979649543762] [5.9450012486195192e-05:0.043135907500982285] [0.00016205012798309326:0.10349604487419128] [-0.76532232761383057:0.57410627603530884] [0.0056366762146353722:0.61899447441101074] [0.013667479157447815:1.4442681074142456] [-0.47200977802276611:0.90110045671463013] [0.0069924765266478062:0.33090206980705261] [0.019538119435310364:0.93477720022201538] [0.65119457244873047:2.182037353515625] [0.0025223090779036283:0.41032814979553223] [0.0068764686584472656:1.0973775386810303] [0.70219159126281738:11.307299613952637] [0.0044348509982228279:6.2047038078308105] [0.010684490203857422:14.509904861450195] [-0.17666497826576233:0.80848991870880127] [0.0027742914389818907:0.23240920901298523] [0.0066825002431869507:0.56826877593994141] [-0.047311302274465561:0.072777703404426575] [0.00013662870333064348:0.025470325723290443] [0.00036786682903766632:0.063208967447280884] [-0.019673701375722885:0.026835240423679352] [8.2676582678686827e-05:0.011096309870481491] [0.00020690914243459702:0.027005845680832863] [0.10791394859552383:1.4363573789596558] [0.0069074882194399834:0.28013092279434204] [0.017197370529174805:0.68113195896148682] [-0.54902583360671997:0.31863737106323242] [0.002048473572358489:0.2120557427406311] [0.0055853873491287231:0.53294038772583008] [-0.36601722240447998:0.21242493391036987] [0.0013656500959768891:0.141370490193367] [0.0037235952913761139:0.35529357194900513] [0.54670006036758423:16.087482452392578] [0.0078243156895041466:8.4280061721801758] [0.018833816051483154:21.0755615234375] [-0.68029731512069702:0.6192173957824707] [0.0024984306655824184:0.38818404078483582] [0.0069410987198352814:0.99310111999511719] [0.00086616375483572483:0.11041006445884705] [9.2273548943921924e-05:0.03941524401307106] [0.00022974493913352489:0.094380840659141541] [0.13568563759326935:4.1349678039550781] [0.013820083811879158:1.751075267791748] [0.035761922597885132:4.5676259994506836]
tree_sizes=3177 2823 2804 3465 3439 3422 3441 3451 3433 3456 3443 3439 3452 3452 3449 3448 3439 3437 3445 3438 3448 3456 3433 3446 3459 3444 3442 3453 3429 3433 3459 3423 3441 3467 3440 3450 3441 3442 3449 3456 3450 3455 3461 3424 3459 3448 3455 3442 3460 3448 3447 3448 3449 3442 3440 3450 3448 3436 3454 3440 3457 3425 3450 3441 3429 3446 3450 3445 3456 3454 3458 3475 3449 3454 3460 3447 3433 3471 3457 3455 3431 3456 3433 3455 3463 3443 3453 3461 3435 3448 3455 3448 3446 3455 3447 3455 3452 3427 3433 3452 3451 3448 3450 3446 3446 3456 3448 3441 3439 3450 3432 3445 3446 3428 3444 3433 3442 3459 3464 3455 3441 3449 3441 3453 3449 3423 3440 3443 3430 3469 3451 3452 3457 3423 3461 3454 3451 3436 3440 3453 3426 3457 3450 3438 3455 3461 3460 3457 3452 3425 3460 3439 3457 3461 3456 3462 3456 3438 3476 3456 3452 3472 3445 3460 3451 3457 3435 3461 3451 3449 3441 3455 3450 3435 3452 3445 3444 3470 3433 3467 3469 3448 3470 3468 3451 3461 3459 3454 3460

Tree=0
num_leaves=29
num_cat=0
split_feature=0 41 119 0 28 68 105 55 41 16 20 46 9 7 68 33 64 4 38 124 59 32 9 12 95 0 0 0
split_gain=542.473 32.0299 21.9875 21.4175 9.97411 7.92919 8.78169 6.87222 7.48521 7.10179 4.39629 4.30445 2.82311 2.75381 2.61938 2.47218 2.06116 1.50666 1.08834 0.912615 0.883156 0.69925 0.300932 0.210051 0.862419 0.122049 0.0881813 2.84217e-14
threshold=0.013244625646620991 0.017047367990016941 1.6065176725387575 0.011098390910774471 0.77955919504165661 0.015856837853789333 0.0058959894813597211 2.6029773950576787 0.012858245056122543 0.002947180531919003 0.021243219263851646 0.69685068726539623 0.033370524644851692 2.5266482830047612 0.018985471688210968 0.011300651356577875 0.71769738197326671 -0.0360447559505701 0.26691915094852453 0.26053228974342352 0.048536548390984542 0.035479590296745307 0.019805597141385082 0.11287875473499299 0.83037537336349498 0.01923040580004454 0.018511842936277393 0.021699723787605766
decision_type=2 2 2 2 2 2 2 2 2 2 2 2 2 2 2 2 2 2 2 2 2 2 2 2 2 2 2 2
left_child=3 2 15 14 7 -5 11 8 -4 -9 12 -7 -3 -11 18 26 17 -14 22 20 23 -21 -1 24 -12 -25 -2 -27
right_child=1 10 4 5 -6 6 -8 9 -10 13 19 -13 16 -15 -16 -17 -18 -19 -20 21 -22 -23 -24 25 -26 27 -28 -29
leaf_value=-0.60545275958498057 -0.73218511441812417 -0.69034524607608161 -0.62348012158116028 -0.61434625816976263 -0.72284694090410317 -0.71217474260236469 -0.6187930074621536 -0.65145361433385307 -0.68549424684801874 -0.68168274745454072 -0.71884486654095126 -0.66326050038606366 -0.73885523835671074 -0.72217992851024448 -0.6312725941859606 -0.70550461866377823 -0.70725991443709046 -0.71217474260236469 -0.62546313140074006 -0.71217474260236469 -0.71979774138932073 -0.73305513058402683 -0.61353775829841872 -0.73218511441812428 -0.73885523835671074 -0.73885523835671074 -0.73885523835671074 -0.73885523835671074
leaf_weight=165.66408812999725 7.4961125850677552 8.2457238435745221 13.867808282375337 11.244168877601622 9.3701407313346845 7.4961125850677552 7.4961125850677481 10.869363248348238 7.4961125850677481 7.8709182143211391 7.4961125850677517 11.244168877601622 17.990670204162598 8.9953351020812971 11.618974506855009 8.9953351020812971 14.242613911628721 7.4961125850677517 7.4961125850677481 7.4961125850677517 7.8709182143211356 8.6205294728279096 12.368585765361784 7.4961125850677481 19.11508709192276 8.6205294728279096 14.617419540882109 71.962680816650391
leaf_count=442 20 22 37 30 25 20 20 29 20 21 20 30 48 24 31 24 38 20 20 20 21 23 33 20 51 23 39 192
internal_value=-0.670735 -0.71822 -0.693644 -0.614829 -0.675575 -0.649476 -0.664531 -0.666553 -0.645239 -0.68297 -0.730015 -0.682826 -0.716969 -0.703281 -0.608243 -0.727604 -0.722495 -0.731008 -0.6068 -0.734529 -0.736 -0.723343 -0.606014 -0.737111 -0.733219 -0.738288 -0.736594 -0.738855
internal_weight=510.86 276.232 89.5785 234.628 58.4697 37.4806 26.2364 49.0995 21.3639 27.7356 186.653 18.7403 47.9751 16.8663 197.148 31.1089 39.7294 25.4868 185.529 138.678 122.561 16.1166 178.033 114.691 26.6112 88.0793 22.1135 80.5832
internal_count=1363 737 239 626 156 100 70 131 57 74 498 50 128 45 526 83 106 68 495 370 327 43 475 306 71 235 59 215
is_linear=0
shrinkage=1


Tree=1
num_leaves=26
num_cat=0
split_feature=119 0 54 16 105 12 20 25 25 105 41 122 77 5 66 89 84 4 93 35 74 33 22 0 4
split_gain=428.5 51.1701 48.7973 20.8535 17.6116 12.7408 8.08796 7.5314 7.23935 7.13642 5.73342 10.6759 3.09814 2.83832 4.93128 2.28338 2.18153 1.63817 0.964168 0.636359 0.61525 0.591113 0.146425 1.42109e-14 1.42109e-14
threshold=1.5781089067459109 0.012193087954074146 0.09887987002730371 0.011604296509176494 0.006253753788769246 0.14170600473880771 0.016780691221356395 0.0044350011739879855 0.0073575866408646115 0.0032784378854557876 0.017735534347593788 -0.22321567684412 0.046787796542048461 0.46412611007690435 2.0673197507858281 -0.5595296025276183 0.00081874194438569259 0.23310463130474093 0.045465918257832534 0.059583678841590888 -0.073567196726798997 0.013310611713677646 0.0049542554188519725 0.020636261440813545 -0.084101546555757509
decision_type=2 2 2 2 2 2 2 2 2 2 2 2 2 2 2 2 2 2 2 2 2 2 2 2 2
left_child=1 -1 3 6 5 7 19 -4 -3 -8 -6 -12 17 14 -11 -15 -17 21 -18 23 22 -10 -20 -2 -24
right_child=2 8 4 -5 10 -7 9 -9 12 13 11 -13 -14 15 -16 16 18 -19 20 -21 -22 -23 24 -25 -26
leaf_value=-1.3150941772682123 -1.322625581071486 -1.214069484872577 -1.3000313696616652 -1.2247173316289293 -1.322625581071486 -1.1909225709732145 -1.2673952865141462 -1.2247173316289293 -1.156934697399467 -1.322625581071486 -1.310790517952056 -1.2305750901425865 -1.1920812484814103 -1.2831753706733862 -1.2634502654743363 -1.2924999658583916 -1.2989554548326261 -1.1799473201316917 -1.3143410368878852 -1.3060564927042841 -1.3084235053281701 -1.1735037857666688 -1.322625581071486 -1.322625581071486 -1.322625581071486
leaf_weight=6.6388685703277579 139.41623997688293 8.7512358427047712 6.6388685703277606 6.6388685703277579 8.1477023363113421 11.768903374671934 11.768903374671934 6.6388685703277588 49.791514277458191 6.0353350639343253 8.4494690895080584 8.1477023363113386 9.9583028554916364 6.3371018171310416 8.4494690895080549 9.9583028554916364 6.3371018171310416 10.863603115081785 6.0353350639343182 6.0353350639343253 10.561836361885076 6.0353350639343253 38.92791116237639 6.0353350639343253 6.9406353235244884
leaf_count=22 462 29 22 22 27 39 39 22 165 20 28 27 33 21 28 33 21 36 20 20 35 20 129 20 23
internal_value=-1.27643 -1.18138 -1.30383 -1.31224 -1.25836 -1.2288 -1.31445 -1.26237 -1.17099 -1.30422 -1.28828 -1.27141 -1.16607 -1.30857 -1.28811 -1.31205 -1.31437 -1.16218 -1.31754 -1.32197 -1.31942 -1.15873 -1.32166 -1.32263 -1.32263
internal_weight=411.308 92.0389 319.269 269.478 49.7915 25.0466 262.839 13.2777 85.4 111.352 24.7449 16.5972 76.6488 99.583 14.4848 85.0982 78.7611 66.6905 68.8028 151.487 62.4657 55.8268 51.9039 145.452 45.8685
internal_count=1363 305 1058 893 165 83 871 44 283 369 82 55 254 330 48 282 261 221 228 502 207 185 172 482 152
is_linear=0
shrinkage=1


Tree=2
num_leaves=26
num_cat=0
split_feature=104 104 55 98 9 22 9 113 78 50 9 75 77 129 6 92 17 24 3 9 47 56 29 0 0
split_gain=426.507 46.7524 43.3488 29.143 16.7917 16.0371 10.9603 9.58565 12.698 7.05966 5.70948 8.43093 2.67838 3.2282 4.6373 2.01297 2.88304 1.84955 0.708817 0.49999 1.23609 0.195771 0.150918 2.84217e-14 1.42109e-14
threshold=0.034006925299763686 0.049704389646649368 2.7302761077880864 3.4551857709884648 0.030997752211987976 0.010912525933235885 0.04089003428816796 0.16946437209844592 0.0027702485676854853 0.042750980705022819 0.019805597141385082 0.0019228063756600024 0.026348091661930088 0.094378184527158751 1.0754549503326418 0.63422012329101574 0.53679171204566967 0.0030937129631638531 0.087113156914711012 0.02811282500624657 0.83318495750427257 -0.36528350412845606 0.82644093036651622 0.033074734732508666 0.042386032640933997
decision_type=2 2 2 2 2 2 2 2 2 2 2 2 2 2 2 2 2 2 2 2 2 2 2 2 2
left_child=3 2 7 15 10 12 9 8 -2 -4 -5 -12 13 -3 -15 18 -17 -8 19 21 -21 -1 -14 -24 -23
right_child=1 5 6 4 -6 -7 17 -9 -10 -11 11 -13 22 14 -16 16 -18 -19 -20 20 -22 24 23 -25 -26
leaf_value=-1.5947892407420725 -1.5856862383936838 -1.4036261914259109 -1.5344219620106532 -1.599260891018474 -1.4781536960326016 -1.5086127631327273 -1.4036261914259107 -1.5893716644456632 -1.4864832406651141 -1.4557954446505943 -1.4994472687773703 -1.5873526919128398 -1.4136874045478143 -1.4790852898401852 -1.4136874045478141 -1.6048504538639758 -1.5657235139454633 -1.4438710439135238 -1.5847280276201694 -1.6048504538639758 -1.5746668144982661 -1.6048504538639758 -1.4036261914259107 -1.4036261914259107 -1.6048504538639758
leaf_weight=4.969579577445983 5.2180585563182857 5.9634954929351833 4.9695795774459857 8.9452432394027763 6.7089324295520774 5.7150165140628806 6.7089324295520765 9.6906801760196668 8.4482852816581708 6.7089324295520782 5.2180585563182813 5.7150165140628815 4.9695795774459866 5.9634954929351789 4.9695795774459839 9.9391591548919695 8.9452432394027692 4.9695795774459839 4.969579577445983 10.684596091508864 4.969579577445983 169.71114256978035 6.7089324295520774 8.1998063027858716 8.69676426053047
leaf_count=20 21 24 20 36 27 23 27 39 34 27 21 23 20 24 20 40 36 20 20 43 20 683 27 33 35
internal_value=-1.56248 -1.46865 -1.50317 -1.59603 -1.54655 -1.43069 -1.455 -1.55133 -1.52436 -1.48925 -1.56964 -1.5454 -1.41858 -1.43322 -1.44936 -1.60193 -1.58632 -1.42075 -1.60338 -1.60385 -1.59527 -1.60458 -1.40614 -1.40363 -1.60485
internal_weight=338.677 89.204 46.714 249.473 26.5873 42.4899 23.357 23.357 13.6663 11.6785 19.8783 10.9331 36.7749 16.8966 10.9331 222.886 18.8844 11.6785 204.001 199.032 15.6542 183.377 19.8783 14.9087 178.408
internal_count=1363 359 188 1004 107 171 94 94 55 47 80 44 148 68 44 897 76 47 821 801 63 738 80 60 718
is_linear=0
shrinkage=1


Tree=3
num_leaves=31
num_cat=0
split_feature=0 41 0 73 28 126 33 69 106 46 20 58 9 69 64 60 48 38 124 59 78 11 10 123 37 20 69 88 40 120
split_gain=484.824 28.4125 19.5601 17.9671 8.16933 8.62406 8.0673 7.25682 8.09208 3.99042 3.91338 3.3806 2.54223 2.30091 1.93005 1.43092 1.14887 0.998634 0.838926 0.810123 0.706463 0.272063 0.2224 0.251187 0.0920592 0.00217931 0.000933949 0.000780542 0.000562629 0.000556101
threshold=0.013244625646620991 0.017047367990016941 0.011098390910774471 1.391135096549988 0.75940749049186718 0.00099980202503502391 0.013111303560435774 0.0054264953359961518 0.015426763333380224 0.69685068726539623 0.021243219263851646 0.75419107079505932 0.033370524644851692 0.0065478081814944753 0.71769738197326671 0.0038252210943028335 2.0655841827392583 0.26691915094852453 0.26053228974342352 0.048536548390984542 0.0052072310354560622 0.2407195717096329 0.024653916247189048 0.079175248742103591 1.0840371251106264 0.025608269497752193 0.0047480540815740832 0.0014275403227657082 0.36084595322608953 0.23618184775114062
decision_type=2 2 2 2 2 2 2 2 2 2 2 2 2 2 2 2 2 2 2 2 2 2 2 2 2 2 2 2 2 2
left_child=2 3 13 16 5 -5 11 -4 9 -9 12 -7 -3 17 15 -14 24 21 19 22 -20 -1 23 25 -2 27 -23 -12 -17 -27
right_child=1 10 7 4 -6 6 -8 8 -10 -11 18 -13 14 -15 -16 28 -18 -19 20 -21 -22 26 -24 -25 -26 29 -28 -29 -30 -31
leaf_value=0.054456919747136102 -0.057738830426544221 -0.0184439333070151 0.053528867802805441 0.037816384213125803 -0.040786713652922246 -0.013494534049001573 0.021771684825160339 -0.040352021757202011 0.049438732524041816 0.006746092833173855 -0.064518658356868944 -0.054528132931617103 -0.038835220980292094 0.037686890110314925 -0.034209638813958707 -0.064507895765397893 -0.041017226220508587 0.042742424011001763 -0.059311031645140094 -0.046167051962141409 -0.038321051163715411 0.061906881829883013 -0.056519546000145728 -0.057068370345120113 -0.064943332076527638 -0.064279662542383639 0.062240905019528052 -0.065155161298526859 -0.065075176982980987 -0.06465977231533819
leaf_weight=13.053522527217863 7.4906555414199891 8.2479770183563215 11.197666287422178 13.103975087404249 13.49467560648918 13.859828948974611 12.728190064430235 7.4985272586345735 7.4711604714393607 11.23639929294586 7.4910349547863033 7.8693746328353873 7.495193928480151 11.595417171716688 14.245790004730223 7.4911604821682003 10.114771127700804 7.4711247980594626 8.6184553802013415 7.8709840178489676 7.4947648346424094 139.42011484503746 12.732869088649748 13.110964924097059 10.866210788488386 56.169531255960464 24.623094528913498 13.490767091512678 10.493379592895506 11.611319333314894
leaf_count=35 20 22 30 35 36 37 34 20 20 30 20 21 20 31 38 20 27 20 23 21 20 374 34 35 29 150 66 36 28 31
internal_value=-4.72434e-05 -0.0449013 0.0529732 -0.0217469 -0.0064511 0.00329101 -0.00983882 0.0198372 0.00544094 -0.0121046 -0.0560125 -0.0283551 -0.0437042 0.0592915 -0.0489488 -0.0571896 -0.054548 0.0606488 -0.060273 -0.061684 -0.0495479 0.0614042 -0.0627497 -0.0635284 -0.0620035 -0.0644826 0.061957 -0.0649279 -0.0648389 -0.0643448
internal_weight=509.659 276.092 233.567 89.5277 61.056 47.5614 34.4574 37.4038 26.2061 18.7349 186.564 21.7292 47.9735 196.163 39.7255 25.4797 28.4716 184.568 138.591 122.477 16.1132 177.097 114.606 101.874 18.3569 88.7627 164.043 20.9818 17.9845 67.7809
internal_count=1363 737 626 239 163 127 92 100 70 50 498 58 128 526 106 68 76 495 370 327 43 475 306 272 49 237 440 56 48 181
is_linear=0
shrinkage=0.05


Tree=4
num_leaves=31
num_cat=0
split_feature=14 54 0 105 77 32 16 71 1 50 122 23 106 32 25 23 0 89 115 32 105 104 129 32 4 0 25 77 77 98
split_gain=363.584 53.0455 40.8675 13.3948 12.1426 11.2454 11.2352 6.84258 6.39132 6.15161 10.9464 4.2067 3.49048 6.98135 2.85642 2.82035 1.88553 1.69334 1.56714 1.13796 4.31952 0.149677 0.146365 0.00686314 0.00382199 0.00466463 0.00122132 0.00105948 0.000406655 0.000263551
threshold=1.572840213775635 0.09887987002730371 0.013424635864794256 0.006253753788769246 0.013387130573391916 0.041230443865060813 0.010362408589571716 0.25097855925560003 0.004020657856017352 0.045460000634193427 -0.22321567684412 0.0024679293856024746 0.018108496442437175 0.030910509638488296 0.0067086978815495977 0.075024299323558821 0.01835036184638739 -0.13683939725160596 0.16440982371568683 0.028193961828947071 0.0051396312192082414 0.036110758781433112 0.060356946662068374 0.024058781564235691 0.23310463130474093 0.047255503013730056 0.018732843920588497 0.011136179324239494 0.012005349621176721 4.1335825920104989
decision_type=2 2 2 2 2 2 2 2 2 2 2 2 2 2 2 2 2 2 2 2 2 2 2 2 2 2 2 2 2 2
left_child=2 6 -1 4 -3 14 8 -6 19 -5 -11 -10 13 17 -4 16 -16 28 21 27 -21 -14 -18 24 25 26 -24 -2 -13 -22
right_child=1 3 5 9 7 -7 -8 -9 11 10 -12 12 18 -15 15 -17 22 -19 -20 20 29 -23 23 -25 -26 -27 -28 -29 -30 -31
leaf_value=-0.022340483284572263 -0.045235136143355954 -0.011726117649307088 0.064100891608188257 -0.045604710770725303 0.035681964047663765 0.028707618162245707 0.027483296909033051 0.094608484370858573 0.0072669059297524978 -0.033401786789567123 0.046810648091455354 -0.045382391007323157 -0.037030235293192347 0.015627551141208566 0.081304671466351036 0.071622562228583334 0.098354676681829387 -0.013853741926000994 -0.018858850116206673 -0.0038502568020710617 -0.04532358760037436 -0.045822810747881512 0.10615144944663567 0.10735013693831466 0.10707258809709559 0.10702528417838367 0.1053759308220532 -0.045600908604767815 -0.045949282114701943 -0.045650468737978261
leaf_weight=8.5683567225933057 115.74471294879913 7.2360338270664242 6.2719073295593253 7.369337439537051 10.254156082868578 6.565094679594039 6.7374997437000266 9.4820353388786298 8.422915041446684 8.0356123447418248 9.0363571047782862 6.7268217504024523 5.8808307647705069 10.522814989089964 9.26668533682823 8.3385376930236799 6.4641531109809867 6.2477933764457729 7.424622267484664 8.3329952061176282 12.255493551492693 27.35289078950882 6.4621195197105434 12.202595084905623 7.0751016139984122 6.4332686960697165 23.680926859378815 23.882523000240326 5.9720174372196198 12.410672903060911
leaf_count=29 398 24 20 25 33 21 22 30 28 27 29 23 20 35 29 26 20 21 25 28 42 92 20 38 22 20 73 81 20 42
internal_value=-6.32004e-05 -0.0269903 0.0821376 0.0193847 0.043679 0.0917883 -0.0362348 0.0639926 -0.037944 -0.00742524 0.00905542 -0.0261203 -0.0301303 -0.0170278 0.0965929 0.0991427 0.102348 -0.0351643 -0.0396272 -0.0433242 -0.0349736 -0.0442669 0.105478 0.106302 0.106009 0.105803 0.105542 -0.0452977 -0.045649 -0.0454881
internal_weight=410.657 309.328 101.329 51.4135 26.9722 92.7604 257.915 19.7362 251.177 24.4413 17.072 78.5507 70.1278 29.4694 86.1953 79.9234 71.5849 18.9466 40.6583 172.626 32.9992 33.2337 62.3182 55.854 43.6514 36.5763 30.143 139.627 12.6988 24.6662
internal_count=1363 1045 318 168 87 289 877 63 855 81 56 264 236 99 268 248 222 64 137 591 112 112 193 173 135 113 93 479 43 84
is_linear=0
shrinkage=0.05


Tree=5
num_leaves=31
num_cat=0
split_feature=9 37 98 9 47 9 25 58 92 27 107 66 18 11 115 99 18 16 28 9 66 130 119 0 9 59 24 86 3 33
split_gain=359.617 38.3284 33.2251 28.0893 19.6637 13.649 9.25483 6.03666 5.9384 4.74562 4.58985 4.273 10.4736 3.27127 1.52 1.0562 0.751043 0.719643 0.552723 0.514255 1.23303 0.0193807 0.000942607 0.000600161 8.75173e-05 5.49856e-05 4.16081e-05 3.93077e-05 2.20476e-05 9.10358e-06
threshold=0.036490825936198241 1.5623779296875002 3.7475500106811528 0.046435941010713584 0.82099229097366344 0.030697572976350788 0.002520194742828608 0.90316247940063488 0.59606155753135692 -0.28169560432434076 0.011929956264793875 2.637470126152039 0.024086658842861656 0.28373442590236669 0.16349980235099795 0.25383958220481878 0.0143178952857852 0.076546747237443938 0.70866212248802196 0.02811282500624657 2.111461997032166 0.25598251819610601 2.6784102916717534 0.01130182482302189 0.022197037003934387 0.0085642542690038698 0.0087907677516341227 0.012928765267133715 0.031544376164674766 0.010349742136895658
decision_type=2 2 2 2 2 2 2 2 2 2 2 2 2 2 2 2 2 2 2 2 2 2 2 2 2 2 2 2 2 2
left_child=2 9 8 4 -3 7 -6 -4 17 -2 13 12 15 -10 16 -5 -13 19 -15 23 27 22 -18 -1 -20 -25 -27 -21 29 -28
right_child=1 3 5 11 6 -7 -8 -9 10 -11 -12 14 -14 18 -16 -17 21 -19 24 20 -22 -23 -24 25 -26 26 28 -29 -30 -31
leaf_value=-0.041580621108607496 0.030401432642453038 -0.011428335196223407 0.025687215466763058 0.13959959379474293 0.127380968195967 0.089901121770639913 0.051648240371062609 -0.041779252904890152 0.0022253158997749835 -0.033387313991563937 0.025707378684914319 0.11879414807686767 0.053124012725393112 -0.025957243415214128 0.1031450004518006 0.11040679826139251 0.13579708045699265 -0.021413868881668779 -0.041657229364416994 -0.042008285591914239 -0.011419862762603346 0.13833338772095907 0.13488811809036494 -0.041648994050267847 -0.041922933582840549 -0.041933240833774831 -0.041764489999100929 -0.041812249863562322 -0.0418107330081013 -0.041694668069926936
leaf_weight=109.23342306911945 6.1527511477470398 8.0607000589370745 9.5495564490556735 7.0876371562480944 7.0172664523124721 6.3805976808071128 9.4890809804201108 5.0790207386016837 7.8967259973287609 5.5420022159814817 5.1173986345529547 7.9854548573493984 7.805887594819068 9.456480875611307 5.4449522197246543 5.5048454403877258 5.5562980473041552 4.8804649263620368 5.0357506424188605 4.9114315509796125 4.9042254388332358 10.150072634220122 5.8605847358703613 7.428580790758132 8.0584744215011579 4.8865731954574576 15.224741265177729 5.3344313502311707 26.670777902007103 6.7329429537057868
leaf_count=458 24 32 38 26 26 24 36 21 32 22 20 29 30 39 20 20 20 20 21 20 20 37 21 31 33 20 63 22 110 28
internal_value=0.00014783 0.084719 -0.0312629 0.0970841 0.0525843 0.0288791 0.0838441 0.00226296 -0.0368594 0.000172717 -0.0181063 0.116819 0.0986296 -0.0254702 0.127421 0.126838 0.131894 -0.0403658 -0.0351685 -0.0408649 -0.0320375 0.136744 0.13533 -0.0416508 -0.0418207 -0.0417765 -0.0417942 -0.0419062 -0.0417802 -0.0417431
internal_weight=338.439 91.6575 246.782 79.9628 24.567 21.0092 16.5063 14.6286 225.772 11.6948 35.5648 55.3957 20.3984 30.4474 34.9974 12.5925 29.5524 190.208 22.5507 185.327 15.1501 21.567 11.4169 170.177 13.0942 60.9436 53.515 10.2459 48.6285 21.9577
internal_count=1363 343 1020 297 94 83 62 59 937 46 145 203 76 125 127 46 107 792 93 772 62 78 41 710 54 252 221 42 201 91
is_linear=0
shrinkage=0.05


Tree=6
num_leaves=31
num_cat=0
split_feature=0 0 0 105 55 119 4 42 50 98 5 12 78 130 102 20 10 73 44 19 24 61 64 92 38 108 89 98 60 64
split_gain=434.062 22.4605 18.1188 7.41136 6.80549 12.6866 6.34118 5.21217 6.75438 6.82305 5.55743 4.91371 4.58026 3.02286 2.98823 1.83457 1.73925 1.61473 1.554 3.25463 0.853211 0.666049 0.544923 1.21233 0.416219 0.399692 0.288486 0.134941 0.00460343 0.00387614
threshold=0.013244625646620991 0.017798197455704216 0.01103473547846079 0.0035917626228183512 2.8992326259613042 1.5781089067459109 -0.073791671544313417 0.0086878570728003996 0.036192236468195922 1.8662559390068056 0.71879780292510997 0.11464989930391313 0.0028305952437222008 0.42815090715885168 0.092458032071590437 0.021243219263851646 0.0066562544088810691 2.1517364978790288 0.0020723849302157764 0.019866477698087696 0.079980377107858672 0.0040885959751904019 0.77481961250305187 0.80247515439987194 -0.2169421315193176 0.0059160322416573772 -0.2801020592451095 0.84648606181144725 0.016907599754631523 0.48415805399417883
decision_type=2 2 2 2 2 2 2 2 2 2 2 2 2 2 2 2 2 2 2 2 2 2 2 2 2 2 2 2 2 2
left_child=2 3 16 11 5 -5 12 8 9 -3 -11 -2 -4 -7 -6 -14 21 -18 24 -20 22 29 25 -24 -10 27 -21 -9 -29 -1
right_child=1 7 6 4 14 13 -8 20 18 10 -12 -13 15 -15 -16 -17 17 -19 19 26 -22 -23 23 -25 -26 -27 -28 28 -30 -31
leaf_value=0.059131812603382072 -0.010483043732099602 -0.04996136579701517 0.0046687836384675923 -0.042713604669656735 -0.051340655969916917 0.015275829854194052 -0.010207366620976672 -0.054426507203021571 -0.04869423964533804 0.026223342794773358 -0.032113243926871295 -0.060244712746069767 0.061454313977845246 0.057252604126611983 -0.012728633973873669 0.028943268953137587 0.055263335421754933 0.026359308444435261 -0.017163368042964266 -0.048339963062855498 -0.043700199635787938 0.046533686713072446 -0.034955018514830571 -0.061186669413310059 -0.062336030966686419 -0.049074929630694611 -0.061933961660573002 -0.062000088489504029 -0.061197801700391199 0.060185385882230137
leaf_weight=151.98375010490417 7.8581714034080532 11.933980077505113 9.330001503229143 7.4680025875568417 7.8496720194816616 8.9733464717865008 12.301618129014967 7.4383072257041922 7.453131407499316 8.9762524366378802 7.4884023070335379 13.455202370882033 10.406873822212221 8.2154507637023908 13.855380326509474 7.4424029886722556 11.097411453723909 8.5584117174148542 8.5935751497745532 7.4486069679260245 10.815691620111464 11.107137590646742 7.445779591798785 10.78404727578163 22.383871674537659 7.822551578283309 8.1982952356338483 26.839416742324829 53.560613721609116 9.2619055509567243
leaf_count=412 21 32 25 20 21 24 33 20 20 24 20 36 28 22 37 20 30 23 23 20 29 30 20 29 60 21 22 72 144 25
internal_value=-1.76416e-05 -0.0425024 0.0504264 -0.0174939 -0.00627502 0.0116984 0.0195778 -0.0506713 -0.0409196 -0.0211745 -0.000309119 -0.0418977 0.0330588 0.0353388 -0.0266927 0.0478986 0.0567695 0.0426781 -0.0512886 -0.041885 -0.0571208 0.0583766 -0.0583953 -0.0504726 -0.0589284 -0.059905 -0.0554626 -0.0608695 -0.0614656 0.0591923
internal_weight=506.347 274.858 231.49 67.6752 46.3619 24.6568 39.4809 207.183 82.4761 28.3986 16.4647 21.3134 27.1793 17.1888 21.7051 17.8493 192.009 19.6558 54.0775 24.2405 124.706 172.353 113.891 18.2298 29.837 95.6609 15.6469 87.8383 80.4 161.246
internal_count=1363 737 626 181 124 66 106 556 221 76 44 57 73 46 58 48 520 53 145 65 335 467 306 49 80 257 42 236 216 437
is_linear=0
shrinkage=0.05


Tree=7
num_leaves=31
num_cat=0
split_feature=119 2 0 113 45 108 68 123 61 77 10 79 30 27 77 15 72 45 101 3 5 21 123 38 103 32 0 68 2 106
split_gain=324.505 42.5119 34.8498 22.9223 12.1481 8.94307 12.4792 6.07875 5.9314 6.10951 5.27359 4.85926 10.4387 2.95128 2.05158 1.5481 1.46387 1.41719 1.22541 2.15527 0.961612 0.798168 0.215104 0.441837 0.130432 0.0394008 0.00646269 0.0061439 0.00508294 0.00207541
threshold=1.5781089067459109 0.004400388104841114 0.012193087954074146 0.1794640123844147 0.0083535113371908682 0.0013612694456242027 0.022962686605751518 0.12847729027271274 0.0034296839730814104 0.016662770882248882 0.01599712856113911 0.0076648974791169175 2.1836955547332768 -0.17038638144731519 0.046787796542048461 0.25670242309570318 0.17080561071634295 -0.3641171902418136 0.3795000314712525 0.0069277531001716861 0.76852363348007213 0.018276215530931953 0.03258930146694184 -0.18049231916666028 0.037070535123348243 0.032245514914393432 0.021985122002661232 0.017418975010514263 0.053637836128473289 0.019852064549922947
decision_type=2 2 2 2 2 2 2 2 2 2 2 2 2 2 2 2 2 2 2 2 2 2 2 2 2 2 2 2 2 2
left_child=2 8 -1 4 5 6 -3 -6 17 -10 14 12 -7 16 15 21 18 -2 19 -13 -11 -4 23 -19 -23 26 -26 -24 -28 -20
right_child=1 3 10 -5 7 11 -8 -9 9 20 -12 13 -14 -15 -16 -17 -18 22 29 -21 -22 24 27 -25 25 -27 28 -29 -30 -31
leaf_value=-0.036842056238539637 -0.024101215618691833 -0.025827160944987406 0.07929840852331721 0.06473425286483242 0.072139811475918164 0.043263475308564302 0.064888485167969481 0.0020814882952443297 0.016805855229326681 -0.01957909011987825 0.041572500210365959 -0.0052413210062878177 -0.032471850710693258 0.00050684967669036571 0.067753636608737441 0.067905925984667756 -0.012523762060576926 -0.027262682402640466 -0.046184607000005679 -0.046279622048607236 -0.045449364865864615 0.088484193067043804 -0.044337370652239048 -0.04464257955852538 0.096421442967406498 0.099420019770354875 0.094750207872572823 -0.045062403741388139 0.096260015413451319 -0.045123985872597888
leaf_weight=6.2806209921836844 9.5260619223117811 7.616950720548628 9.2901126742362958 11.903980523347853 6.2632748782634717 7.7369005084037807 7.5476275682449341 6.1232816576957703 8.807499051094057 5.8247686028480521 6.5858347713947287 6.1844284832477481 11.044662207365034 6.4891724586486879 11.026181280612944 6.7473024725913993 5.9684604704380027 5.6992705762386313 5.9985827207565334 6.6284189522266388 9.3707664608955366 6.804886817932128 107.74483779072762 10.204290241003035 10.516963273286818 6.6838610768318167 31.126855164766312 40.091625243425369 6.7907397449016562 19.9591443836689
leaf_count=22 33 26 28 37 20 25 24 20 30 20 20 21 37 22 33 20 20 20 20 22 32 20 385 36 31 20 91 139 20 69
internal_value=-7.88672e-05 -0.0257559 0.0772481 -0.000767601 -0.00875987 -0.0154882 0.0193233 0.0375066 -0.0396219 -0.016328 0.0847457 -0.0230286 -0.00127335 -0.0310046 0.0879409 0.090796 -0.0355752 -0.0428489 -0.0391238 -0.0264715 -0.0355327 0.0929648 -0.0439396 -0.0384142 0.0950151 0.0958214 0.0953248 -0.044534 0.0950206 -0.0453691
internal_weight=408.587 306.734 101.853 109.465 97.5609 85.1743 15.1646 12.3866 197.269 24.003 95.5727 70.0098 18.7816 51.2282 88.9869 77.9607 44.739 173.266 38.7706 12.8128 15.1955 71.2134 163.74 15.9036 61.9233 55.1184 48.4346 147.836 37.9176 25.9577
internal_count=1363 1058 305 363 326 286 50 40 695 82 283 236 62 174 263 230 152 613 132 43 52 210 580 56 182 162 142 524 111 89
is_linear=0
shrinkage=0.05


Tree=8
num_leaves=31
num_cat=0
split_feature=104 28 98 107 121 0 102 9 39 128 51 0 92 44 9 17 24 43 42 17 115 68 77 14 0 10 10 37 8 8
split_gain=324.976 30.6392 26.6606 22.4922 24.8461 13.5213 8.27948 6.26544 6.26399 5.85884 3.3628 2.38905 1.96887 1.82707 1.69672 4.43202 0.800039 1.09284 0.755326 0.164959 0.128656 0.0587578 0.0132042 0.00341584 0.00217004 0.00021671 0.000135587 0.00012524 9.85283e-05 5.07769e-05
threshold=0.034006925299763686 0.50873649120330822 3.4551857709884648 0.016189479269087318 0.87581896781921398 0.011741342023015024 0.11106572300195695 0.04089003428816796 0.0081753912381827849 0.45468434691429144 0.015365431550890209 0.025076682679355148 0.57760959863662731 0.0014748148969374599 0.024769536219537262 0.53679171204566967 0.0051037422381341466 0.0016332471859641375 0.069963023066520705 0.76466551423072826 0.066124714910984053 0.055283455178141601 0.02631437219679356 2.8496925830841069 0.01130182482302189 0.0062142265960574159 0.010068289004266264 1.7098168134689333 0.27693620324134832 0.30418562889099127
decision_type=2 2 2 2 2 2 2 2 2 2 2 2 2 2 2 2 2 2 2 2 2 2 2 2 2 2 2 2 2 2
left_child=2 -2 12 4 9 13 -7 10 11 -3 -6 -5 18 -4 19 -16 17 -13 20 25 -1 -19 -23 -24 -22 -14 27 29 -28 -26
right_child=1 3 5 8 7 6 -8 -9 -10 -11 -12 16 14 -15 15 -17 -18 21 -20 -21 24 22 23 -25 26 -27 28 -29 -30 -31
leaf_value=-0.03427187280245008 -0.014118591742244033 -0.035475488977129634 -0.041394629634328377 0.082369638179352736 0.030527552495436386 0.086223074544419243 0.011915724332177698 0.11495360023472896 0.055866633749383811 0.034539569441814917 0.082979581650639386 0.096803809780144065 -0.041097127076713057 -0.0017559353044230696 -0.041591004179254841 0.0084365146060792207 0.10078810304624307 0.12473496586977362 -0.020749426352714376 -0.030303429915913917 -0.041027163413132117 0.12098618018488222 0.11918447342207833 0.11762756401418249 -0.041371850372749229 -0.041510013895932875 -0.04143819269846083 -0.041116333138455363 -0.041725937581170845 -0.041540410138853803
leaf_weight=7.0388799458742133 8.8164825737476331 7.0847547650337201 7.0473253726959246 7.8344961404800406 5.3901277184486407 6.9380099177360526 8.1548639386892301 9.0411149412393552 6.521561622619628 5.1670797169208527 7.0557389259338379 5.9566718637943259 5.7448549717664736 4.9482736885547638 8.8106915205717105 8.8983251154422742 11.256257921457289 6.1659923791885403 4.7877334058284751 4.6123091876506797 96.668443441390991 6.885918706655505 6.3457458615303022 7.9198884963989258 42.72651894390583 7.1127973943948746 7.7844219803810102 4.6013268977403632 4.815244197845459 4.9896038621664038
leaf_count=30 35 28 30 27 20 26 31 31 24 20 25 20 25 20 37 36 38 21 20 20 423 23 21 26 182 30 33 20 20 21
internal_value=0.000122084 0.0749485 -0.0320849 0.0834263 0.0508753 0.014581 0.0460739 0.0832755 0.102076 -0.00594739 0.0602634 0.107831 -0.0381451 -0.0250434 -0.0273599 -0.0164535 0.112311 0.116209 -0.040333 -0.0384155 -0.0408891 0.12044 0.119188 0.11832 -0.0411773 -0.0413255 -0.0414009 -0.0413655 -0.0415482 -0.0413895
internal_weight=337.121 101.442 235.68 92.6253 33.7388 27.0885 15.0929 21.487 58.8865 12.2518 12.4459 52.365 208.591 11.9956 35.179 17.709 44.5305 33.2742 173.412 17.47 168.624 27.3175 21.1516 14.2656 161.586 12.8577 64.9171 52.3174 12.5997 47.7161
internal_count=1363 359 1004 324 124 107 57 76 200 48 45 176 897 50 148 73 149 111 749 75 729 91 70 47 699 55 276 223 53 203
is_linear=0
shrinkage=0.05


Tree=9
num_leaves=31
num_cat=0
split_feature=0 41 0 119 28 68 105 49 62 10 46 20 16 74 77 117 68 64 38 5 59 56 46 25 7 93 75 30 80 107
split_gain=390.816 23.4272 16.7883 15.7977 8.13043 6.58573 7.32578 5.10996 4.93872 6.48818 3.62127 3.32519 2.87209 2.30066 4.9137 2.29464 2.02583 1.83543 0.898666 0.782803 0.755475 0.349746 0.316755 1.13422 0.24297 0.099181 0.00893175 0.00746189 0.00532454 0.00391357
threshold=0.013244625646620991 0.017047367990016941 0.011098390910774471 1.6065176725387575 0.77955919504165661 0.015856837853789333 0.0058959894813597211 0.44696450233459478 0.0041484734974801549 0.01120629394426942 0.69685068726539623 0.021243219263851646 0.0030055616516619925 -0.14987380057573316 0.021290818229317669 0.052309628576040275 0.018985471688210968 0.71769738197326671 0.26691915094852453 -0.30604645609855646 0.048536548390984542 -0.39391598105430597 0.83868917822837841 0.0051198613364249477 4.1236343383789071 0.068297870457172408 0.0074323683511465797 1.2388393282890322 0.0043014944531023511 0.018102329224348072
decision_type=2 2 2 2 2 2 2 2 2 2 2 2 2 2 2 2 2 2 2 2 2 2 2 2 2 2 2 2 2 2
left_child=2 3 16 15 7 -4 10 -5 9 -9 -7 13 -11 17 -15 -2 18 25 24 -13 21 -21 26 -24 28 -3 29 -17 -1 -23
right_child=1 11 5 4 -6 6 -8 8 -10 12 -12 19 -14 14 -16 27 -18 -19 -20 20 -22 22 23 -25 -26 -27 -28 -29 -30 -31
leaf_value=0.056574965050538065 -0.031571863137340291 -0.053184123611444381 0.049802829320777217 0.031455627751244802 -0.046831395398356616 -0.039830609994343721 0.045904447803413767 0.031568989840504429 -0.040559111685421395 0.0059821739167231274 0.0050772286016320146 -0.038734459528591482 -0.036391347793991315 0.003123612077750337 -0.053051437230581248 -0.058687171268062548 0.033802515843423919 -0.033472408598682238 0.03836590138174964 -0.045882994366690293 -0.039989382115645122 -0.060233905803453183 -0.058941811678986405 -0.038499825780554581 0.049570099232430109 -0.060764020223341153 -0.058479552450957463 -0.060737746201208989 0.057253194274416941 -0.058825134129362883
leaf_weight=121.98868861794472 12.210779786109926 7.3853385746479097 11.040621280670164 12.663275778293608 9.3248849213123304 7.4930397272110048 7.3813350200653067 12.315743595361711 7.8441431224346152 7.4829794466495541 11.197488635778425 7.3731446564197531 8.589021831750868 8.2158257365226728 7.398189276456832 11.040112018585207 11.467661798000334 14.138702630996702 7.3600011467933646 7.3814648687839499 7.4129382967948905 12.595510989427568 23.20822411775589 9.5893921852111799 12.774476826190947 10.382739990949629 60.646038562059402 7.4169893264770499 37.937527596950531 8.100207716226576
leaf_count=336 33 20 30 34 25 20 20 33 21 20 30 20 23 22 20 30 31 38 20 20 20 34 63 26 35 28 165 20 104 22
internal_value=2.21638e-06 -0.0404185 0.0482148 -0.019344 -0.0040454 0.0174359 0.00372954 0.00411439 -0.00544155 0.00426219 -0.0129263 -0.0506089 -0.0166626 -0.0392198 -0.0234931 -0.0483868 0.0541789 -0.0469159 0.0554766 -0.0545795 -0.0554856 -0.0564309 -0.0571131 -0.052965 0.0562058 -0.0576134 -0.0587856 -0.0595112 0.0567359 -0.0596825
internal_weight=501.356 272.716 228.641 88.8879 58.22 37.1125 26.0719 48.8952 36.2319 28.3877 18.6905 183.828 16.072 47.5208 15.614 30.6679 191.528 31.9068 180.061 136.307 128.934 121.521 114.139 32.7976 172.701 17.7681 81.3418 18.4571 159.926 20.6957
internal_count=1363 737 626 239 156 100 70 131 97 76 50 498 43 128 42 83 526 86 495 370 350 330 310 89 475 48 221 50 440 56
is_linear=0
shrinkage=0.05


Tree=10
num_leaves=31
num_cat=0
split_feature=119 1 0 105 95 27 9 45 92 9 100 62 65 3 44 23 35 66 15 59 28 111 129 50 99 37 0 77 1 107
split_gain=285.44 45.3736 29.4707 24.7751 12.4923 11.5237 6.8722 6.00062 5.36366 4.63397 4.16717 3.5657 6.10255 3.14173 2.40353 1.89846 1.20957 2.42458 1.1871 0.653352 0.630704 0.485777 0.452218 0.123271 0.123115 0.0409923 0.00941214 0.00881778 0.00997607 0.00273326
threshold=1.5781089067459109 0.0051015173085033902 0.012193087954074146 0.006253753788769246 0.79780831933021557 -0.13417771458625791 0.05732355825603009 -0.50323078036308277 0.71601814031600963 0.040278268977999694 1.0726688504219057 0.0042946659959852704 0.93197238445281994 0.0046677759382873782 0.0027451524510979657 0.075024299323558821 0.049802122637629516 3.2458474636077885 0.24793059378862384 0.011088757310062649 0.41586916148662573 0.036037325859069831 0.058481989428401 0.039587041363120086 0.45502065122127539 1.2543569803237917 0.011098390910774471 0.043572485446929939 0.019982541911304001 0.007506982423365117
decision_type=2 2 2 2 2 2 2 2 2 2 2 2 2 2 2 2 2 2 2 2 2 2 2 2 2 2 2 2 2 2
left_child=2 11 -1 4 -3 8 7 -5 14 15 23 16 -13 -12 -6 18 20 24 19 -4 -2 -8 -21 -9 -18 27 -22 28 -24 -30
right_child=1 3 9 6 5 -7 21 10 -10 -11 13 12 -14 -15 -16 -17 17 -19 -20 22 26 -23 25 -25 -26 -27 -28 -29 29 -31
leaf_value=-0.035946567184613025 -0.026706635712048583 0.077296885205589583 0.070231374145177092 0.023818400940676471 -0.031779925189218669 0.069408822120227351 -0.028152717483416842 -0.036031603675848234 0.025882018069446306 0.041140362811455673 -0.028098070290693868 0.017179173224036497 -0.044518834893327752 0.021120024886239278 0.0067034510161419758 0.058741081891559827 -0.035065125833464821 -0.0036155407666056769 0.064216309478929187 0.074365197319078036 -0.043541056095197109 -0.044733028362598966 0.088675537624155518 -0.046182290398013873 -0.044402226794471172 0.090858702785482803 -0.044467387478613896 0.088854786892600415 0.086390444271156552 0.087411215190924096
leaf_weight=6.0977224707603446 5.6222189962863913 10.137004315853117 6.9244134128093711 11.306904435157774 10.835638374090196 7.6424936652183559 5.8058316111564663 5.7039621770381945 12.227820605039595 8.132570266723631 5.8033677339553815 7.2112333476543453 9.022067725658415 7.3472568690776825 6.4860120415687552 9.0062747895717603 5.5249480903148678 6.037934571504592 7.6853903234004965 7.0387419760227194 112.49684172868729 18.476190149784088 7.0369428992271414 6.2883313894271851 9.7794499993324262 9.0541212856769544 36.260495454072952 7.0312564969062796 28.79112783074379 8.4922199845314008
leaf_count=22 20 30 20 37 37 24 20 20 39 24 20 25 32 24 21 26 20 21 22 20 418 65 20 21 35 26 129 20 81 24
internal_value=-8.5085e-05 -0.0249426 0.0707441 0.000973191 0.0280931 0.0146822 -0.0201617 -0.00643376 0.000528049 0.0773027 -0.0200383 -0.0395319 -0.0171111 -0.00059991 -0.01737 0.0805324 -0.0416032 -0.0304462 0.0829242 0.0848575 -0.0431456 -0.0407687 0.0863592 -0.0413543 -0.0410315 0.0877567 -0.0437669 0.0872098 0.0869488 0.086623
internal_weight=405.307 300.016 105.291 108.061 47.329 37.192 60.7318 36.4498 29.5495 99.1931 25.1429 191.955 16.2333 13.1506 17.3217 91.0605 175.722 21.3423 82.0542 74.3688 154.38 24.282 67.4444 11.9923 15.3044 60.4057 148.757 51.3515 44.3203 37.2833
internal_count=1363 1058 305 358 151 121 207 122 97 283 85 700 57 44 58 259 643 76 233 211 567 85 191 41 55 171 547 145 125 105
is_linear=0
shrinkage=0.05


Tree=11
num_leaves=31
num_cat=0
split_feature=104 28 98 107 128 68 102 50 93 39 40 81 9 53 122 46 46 61 21 109 44 5 31 95 68 59 10 93 104 61
split_gain=286.231 25.5167 25.3972 17.7647 21.2235 11.6584 7.70794 7.20542 5.10188 5.03592 2.99001 2.20271 1.88374 4.12073 3.32034 1.29668 3.04929 1.02551 0.765589 0.684499 1.2504 0.398102 0.461068 0.0804365 0.045216 0.00315353 0.000260038 0.000203986 0.000114802 0.00010908
threshold=0.034006925299763686 0.50873649120330822 3.4551857709884648 0.016189479269087318 0.4762046486139298 0.021996379829943184 0.11106572300195695 0.039587041363120086 0.061448834836483009 0.0081753912381827849 0.31405897438526159 0.0012180555495433512 0.026639936491847042 0.14040570706129077 -0.16708810627460477 0.82500362396240245 0.84607192873954784 0.0030570338713005189 0.084618747234344496 0.01190356817096472 0.0023344667861238126 0.6567651927471162 0.37032370269298559 0.82193246483802807 0.058347996324300773 0.0093010021373629587 0.0067769985180348167 0.064437888562679305 0.02879809029400349 0.0040660309605300435
decision_type=2 2 2 2 2 2 2 2 2 2 2 2 2 2 2 2 2 2 2 2 2 2 2 2 2 2 2 2 2 2
left_child=2 -2 12 4 8 10 -7 -6 -3 15 -4 -9 18 14 -14 23 -17 -18 21 24 -21 25 -23 -5 -19 26 -1 -27 -15 -28
right_child=1 3 5 9 7 6 -8 11 -10 -11 -12 -13 13 28 -16 16 17 19 -20 20 -22 22 -24 -25 -26 27 29 -29 -30 -31
leaf_value=-0.040523738909653599 -0.013882984417304071 0.022224607617438497 0.010783826169088698 0.11400112138012408 0.038364545108914128 0.089985044081505317 0.012837758122824306 0.073137435459400463 -0.042919265498590951 0.050528398219061937 -0.036015222956707095 0.1129733720774794 0.028374151275216197 -0.04098505401002444 -0.026076659369701466 0.061363884926715684 0.079354579705727055 0.11169821589999461 -0.019466942558600833 0.10686175087140776 0.077222728829013376 -0.040894546457474673 -0.018528907337698824 0.10612334558769354 0.10625856488623736 -0.04117517356676359 -0.040904456725579366 -0.040959830210558289 -0.041244389106959059 -0.040584656825814996
leaf_weight=96.094639018177986 8.7654121518135053 6.774306654930113 5.6540855467319515 6.201884448528288 8.4117147326469439 5.9379099607467634 7.1199019402265549 5.8796644508838645 5.4024264216423035 6.8188143670558921 8.6108439713716489 8.467794716358183 4.9572478830814362 7.737009912729266 6.4327430576086062 6.8846222162246695 6.2978855669498435 7.5342763066291827 4.6115122139453879 8.047008663415907 6.3795292675495139 4.7391009181737882 4.4851574301719666 6.7855644524097443 7.7496853768825531 15.945546403527258 6.7753546386957151 35.436146780848503 9.5161967873573285 4.3967663645744324
leaf_count=439 35 25 23 20 30 21 27 20 21 24 36 28 20 34 27 22 20 24 20 25 20 21 20 21 24 69 30 156 41 20
internal_value=9.96693e-05 0.0678368 -0.0314489 0.0751733 0.0466013 0.0137826 0.0479197 0.0751069 -0.00667764 0.0910936 -0.0174658 0.0966484 -0.0375935 -0.0257191 -0.00237812 0.0960436 0.0918525 0.0976818 -0.0395653 0.101567 0.0937551 -0.0401175 -0.0300196 0.109885 0.10894 -0.0407046 -0.0405503 -0.0410267 -0.0411281 -0.0407786
internal_weight=334.851 106.401 228.45 97.6352 34.9359 27.3227 13.0578 22.7592 12.1767 62.6993 14.2649 14.3475 201.127 28.6432 11.39 55.8805 42.893 36.0084 172.484 29.7105 14.4265 167.873 9.22426 12.9874 15.284 158.648 107.267 51.3817 17.2532 11.1721
internal_count=1363 359 1004 324 124 107 48 78 46 200 59 48 897 122 47 176 135 113 775 93 45 755 41 41 48 714 489 225 75 50
is_linear=0
shrinkage=0.05


Tree=12
num_leaves=31
num_cat=0
split_feature=59 77 1 9 41 71 104 119 62 122 5 9 83 102 15 27 123 19 123 123 102 59 124 65 115 16 12 79 19 125
split_gain=318.938 39.8369 16.5818 8.64784 7.15426 7.54329 8.62335 5.88593 5.5796 8.97949 5.54859 5.53779 5.57308 4.75716 4.50872 2.41622 2.36814 1.16205 2.46391 2.98258 0.660912 0.62653 0.464893 0.99191 0.361604 0.330701 0.114868 0.112088 0.010467 0.00839242
threshold=0.0096606980077922362 0.015891490504145626 0.0058107627555727967 0.019290352240204815 0.017488302662968639 0.21638242900371554 0.022959772497415546 2.1442195177078252 0.0042099973652511844 -0.13659568876028058 0.18488854914903644 0.019805597141385082 0.0026322734775021677 0.10214352235198022 -0.066002357751131044 -0.26064969599246973 0.14809610694646838 0.018083184957504276 0.0796015039086342 0.059662466868758209 0.07211953774094583 0.048536548390984542 0.21488918364048007 0.76303929090499889 0.058139655739068992 0.002947180531919003 0.10006140917539598 0.017496417276561264 0.019746659323573116 0.003197928774170578
decision_type=2 2 2 2 2 2 2 2 2 2 2 2 2 2 2 2 2 2 2 2 2 2 2 2 2 2 2 2 2 2
left_child=2 3 11 -2 5 6 -3 -8 9 13 -4 26 -13 -5 -12 25 17 18 19 -6 -7 22 24 -24 -19 -14 29 28 -26 -1
right_child=1 4 10 8 16 20 7 -9 -10 -11 14 12 15 -15 -16 -17 -18 21 -20 -21 -22 -23 23 -25 27 -27 -28 -29 -30 -31
leaf_value=0.054464719704668402 0.048156871610701313 -0.057965150864395201 -0.028645501501485177 -0.03815997585211147 -0.048173420942224314 -0.040674456947289057 0.029433583317209674 -0.020255788775757649 -0.044185045300541119 0.03846190704855753 -0.00089398421590156313 -0.0064098481859692601 0.058183619449015095 0.010289075125151568 0.047747767692329884 0.018482649118420107 -0.023654335895388047 -0.045282168115501217 -0.059069173849411162 -0.0054663698844013373 -0.057509233070011614 -0.038881866821535147 -0.037160626788872643 -0.057305442177542326 -0.057998967055759444 0.044702419377488367 0.048132356836509932 -0.050394298948448393 -0.056269217997799714 0.055552855588232343
leaf_weight=130.34917742013931 9.4660418033599836 8.0297811627387983 7.3752096891403225 11.160347402095793 9.1743828654289299 10.268171399831774 10.736971169710161 13.394746392965315 7.400795340538024 11.904120326042177 9.9403417706489599 7.3928566575050345 10.605366617441179 9.2791994512081128 9.1486193537712062 7.3201545774936703 8.4563195109367353 8.7086269259452802 11.76942130923271 7.3742394149303427 13.488337486982344 7.71218118071556 12.069196283817293 12.377181947231291 9.8827873766422254 7.9658688008785239 7.1630387008190146 8.332348704338072 76.011729061603546 20.507741332054138
leaf_count=366 26 22 20 30 25 28 29 36 20 32 27 20 29 25 25 20 23 24 32 20 37 21 33 34 27 22 20 23 210 57
internal_value=7.46531e-06 -0.0355871 0.045283 0.00520827 -0.0444004 -0.0288654 -0.0130821 0.0018526 -0.00502091 0.00394052 0.00818741 0.0504146 0.0318788 -0.0161649 0.0224182 0.0428115 -0.0494548 -0.0507899 -0.0415806 -0.0291427 -0.0502328 -0.0527203 -0.0535582 -0.0473599 -0.0550302 0.052401 0.0543189 -0.0559311 -0.0564682 0.0546126
internal_weight=494.765 276.997 217.768 49.2105 227.786 55.918 32.1615 24.1317 39.7445 32.3437 26.4642 191.304 33.2842 20.4395 19.089 25.8914 171.868 163.412 28.318 16.5486 23.7565 135.094 127.382 24.4464 102.935 18.5712 158.02 94.2269 85.8945 150.857
internal_count=1363 757 606 133 624 152 87 65 107 87 72 534 91 55 52 71 472 449 77 45 65 372 351 67 284 51 443 260 237 423
is_linear=0
shrinkage=0.05


Tree=13
num_leaves=31
num_cat=0
split_feature=37 113 14 1 109 0 44 68 79 105 94 32 37 77 10 51 23 32 105 105 42 7 101 0 73 15 0 21 43 84
split_gain=251.682 38.2419 31.6963 12.8089 7.75423 7.59937 7.33259 6.32507 6.21884 5.26471 4.06865 3.68407 3.10524 2.96713 2.2539 3.47273 1.98839 1.12059 4.00806 0.45976 0.418965 0.312095 0.127518 0.12275 0.116956 0.0130008 0.00756881 0.00743619 0.00148797 0.00135312
threshold=1.5623779296875002 0.173767164349556 1.6436328291893008 0.004020657856017352 0.0075119337998330602 0.01103473547846079 0.0027264052769169216 0.038731100037693984 0.011489688418805601 0.0037737854290753607 0.29346121847629553 0.035731986165046699 1.9719184041023257 0.017163109965622429 0.020879413932561878 0.020246826112270359 0.075024299323558821 0.028193961828947071 0.0051396312192082414 0.0038175337249413137 0.0056610505562275657 0.90475621819496166 0.22673675417900088 0.015318514779210092 1.5329018235206606 0.18113064020872119 0.011199803091585638 0.071125611662864699 0.0075241799931973228 0.0018465108587406578
decision_type=2 2 2 2 2 2 2 2 2 2 2 2 2 2 2 2 2 2 2 2 2 2 2 2 2 2 2 2 2 2
left_child=2 3 11 17 5 24 10 -3 9 -7 -4 13 -11 -1 15 23 19 26 -19 -15 -14 -21 25 -6 -5 27 29 -23 -16 -2
right_child=1 7 6 4 14 8 -8 -9 -10 12 -12 -13 20 16 28 -17 -18 18 -20 21 -22 22 -24 -25 -26 -27 -28 -29 -30 -31
leaf_value=0.043781317755640273 -0.042734556984124296 0.065908182016941194 -0.044028072990565298 -0.034182750420869358 -0.034849285114890459 0.022587557627792028 0.040440152211231713 0.0044418912635688602 0.041113559087115711 -0.00074292874071311358 0.011292558912204377 0.042003668476113032 -0.027056087038976124 0.068924185382153197 -0.043901405420380901 0.00026276597740036245 0.053930167012364194 -0.0025689692762598023 -0.043475568954399857 0.073389843468605678 -0.045853637012158478 0.079736709513268264 0.086728692844896788 -0.04517091820035439 -0.043890633496925811 0.082351858200555766 -0.043873511279809374 0.081551239447414756 -0.044828302337986271 -0.043400650109667982
leaf_weight=7.8823192417621604 98.052616000175476 11.459635794162752 7.410620182752611 5.3600112497806531 5.4858926534652728 11.329266160726545 8.3525242209434492 6.5934312641620627 9.009176701307295 11.865782499313356 6.0265568494796753 10.578158885240553 5.6592098474502546 10.784034639596937 18.076733678579334 9.7416677176952344 9.2376077175140363 8.2706363499164599 21.697220653295517 13.819447785615919 6.224706768989563 25.543364942073822 10.63254591822624 6.0650779604911804 7.3663578629493713 8.3107123970985395 18.84767509996891 7.2485496997833243 5.6935708224773398 8.2672732472419721
leaf_count=24 381 34 27 20 20 36 26 21 29 39 20 31 20 30 66 33 26 29 81 38 21 70 30 21 27 23 69 20 20 31
internal_value=-8.94497e-05 -0.0268842 0.0584859 -0.0318253 -0.0180511 -0.00576598 0.00365114 0.0434592 0.00405875 -0.00545787 -0.0192168 0.0699706 -0.0188363 0.0731361 -0.03354 -0.0217251 0.0758399 -0.0408707 -0.032186 0.0784912 -0.0369021 0.080065 0.081848 -0.0402689 -0.0398019 0.0805855 -0.0429501 0.0801378 -0.0441234 -0.0427864
internal_weight=400.892 275.066 125.826 257.013 101.877 56.8145 21.7897 18.0531 44.0881 35.079 13.4372 104.037 23.7497 93.4586 45.0629 21.2926 85.5763 155.135 29.9679 76.3387 11.8839 65.5546 51.7352 11.551 12.7264 41.1026 125.168 32.7919 23.7703 106.32
internal_count=1363 998 365 943 352 192 73 55 145 116 47 292 80 261 160 74 237 591 110 211 41 181 143 41 47 113 481 90 86 412
is_linear=0
shrinkage=0.05


Tree=14
num_leaves=31
num_cat=0
split_feature=9 98 34 107 121 0 22 15 92 4 15 27 107 0 24 14 24 42 123 64 9 105 25 18 0 9 9 59 87 77
split_gain=246.182 27.9562 19.6293 12.9932 19.5621 9.45983 6.11586 5.89157 5.65714 5.59568 4.21419 3.39207 6.66811 1.65546 1.49 1.40073 0.969267 0.747094 0.71587 1.1452 0.223459 0.54158 0.0603727 0.00656513 0.00478303 0.00330171 0.000286562 0.000254683 0.000304806 8.55162e-05
threshold=0.036490825936198241 3.7475500106811528 0.60468336939811718 0.016189479269087318 0.87581896781921398 0.011741342023015024 0.012058350257575514 -0.17420732975006101 0.58672827482223522 -0.12032015249133109 -0.16772447526454923 -0.45596083998680109 0.0089350538328290003 0.025076682679355148 0.0049648894928395757 3.790371417999268 0.0057444579433649787 0.069963023066520705 0.073505185544490828 0.74042060971260082 0.02811282500624657 0.0049632189329713592 0.0046515723224729308 0.021052291616797451 0.011098390910774471 0.031332030892372138 0.022501583211123947 0.0085642542690038698 0.0017478513182140889 0.039142375811934478
decision_type=2 2 2 2 2 2 2 2 2 2 2 2 2 2 2 2 2 2 2 2 2 2 2 2 2 2 2 2 2 2
left_child=1 8 3 4 10 -3 13 -6 17 -7 -2 14 -13 -5 15 25 18 20 22 -20 24 -22 23 -15 -1 26 -10 -26 -29 -30
right_child=2 5 -4 6 7 9 -8 -9 11 -11 -12 12 -14 16 -16 -17 -18 -19 19 -21 21 -23 -24 -25 27 -27 -28 28 29 -31
leaf_value=-0.040028876687251358 -0.035265779006573343 -0.021513352763461252 -0.025366878841949582 0.065843372422650523 0.096551199898190415 0.01162565735250184 0.035973581813765837 0.043535641784157079 -0.040239017337753619 0.074350484123822502 0.02499253058452856 -0.040590823620224113 0.035872250879881919 0.09692827918755309 -0.0040195668189103436 -0.01022787122538074 0.073127467309563418 -0.019215895415965349 0.072520666390248609 0.097670298040272885 -0.019617311105952388 -0.040889758795425987 0.10140077084915439 0.095003268365800142 -0.040355078761303648 -0.042007032376970267 -0.040757665588593728 -0.041046282823340219 -0.040581186147070014 -0.040754527312818471
leaf_weight=91.707828223705292 6.6581611931324005 7.4936625659465816 5.9266054630279532 8.725859194993971 11.061767458915709 6.1926630437374124 6.8040857613086692 9.9578137397766131 6.1793581843376213 8.3497384339570964 5.1424500197172147 4.8304246068000776 6.9589928537607193 10.152025341987615 5.262786701321601 4.8339239060878745 7.7756470739841452 4.5783058851957312 9.3611716628074664 8.7642586231231672 4.6000900268554679 8.5592215955257398 7.607458531856536 7.8569296300411215 8.1722520142793638 5.0784554332494727 4.6805278658866882 4.551969736814498 34.976849228143692 8.9321993589401227
leaf_count=439 26 32 24 27 35 22 24 33 29 29 20 22 27 30 22 21 24 20 28 26 20 38 23 23 38 21 21 20 159 40
internal_value=9.69643e-05 -0.029377 0.063043 0.0682897 0.0425124 0.0241235 0.0809078 0.0714356 -0.0351589 0.0476401 -0.00900652 -0.0177076 0.00454338 0.0859828 -0.0277835 -0.0338042 0.089394 -0.0391334 0.0922856 0.0846814 -0.039698 -0.0334536 0.0976661 0.0960884 -0.040252 -0.0409547 -0.0404626 -0.0406133 -0.0406568 -0.0406164
internal_weight=331.733 225.939 105.794 99.8676 32.8202 22.0361 67.0474 21.0196 203.903 14.5424 11.8006 37.8245 11.7894 60.2434 26.0351 20.7723 51.5175 166.079 43.7418 18.1254 161.5 13.1593 25.6164 18.009 148.341 15.9383 10.8599 56.6333 48.461 43.909
internal_count=1363 1020 343 319 114 83 205 68 937 51 46 163 49 181 114 92 154 774 130 54 754 58 76 53 696 71 50 257 219 199
is_linear=0
shrinkage=0.05


Tree=15
num_leaves=31
num_cat=0
split_feature=0 41 51 73 109 5 115 100 43 34 108 40 74 68 23 0 38 37 6 61 50 61 56 122 71 10 37 74 75 61
split_gain=309.915 18.0336 16.5444 9.72392 7.64488 8.21211 8.64543 5.0721 4.78434 4.72865 4.55808 7.53501 5.37458 2.96869 1.98562 1.72964 3.52912 1.4693 1.18796 1.13428 0.985155 0.762141 0.475201 0.988306 1.70415 0.262635 0.113101 0.0772843 0.0117063 0.0107921
threshold=0.013244625646620991 0.017047367990016941 0.0067367628216743478 1.3341403603553774 0.0036637326702475552 0.76692315936088573 0.20879713445901874 1.4448095560073855 0.0015567030059173705 0.41887897253036505 0.0020161947468295698 0.4983248114585877 -0.21412688493728635 0.017418975010514263 0.0021623368375003342 0.018167528323829178 -0.12749283760786054 1.485993027687073 0.92001184821128856 0.074665836989879622 0.0309217032045126 0.0027953010285273199 -0.27047373354434961 -0.26120622456073755 0.21765057742595675 0.0067769985180348167 1.0651599168777468 0.078811381012201323 0.0072660569567233333 0.0035174213116988544
decision_type=2 2 2 2 2 2 2 2 2 2 2 2 2 2 2 2 2 2 2 2 2 2 2 2 2 2 2 2 2 2
left_child=2 3 13 18 9 6 7 -6 14 -5 11 12 -4 17 -3 16 -10 -1 26 21 -11 -17 23 -23 -25 27 -2 29 -24 -19
right_child=1 8 10 4 5 -7 -8 -9 15 20 -12 -13 -14 -15 -16 19 -18 25 -20 -21 -22 22 28 24 -26 -27 -28 -29 -30 -31
leaf_value=0.029395596353017694 -0.047770011906699578 -0.038036513488054341 -0.011421160784987533 0.0016144828953364285 0.051397858866687955 -0.04238644672059183 -0.023812172766919687 0.0025861361109119907 -0.053064130774865305 -0.034906349048907985 0.038704861333031353 -0.040476428860819702 0.043525538851892226 0.025523460486838415 -0.0016875527108273871 -0.035867531624380784 -0.0085675168804971984 0.05262032040176895 -0.028346359377111188 -0.033340174141967487 -0.060096939204016479 -0.054685815409604432 -0.05560285318302384 -0.025032624093102387 -0.054713629976554129 0.04380529247003169 -0.055993752603806048 0.047393377249635008 -0.054319057266593675 0.054300360214288218
leaf_weight=7.5393981933593741 7.1349165439605775 7.3057001233100873 8.1451457738876361 7.4366811811924007 14.017554998397829 7.4123341143131247 9.5810256302356702 8.5794152021408063 10.542483896017076 8.1840133070945722 11.514687478542326 7.716872662305831 9.8111240267753619 12.313613742589949 7.7348915636539459 7.2437953650951377 7.7185123562812796 132.65265268087387 7.150180608034133 8.9890140891075117 7.3821641206741324 26.386637479066849 24.798554301261902 9.7149821817874926 9.6295846700668317 9.2444517612457258 10.09801986813545 7.0904057919979087 62.534615606069565 10.301150500774382
leaf_count=21 20 20 22 20 38 20 26 23 29 22 32 21 27 34 21 20 21 381 20 25 20 74 69 27 27 26 28 20 176 29
internal_value=-0.00166049 -0.0374317 0.0429152 -0.0186939 -0.00825938 0.00506013 0.0159896 0.0328655 -0.046357 -0.0311837 0.0125668 0.000843527 0.0186012 0.0492152 -0.0193434 -0.0487818 -0.0342564 0.0509639 -0.0454799 -0.0505585 -0.0468528 -0.0516616 -0.0525214 -0.0483922 -0.0398076 0.0519847 -0.0525889 0.0524887 -0.0546836 0.0527414
internal_weight=485.905 269.575 216.33 86.9763 62.5932 39.5903 32.178 22.597 182.599 23.0029 37.1878 25.6731 17.9563 179.142 15.0406 167.558 18.261 166.828 24.3831 149.297 15.5662 140.308 133.064 45.7312 19.3446 159.289 17.2329 150.044 87.3332 142.954
internal_count=1359 746 613 237 169 107 87 61 509 62 102 70 49 511 41 468 50 477 68 418 42 393 373 128 54 456 48 430 245 410
is_linear=0
shrinkage=0.05


Tree=16
num_leaves=31
num_cat=0
split_feature=14 47 1 14 1 44 92 9 2 10 68 43 104 57 23 62 2 69 104 1 29 97 61 58 108 103 3 30 104 69
split_gain=226.209 35.5853 16.4274 11.9786 9.09293 8.82147 7.74115 14.4373 6.70155 5.06109 6.82805 5.13505 6.08355 5.11421 2.49013 2.43347 2.34936 3.96872 1.93829 1.59488 0.849444 0.584787 0.486484 0.342203 0.411892 0.186148 0.168811 0.078739 0.0131658 0.0131123
threshold=1.5861068964004519 0.82444357872009288 0.0091628930531442183 1.8972181677818301 0.003720689564943314 0.0036417240044102077 0.72288936376571666 0.046120280399918563 0.012669166550040247 0.016291688196361068 0.017952208407223228 0.0035729057854041462 0.035279974341392524 0.0018490382935851815 0.073337458074092879 0.0035965241258963947 0.019968081265687946 0.0058626183308660993 0.028909033164381984 0.016825756989419464 0.92685422301292431 0.1728898882865906 0.0039356953930109748 1.7739202976226809 0.0055566155351698407 0.07322691380977632 0.003012157510966063 1.3503581881523135 0.020901481620967392 0.0063343017827719459
decision_type=2 2 2 2 2 2 2 2 2 2 2 2 2 2 2 2 2 2 2 2 2 2 2 2 2 2 2 2 2 2
left_child=2 3 -1 5 20 15 18 -8 9 10 22 12 13 -12 16 -2 17 -4 -5 -19 -3 -11 -6 24 27 -22 29 28 -18 -27
right_child=1 4 14 6 8 -7 7 -9 -10 21 11 -13 -14 -15 -16 -17 23 19 -20 -21 25 -23 -24 -25 -26 26 -28 -29 -30 -31
leaf_value=-0.011275505461602461 0.040909242653133941 -0.025195320295922915 0.0248554424757014 -0.011918447185438457 -0.042820786398187455 -0.0085450959262917108 0.065041084034740945 -0.027905263693811556 0.029145256119263524 -0.043826870186536859 0.0045095130559248018 -0.02824820918741108 -0.015561311830890732 0.069678449987824492 0.044124222261707653 0.080451397905171848 0.074621782838886458 0.082551943618773271 -0.046368592339486321 0.050787979352525082 -0.032336617436495331 -0.02571219708312697 -0.025208570641308423 0.065060130597267063 0.063279104983401654 -0.042082358368506108 -0.03314168217183474 0.080630128451740071 0.076732921029642798 -0.043255104584934888
leaf_weight=7.5242754220962516 7.592146188020708 8.3665006905794126 7.6688486039638546 7.3757822215557125 14.404919028282167 6.4023520648479453 8.1281260848045367 8.5967172384262067 6.4034148454666129 24.214800685644153 6.0297469198703784 11.410562187433241 10.108224451541899 6.0122348368167877 12.35940361022949 7.9810223877429962 32.246832370758057 8.9876816570758837 9.1456937491893751 7.0529838204383841 5.1647644490003577 5.4598657786846152 5.3871779441833487 12.11996817588806 7.3600181937217704 85.400744080543518 5.1258686035871497 7.6245210170745841 9.5787502825260145 33.06220369040966
leaf_count=27 23 32 23 26 56 21 24 30 20 89 21 39 35 20 34 24 87 25 31 20 21 20 20 33 20 346 20 21 26 125
internal_value=0.000161201 -0.0237712 0.0600909 0.0122189 -0.0325438 0.040862 -0.0067139 0.0172658 -0.0201402 -0.0239413 -0.0147348 -0.00099851 0.013039 0.0370466 0.0652051 0.061174 0.0680176 0.054441 -0.0309888 0.0685855 -0.0406334 -0.0404939 -0.0380269 0.0726874 0.0743146 -0.0416366 -0.0420253 0.0759571 0.0751053 -0.0424097
internal_weight=394.296 281.773 112.523 55.2218 226.551 21.9755 33.2463 16.7248 89.4309 83.0275 53.3529 33.5608 22.1502 12.042 104.999 15.5732 92.6396 23.7095 16.5215 16.0407 137.12 29.6747 19.7921 68.9301 56.8101 128.754 123.589 49.4501 41.8256 118.463
internal_count=1359 1043 316 179 864 68 111 54 320 300 191 115 76 41 289 47 255 68 57 45 544 109 76 187 154 512 491 134 113 471
is_linear=0
shrinkage=0.05


Tree=17
num_leaves=31
num_cat=0
split_feature=104 34 47 104 110 104 50 5 59 7 120 30 78 30 5 0 109 61 105 46 18 0 56 15 0 0 92 104 92 77
split_gain=242.651 25.9764 16.6857 14.3331 13.2474 4.4681 4.25793 6.83018 3.10532 2.84938 2.63937 2.03822 4.68281 1.75345 3.8968 1.59766 1.50723 1.41699 1.31335 0.653722 1.41186 0.238696 0.21709 0.192171 0.0883258 0.00817565 0.00252841 0.00244604 0.000477604 0.000426273
threshold=0.03183750435709954 0.60468336939811718 0.79899582266807567 0.042418504133820541 0.27633507549762731 0.022354004904627803 0.039587041363120086 0.76692315936088573 0.014683762565255167 4.7238354682922372 0.19979553669691089 2.2485268115997319 0.0035657810512930159 2.5229853391647343 0.75817406177520763 0.054123032838106162 0.0015427886974066498 0.0027953010285273199 0.010909431148320438 0.72496894001960765 0.022125688381493095 0.022368384525179866 -0.35548529028892512 0.36549466848373419 0.02867979742586613 0.01103473547846079 0.57760959863662731 0.026927137747406963 0.59950387477874767 0.041831964626908309
decision_type=2 2 2 2 2 2 2 2 2 2 2 2 2 2 2 2 2 2 2 2 2 2 2 2 2 2 2 2 2 2
left_child=4 2 3 8 5 -1 7 -4 -2 15 -5 12 -8 21 -15 16 -6 -16 -14 22 -21 -13 -18 25 -19 28 29 -22 -24 -27
right_child=1 -3 6 10 9 -7 11 -9 -10 -11 -12 13 18 14 17 -17 19 24 -20 20 27 -23 23 -25 -26 26 -28 -29 -30 -31
leaf_value=-0.020182260275204499 0.010034687108812843 -0.030128070375264954 0.0082343495840458032 0.037232752618668437 -0.010303369316304876 0.042108319866054927 0.033963220563877246 0.080018859485694163 -0.042001726423384754 -0.0024307543669214015 0.083467291093548446 0.10059963688483467 0.096290531236886301 0.047285917397795633 0.068193039223688162 -0.0072418127329220774 -0.028216502651098499 0.093754540795099442 0.06671344637432973 -0.011073261185660051 -0.039994406023705714 0.088421249511292571 -0.039580510604575424 -0.029948335739991623 0.087301658354518863 -0.040196989242307413 -0.041238295150450188 -0.041565003645733789 -0.040057551711028844 -0.040588443301140829
leaf_weight=4.6711063683032972 5.6310678720474261 8.2989171892404539 6.6319385319948179 5.9687304496765119 4.9495971053838721 7.503030076622963 9.0875829011201876 6.622790738940239 5.8408757001161575 6.2530425935983649 6.3929879516363144 6.6387050747871426 6.5096739828586569 10.253594219684599 11.253943771123884 4.4710402041673651 4.2977713942527762 9.2709849476814288 8.8639262914657575 6.6732684224844006 4.7690577358007413 10.213710963726042 76.751741707324982 4.9742498844861975 12.390074878931044 48.148815885186195 7.3719541281461707 5.1624481379985809 5.6318215876817694 8.1285702437162382
leaf_count=20 22 34 24 20 23 27 29 21 24 26 20 20 20 31 33 20 21 27 26 30 23 29 385 24 35 227 32 22 27 37
internal_value=0.00225491 0.0554593 0.0613019 0.0237906 -0.0323352 0.018208 0.0704492 0.0441018 -0.0164594 -0.0356154 0.0611434 0.0745829 0.0624175 0.0795409 0.0742012 -0.0367598 -0.037506 0.0825858 0.0792373 -0.0382892 -0.0288596 0.0932187 -0.0392974 -0.0396128 0.0900635 -0.039942 -0.0403676 -0.0408108 -0.0396131 -0.0402535
internal_weight=329.627 129.87 121.571 23.8337 199.758 12.1741 97.7369 13.2547 11.4719 187.583 12.3617 84.4822 24.4612 60.021 43.1686 181.33 176.859 32.915 15.3736 171.91 16.6048 16.8524 155.305 151.007 21.6611 146.033 63.6493 9.93151 82.3836 56.2774
internal_count=1359 415 381 86 944 47 295 45 46 897 40 250 75 175 126 871 851 95 46 828 75 49 753 732 62 708 296 45 412 264
is_linear=0
shrinkage=0.05


Tree=18
num_leaves=31
num_cat=0
split_feature=0 41 69 73 109 5 115 124 55 43 30 0 1 75 46 23 47 0 38 61 4 61 56 122 71 9 103 32 74 75
split_gain=280.533 16.6583 15.7177 8.84399 7.02415 7.65782 6.73421 5.672 4.60545 4.60332 4.30769 3.40301 2.96117 3.98569 2.94114 1.85867 1.76278 1.65576 3.36636 1.07617 0.861249 0.732921 0.45127 0.9498 1.64688 0.440062 0.34426 0.110946 0.0984138 0.0121887
threshold=0.013244625646620991 0.017047367990016941 0.0058626183308660993 1.391135096549988 0.0036637326702475552 0.76692315936088573 0.20879713445901874 0.26429899036884313 2.825430274009705 0.0015567030059173705 2.3887963294982915 0.01130182482302189 0.0051790797151625165 0.0041754699777811774 0.70582860708236705 0.0021623368375003342 0.8129292130470277 0.018167528323829178 -0.12749283760786054 0.074665836989879622 -0.22861746698617932 0.0027953010285273199 -0.27047373354434961 -0.26120622456073755 0.21765057742595675 0.019805597141385082 0.17986236512660983 0.010916966013610365 0.071420177817344679 0.0072660569567233333
decision_type=2 2 2 2 2 2 2 2 2 2 2 2 2 2 2 2 2 2 2 2 2 2 2 2 2 2 2 2 2 2
left_child=2 3 12 16 10 6 8 11 26 15 20 -4 25 -14 -13 -3 27 18 -11 21 -5 -19 23 -23 -25 28 -6 -2 -1 -24
right_child=1 9 7 4 5 -7 -8 -9 -10 17 -12 14 13 -15 -16 -17 -18 19 -20 -21 -22 22 29 24 -26 -27 -28 -29 -30 -31
leaf_value=0.051015054723963088 -0.045837219323310224 -0.036172579063786112 0.042989558479417579 -0.032612559612591727 0.039855112608736476 -0.040255598576715033 -0.020387257268831435 -0.019788150832320568 -0.00075409871817699132 -0.051221850958112561 0.0015822804261867705 -0.011722261020343849 -0.00042689232020978908 0.049695240305870858 0.02996570516964522 -0.00086766905649653082 -0.021423720845941803 -0.03422209046160106 -0.0075578948515136503 -0.031842449602029414 -0.056501395954011262 -0.052845833102698275 -0.053738647629552383 -0.023548086629821011 -0.052962494303303548 0.040572915361195908 0.055185133497317664 -0.053853433970746947 0.04502805987877178 -0.052414888430984068
leaf_weight=137.16641408205032 6.9851450324058595 7.2219638824462873 13.0995269715786 7.3213988542556772 7.3203897178173118 7.3590925335884085 8.8418487012386304 9.8986470997333509 7.4530415534973136 10.387332350015642 7.4278531670570365 8.4925794899463671 7.1394915282726314 8.9238858819007856 8.4313051104545575 7.7055919170379639 7.0923640727996817 7.1551474034786215 7.6764161288738242 8.8800822198390943 7.7845120429992685 25.814630448818207 24.314700067043304 9.602711349725725 9.433327376842497 11.549942672252653 7.3283641934394836 11.297072261571882 7.225596845149993 61.051516115665436
leaf_count=404 20 20 37 20 20 20 24 27 20 29 20 23 20 25 23 21 20 20 21 25 21 74 69 27 27 33 20 32 21 176
internal_value=-0.00159875 -0.0358462 0.0412986 -0.0177856 -0.00744301 0.00558826 0.016491 0.0130345 0.0312441 -0.0445328 -0.0295935 0.0238561 0.0478587 0.0274181 0.00904625 -0.0179482 -0.0425824 -0.0469479 -0.0326663 -0.0487118 -0.0449232 -0.0498023 -0.0506584 -0.0465976 -0.0381244 0.0499642 0.0475243 -0.0507907 0.0507155 -0.0527919
internal_weight=477.382 265.455 211.927 86.2111 60.8365 38.3027 30.9436 39.9221 22.1018 179.243 22.5338 30.0234 172.005 16.0634 16.9239 14.9276 25.3746 164.316 18.0637 146.252 15.1059 137.372 130.217 44.8507 19.036 155.942 14.6488 18.2822 144.392 85.3662
internal_count=1359 746 613 237 165 104 84 110 60 509 61 83 503 45 46 41 72 468 50 418 41 393 373 128 54 458 40 52 425 245
is_linear=0
shrinkage=0.05


Tree=19
num_leaves=31
num_cat=0
split_feature=37 6 14 78 68 18 27 68 5 124 64 28 23 122 77 32 91 23 12 4 18 5 86 70 93 90 104 14 109 128
split_gain=203.147 28.6385 21.8405 13.8037 8.95449 7.71976 7.66366 6.27027 10.1608 5.7869 5.19418 4.23676 3.29166 6.93363 2.79402 2.93583 2.71297 2.49726 0.830886 1.21475 0.83051 0.539585 0.340081 0.250938 0.249201 0.127699 0.0239529 0.0132893 0.00904146 0.00820488
threshold=1.5884670019149782 0.82318979501724254 1.6436328291893008 0.003169637056998909 0.042277758941054351 0.017123711295425895 -0.23322317749261853 0.017418975010514263 0.49843949079513555 0.083573423326015486 0.50907579064369213 0.71314892172813427 0.003131010453216732 -0.19321812689304349 0.0151976365596056 0.035731986165046699 0.39740559458732611 0.073337458074092879 0.10422739386558534 -0.34115967154502863 0.042859937995672233 0.23230993002653125 0.0086044361814856547 0.38365691900253301 0.039393907412886627 0.048095826059579856 0.019322340376675132 1.1213669180870058 0.0061854957602918157 1.4778510928153994
decision_type=2 2 2 2 2 2 2 2 2 2 2 2 2 2 2 2 2 2 2 2 2 2 2 2 2 2 2 2 2 2
left_child=2 3 14 4 11 18 10 21 -9 -10 -4 -2 13 -11 -1 17 23 20 26 -20 22 -7 -16 28 -24 -26 -3 29 -14 -27
right_child=1 5 6 -5 -6 7 -8 8 9 12 -12 -13 16 -15 15 -17 -18 -19 19 -21 -22 -23 24 -25 25 27 -28 -29 -30 -31
leaf_value=0.027763586114155109 0.028741340977729898 -0.041424033031894444 -0.038113391414182844 -0.031185385038193222 -0.013233390196038331 -0.024375016423867125 0.044503783084958372 0.048335689813864734 0.026708595499622734 0.024647196702561228 0.018596197666636723 0.079713997855491034 -0.045664222880417105 -0.043528346869170738 0.07893297994836404 0.037820560591896077 -0.0073718331097732239 0.043872138131521576 -0.044645575979393538 -0.013033223188989848 0.054057974359861372 -0.041806603355808956 0.060347613409755085 -0.033903603259661241 0.063919166320691612 0.069945598128221889 -0.042947336512048372 0.07232545389166832 -0.043271705773606901 0.071785283513760914
leaf_weight=6.3411585688590995 7.0814191997051301 73.752199530601501 8.8102921545505577 10.024706482887266 5.9777211546897879 5.2503564804792395 9.4444278627634031 6.1965060532093039 6.1398769468069068 8.5101793110370618 7.4539905488491049 9.6073557734489423 5.8538433611393037 6.638758420944213 9.4387817680835706 11.194162905216215 7.9265526831150046 12.144383579492567 5.8456789404153824 6.3289737552404386 9.1163974404335004 28.742717996239662 7.7370908856391898 9.2148666083812696 7.4727962613105765 23.1910954117775 39.69614876806736 13.037412643432615 12.134230300784109 8.2050178647041303
leaf_count=20 23 313 33 35 20 20 29 20 21 30 24 27 20 25 26 32 28 33 21 23 25 119 21 33 20 62 153 35 46 22
internal_value=0.000147936 -0.026025 0.0500934 0.0176696 0.0392767 -0.0324527 0.00867949 -0.021826 -0.0124404 -0.0191155 -0.0121231 0.0580852 -0.0247114 -0.00522955 0.0599628 0.0619737 -0.0331126 0.0649665 -0.0406249 -0.0282119 0.0682425 -0.0391142 0.0701143 -0.0406132 0.0687188 0.0699665 -0.041957 0.0709836 -0.0440503 0.0704264
internal_weight=388.509 254.922 133.587 32.6912 22.6665 222.231 25.7087 96.6079 62.6148 56.4183 16.2643 16.6888 50.2784 15.1489 107.878 101.537 35.1295 90.343 125.623 12.1747 78.1986 33.9931 69.0822 27.2029 59.6434 51.9063 113.448 44.4335 17.9881 31.3961
internal_count=1359 977 382 105 70 872 86 362 223 203 57 50 182 55 296 276 127 244 510 44 211 139 186 99 160 139 466 119 66 84
is_linear=0
shrinkage=0.05


Tree=20
num_leaves=31
num_cat=0
split_feature=104 24 104 14 110 26 30 7 33 19 97 4 59 105 106 59 43 46 46 15 7 15 58 30 0 104 5 77 9 9
split_gain=217.993 22.3148 14.7222 21.3557 12.603 7.50409 4.1249 2.79798 2.62511 6.88639 3.14705 2.18135 1.80845 1.4411 1.16955 1.12372 0.823337 0.643338 1.21681 0.441892 0.206615 0.213332 0.130548 0.119547 0.00873321 0.00352627 0.00153789 0.000429111 0.000215686 0.000197533
threshold=0.03183750435709954 0.013559894636273386 0.042418504133820541 2.650955438613892 0.27633507549762731 0.0038999181706458334 2.821019291877747 4.7238354682922372 0.013012671843171121 0.017818933352828029 0.080126583576202406 -0.20337978005409238 0.050115529447793968 0.0016495242016389968 0.019454169087111953 0.024305396713316444 0.0015940819284878673 0.72496894001960765 0.76840984821319591 -0.29753747582435602 4.0726599693298349 0.36549466848373419 0.32458403706550604 2.2588376998901372 0.011098390910774471 0.026927137747406963 0.56858858466148388 0.041057704016566283 0.028356975875794891 0.019805597141385082
decision_type=2 2 2 2 2 2 2 2 2 2 2 2 2 2 2 2 2 2 2 2 2 2 2 2 2 2 2 2 2 2
left_child=4 2 3 5 6 22 -1 12 9 16 -10 -5 13 -6 -12 -16 -4 20 -19 -17 21 24 -2 -21 29 -20 27 28 -26 -15
right_child=1 -3 8 11 7 -7 -8 -9 10 -11 14 -13 -14 17 15 19 -18 18 25 23 -22 -23 -24 -25 26 -27 -28 -29 -30 -31
leaf_value=0.043052107920443172 -0.031159024474380438 -0.029550585541255798 0.064794767565932318 0.086395030946421036 -0.010750897324319919 0.02677518084397203 -0.015249776129693318 -0.0020981892273346557 0.047815388018647501 0.027023913384581801 0.093514812256984367 0.052706162210930968 -0.0029456703340670818 -0.039181182432732636 0.061365571696719336 0.070047308450137791 0.087872522010256859 -0.013298360579574479 -0.039627677082895996 0.089524085299700601 -0.027998825580857992 -0.028385056992159242 -0.042607376008799498 0.081420590826485451 -0.039803569692235696 -0.041604692427054016 -0.040693341482692803 -0.040228559273541971 -0.040133301228726236 -0.039496512861242221
leaf_weight=6.8469599038362485 4.7236561626195925 7.9843423366546622 7.1166849136352566 8.3680876195430773 5.0545708686113349 8.4727007597684842 5.4475660622119904 6.2025464475154868 9.5915931463241559 12.080654978752134 10.967123717069624 11.284694015979765 3.9778695553541175 74.253577992320061 10.84325250983238 7.5413244068622545 8.4581923782825452 7.3268471211195019 4.1904620975255948 6.9883441925048926 4.2323987782001486 4.4154214560985556 5.2664212584495544 13.050805300474165 39.353183627128601 4.8844469785690308 7.03677774965763 8.7077842205762845 5.6746865957975379 5.3224599063396445
leaf_count=25 20 33 20 25 24 32 22 26 29 36 32 35 18 390 31 21 24 34 21 20 21 22 21 36 193 21 32 41 27 27
internal_value=0.00216706 0.051485 0.0566713 0.0307753 -0.0317646 -0.00783819 0.0172192 -0.0350986 0.068064 0.0553536 0.0740236 0.0670508 -0.0362721 -0.0370498 0.0791132 0.0750026 0.0773275 -0.0378535 -0.0284548 0.0803641 -0.0388881 -0.0392065 -0.0371942 0.0842466 -0.039547 -0.0406918 -0.0399983 -0.0399073 -0.0398451 -0.0392023
internal_weight=325.665 132.738 124.754 38.1156 192.928 18.4628 12.2945 180.633 86.638 27.6555 58.9824 19.6528 174.43 170.453 49.3909 38.4237 15.5749 165.398 16.4018 27.5805 148.996 144.764 9.99008 20.0391 140.348 9.07491 60.7724 53.7357 45.0279 79.576
internal_count=1359 415 382 133 944 73 47 897 249 80 169 60 871 853 140 108 44 829 76 77 753 732 41 56 710 42 293 261 220 417
is_linear=0
shrinkage=0.05


Tree=21
num_leaves=31
num_cat=0
split_feature=0 41 51 73 109 120 0 78 61 43 34 68 23 2 0 27 37 6 61 104 61 56 122 71 10 119 74 2 61 98
split_gain=254.658 15.3913 14.8801 8.04817 6.55123 5.81976 5.19991 4.74358 6.64888 4.47683 3.99341 2.65479 1.7697 1.74569 1.58402 3.22589 1.32831 1.13243 1.04237 0.957842 0.740833 0.443724 0.937582 1.59096 0.269063 0.113575 0.0780852 0.0118261 0.010767 0.00707595
threshold=0.013244625646620991 0.017047367990016941 0.0067367628216743478 1.3341403603553774 0.0036637326702475552 0.53668636083602916 0.017491580918431286 0.0028305952437222008 0.003474435419775546 0.0015567030059173705 0.41887897253036505 0.017418975010514263 0.0021623368375003342 0.0031070088734850292 0.018167528323829178 -0.39325767755508417 1.485993027687073 0.92001184821128856 0.074665836989879622 0.029804063960909847 0.0027953010285273199 -0.27047373354434961 -0.26120622456073755 0.21765057742595675 0.0067769985180348167 1.1904968619346621 0.078811381012201323 0.0048386876005679378 0.010901516303420069 3.5111172199249272
decision_type=2 2 2 2 2 2 2 2 2 2 2 2 2 2 2 2 2 2 2 2 2 2 2 2 2 2 2 2 2 2
left_child=2 3 11 17 10 6 -6 -4 -9 12 -5 16 -3 -7 15 -11 -1 25 20 -12 -16 22 -22 -24 26 -2 27 29 -23 -18
right_child=1 9 7 4 5 13 -8 8 -10 14 19 -13 -14 -15 18 -17 24 -19 -20 -21 21 28 23 -25 -26 -27 -28 -29 -30 -31
leaf_value=0.027071082349262685 -0.044102215630947725 -0.034492582660281088 -0.012560506017209856 0.0012579260939280684 0.046455258295291374 0.0004063400838963548 -0.0020140796326015235 0.054044087082040983 0.00017411747198086371 -0.053791508414389788 -0.031635802711180175 0.023495336330406288 0.00010556637916913478 -0.031773110395305823 -0.032347089874168761 -0.011207989551435669 0.049377551914578932 -0.024958959799509586 -0.030338980185155202 -0.056660737580319587 -0.051243265606697376 -0.052002752073203019 -0.022094396339832099 -0.051280934748754774 0.040349930070034228 -0.052521042206953299 0.0440919955359119 0.051464632419641325 -0.05077767378788093 0.051037262557227604
leaf_weight=7.3829069435596457 6.8212670385837617 7.132533907890318 13.543278992176054 7.4150070548057583 10.858959674835207 7.7285574972629574 11.283254712820051 10.519034147262575 12.575686037540434 8.403631806373598 8.1134953796863538 12.115272283554075 7.6711076200008392 9.2692022621631605 7.0329661369323722 9.4469400346279127 120.71186164021492 6.9232693314552298 8.7568948268890363 7.2320723533630362 25.190115660429001 26.151643633842468 9.4857189953327197 9.1952002346515638 8.8840838968753797 9.7068404555320722 6.8026998043060294 7.8563407361507407 57.084825575351715 6.782682240009307
leaf_count=21 20 20 37 20 30 21 31 30 35 24 22 34 21 25 20 26 367 20 25 20 74 76 27 27 26 28 20 23 169 20
internal_value=-0.00154376 -0.0344075 0.0398431 -0.0169909 -0.00754056 0.00486356 0.0217562 0.0109332 0.0247105 -0.0428754 -0.0288711 0.0460541 -0.0165641 -0.0171417 -0.0452984 -0.0312553 0.0477793 -0.0419354 -0.0470527 -0.0434296 -0.0481438 -0.0490178 -0.0449486 -0.0364607 0.0487916 -0.0490465 0.0493192 0.0495819 -0.0511626 0.0494658
internal_weight=468.077 260.904 207.174 85.3519 61.9005 39.14 22.1422 36.638 23.0947 175.552 22.7606 170.536 14.8036 16.9978 160.748 17.8506 158.421 23.4514 142.897 15.3456 134.14 127.108 43.871 18.6809 151.038 16.5281 142.154 135.351 83.2365 127.495
internal_count=1359 746 613 237 169 107 61 102 65 509 62 511 41 46 468 50 477 68 418 42 393 373 128 54 456 48 430 410 245 387
is_linear=0
shrinkage=0.05


Tree=22
num_leaves=31
num_cat=0
split_feature=14 0 28 1 10 92 79 14 4 100 53 113 46 76 98 59 122 127 70 130 113 86 75 57 56 44 30 59 9 21
split_gain=184.356 28.5145 14.5134 13.6783 11.8193 14.2925 11.3848 10.3187 7.42835 5.88744 6.16265 4.60422 3.50651 4.01968 4.25856 2.11103 1.51361 1.32935 1.23063 1.07118 0.957964 1.93178 0.284256 0.32087 0.171768 0.537753 0.0636199 0.0207499 0.0176534 0.014904
threshold=1.8972181677818301 0.011967515107244255 0.69648519158363353 0.003720689564943314 0.016291688196361068 0.72006115317344677 0.0095967063680291193 2.650955438613892 0.10508371144533159 0.64412498474121105 0.14407315850257876 0.096680566668510451 0.61907932162284862 0.69956839084625255 2.7678861618041997 0.048536548390984542 -0.26525790989398951 0.0034178352216258649 0.51804628968238842 0.8608643412590028 0.14703946560621264 0.0040213679894804963 0.0086861527524888533 0.062675973400473609 -0.27478227019309992 0.0015124447527341547 1.3814911246299746 0.009937935974448921 0.021507619880139831 0.069725237786769881
decision_type=2 2 2 2 2 2 2 2 2 2 2 2 2 2 2 2 2 2 2 2 2 2 2 2 2 2 2 2 2 2
left_child=1 9 11 16 5 8 -4 -7 12 -1 -11 -3 27 -14 -15 17 -2 -13 -19 22 -6 -22 -20 26 25 -18 29 -5 -26 -24
right_child=3 2 6 4 20 7 -8 -9 -10 10 -12 15 13 14 -16 -17 24 18 19 -21 21 -23 23 -25 28 -27 -28 -29 -30 -31
leaf_value=-0.042579144561629728 -0.012745385023304134 0.028188672036447676 0.045067814438001577 -0.042021764709973902 -0.0427024510726393 0.067541536749460701 -0.034489038124937137 -0.010085747972885032 0.035592443208765756 -0.025773027228617636 0.047289020562369138 0.042033961035695566 -0.044746525280013688 0.029488198455516264 -0.020461552858656334 0.03568173968944572 -0.041616551617169151 0.083832249562728223 0.055645074113166049 0.048553946669121585 -0.0060714930302094017 -0.044155182699461344 0.066250848707234855 0.056894082979220009 -0.040880702626531373 -0.021844392731944506 0.071254095496997599 -0.04586254690800344 -0.042367534402766999 0.068529774147565836
leaf_weight=9.0612345933914202 5.1134779453277579 12.148360446095465 9.9824434518814105 9.0191464126110059 24.498239636421204 10.683036834001543 8.1831769943237287 7.143451899290084 5.967379316687583 5.693590968847273 5.8533510565757751 7.1530368924140921 7.0114101618528393 7.2296931743621853 10.413315385580061 7.7795589566230765 11.640806451439859 7.4908300042152396 7.2749866247177115 11.554865807294844 6.3457122445106489 7.0062354952096939 35.602621138095856 8.2275496721267682 78.249467104673386 4.8806875944137564 9.3115225136280042 5.7638912200927725 26.801789775490761 8.984900236129759
leaf_count=36 21 35 29 37 96 31 28 25 20 22 20 21 25 25 38 21 49 21 20 31 22 26 95 22 347 20 25 20 107 24
internal_value=0.000137913 0.0423354 0.0507743 -0.0284489 -0.0147316 -0.00150353 0.00922936 0.0364346 -0.0163985 -0.0124107 0.0112634 0.0573068 -0.0242654 -0.0127206 6.68956e-06 0.0607285 -0.0393938 0.0627667 0.0644434 0.0626494 -0.0368301 -0.0260553 0.0649962 0.0660912 -0.0405147 -0.0357756 0.0674951 -0.0435193 -0.04126 0.0667101
internal_weight=382.07 154.302 133.694 227.768 101.082 63.2313 18.1656 17.8265 45.4048 20.6082 11.5469 115.528 39.4375 24.6544 17.643 103.38 126.686 95.6003 88.4473 80.9564 37.8502 13.3519 69.4016 62.1266 121.573 16.5215 53.899 14.783 105.051 44.5875
internal_count=1359 450 372 909 365 221 57 56 165 78 42 315 145 88 63 280 544 259 238 217 144 48 186 166 523 69 144 57 454 119
is_linear=0
shrinkage=0.05


Tree=23
num_leaves=31
num_cat=0
split_feature=104 34 47 104 110 16 32 50 15 92 4 77 0 88 30 78 62 22 0 97 47 35 68 15 77 0 10 98 77 109
split_gain=196.392 20.3787 12.3044 12.1054 12.0516 5.88702 3.33848 3.16803 5.98695 2.83008 3.37378 5.79006 1.92776 1.69085 2.23988 3.60001 2.69028 1.19735 1.1129 1.07759 0.487104 0.215519 0.215183 0.188526 0.0201298 0.00825595 0.00378042 0.000854374 0.000545064 0.00023753
threshold=0.03183750435709954 0.60468336939811718 0.79899582266807567 0.039586836472153671 0.27633507549762731 0.0013162562390789392 0.040040852501988418 0.039587041363120086 -0.13830441236495969 0.57760959863662731 -0.21225987374782559 0.012874742038547994 0.054123032838106162 0.0040389350615441808 2.2485268115997319 0.0035657810512930159 0.0044448063708841809 0.0041892598383128652 0.010001782327890398 0.18045765161514285 0.82738113403320324 0.02321010455489159 0.048005817458033569 0.36549466848373419 0.025863262824714187 0.011199803091585638 0.0095959771424531954 2.3398386240005498 0.041831964626908309 0.0028980120550841097
decision_type=2 2 2 2 2 2 2 2 2 2 2 2 2 2 2 2 2 2 2 2 2 2 2 2 2 2 2 2 2 2
left_child=4 2 3 -2 5 -1 -5 8 -4 12 21 18 23 14 15 -9 17 19 -12 -16 -19 -11 -22 25 -24 -6 -23 28 29 -27
right_child=1 -3 7 6 9 -7 -8 13 -10 10 11 -13 -14 -15 16 -17 -18 20 -20 -21 22 26 24 -25 -26 27 -28 -29 -30 -31
leaf_value=-0.018316324106763912 -0.034590637013090397 -0.02936708034682578 0.067806448063224709 0.021329020062902469 -0.038806432134168775 0.050622977039001017 0.065293110377243099 0.022993550854864646 0.0016308321766390606 -0.027197517124243509 -0.039317166016631364 0.034641901603277125 -0.0040725724096317599 0.081779596568878968 0.073088160889163964 0.064168939504153408 0.042027911930948347 0.066733979693740023 -0.0072259710379753359 0.045601596868289629 0.087129928786290264 -0.039622290771314135 0.078993052229836838 -0.029107688276034539 0.075293955094774281 -0.039795253034384082 -0.041314931427074486 -0.040263657375212009 -0.039935384622533258 -0.039437082689809146
leaf_weight=6.1408278644084913 6.998286426067355 8.002229303121565 7.6409729272127151 8.6164929568767565 75.551411882042885 6.24696084856987 8.6560048162937147 8.7909304052591342 6.1838987171649915 3.9800562560558346 6.923242315649988 5.7912344783544532 4.1212163418531409 11.550406336784361 7.2693104445934278 13.400366753339766 9.2200938761234266 8.3925265371799487 4.4305320084095001 6.9988567233085632 8.4885867238044757 6.5725727528333646 7.3136194646358472 4.851476624608039 7.398089200258255 5.2861108034849158 6.622636005282402 4.606280416250228 7.8376283049583426 37.232688814401627
leaf_count=25 30 34 24 29 416 22 27 27 21 20 36 23 19 32 20 38 26 23 20 20 24 33 20 25 20 26 29 22 38 190
internal_value=0.00208618 0.0480214 0.0529007 0.0208845 -0.0311994 0.0164486 0.0433614 0.0604709 0.0382059 -0.0345955 -0.0217329 -0.00604245 -0.0377602 0.0639363 0.0612692 0.0478576 0.0666725 0.0716272 -0.0267944 0.0596054 0.0770565 -0.0373957 0.0807906 -0.0387859 0.0771329 -0.0391456 -0.0404718 -0.0396119 -0.0395522 -0.0394816
internal_weight=321.116 134.921 126.918 24.2708 186.195 12.3878 17.2725 102.648 13.8249 173.807 34.3203 17.145 139.487 88.8228 77.2724 22.1913 55.0811 45.861 11.3538 14.2682 31.5928 17.1753 23.2003 135.366 14.7117 130.514 13.1952 54.9627 50.3564 42.5188
internal_count=1359 415 381 86 944 47 56 295 45 897 161 79 736 250 218 65 153 127 56 40 87 82 64 717 40 692 62 276 254 216
is_linear=0
shrinkage=0.05


Tree=24
num_leaves=31
num_cat=0
split_feature=0 69 77 123 109 1 6 43 12 109 32 1 102 19 1 59 111 23 57 101 9 9 39 93 1 42 77 60 57 65
split_gain=230.941 14.1601 12.7113 7.63681 5.23695 4.47977 5.99643 3.7064 2.74262 3.02515 3.09714 2.08031 3.57879 1.82689 3.38093 2.5148 1.50007 1.30064 0.888996 4.74085 0.515776 0.513088 0.140112 0.137991 0.102841 0.102607 0.0234931 0.0145877 0.00794566 0.00566365
threshold=0.013244625646620991 0.005780890118330718 0.015891490504145626 0.17758855223655703 0.0035215122625231747 0.0057376811746507892 1.0260170698165896 0.0035729057854041462 -0.13014315813779828 0.015372265595942737 0.029743325896561149 0.0051790797151625165 0.065077099949121489 0.018083184957504276 0.003533327486366034 0.019245424307882789 0.088526099920272841 0.073337458074092879 0.0035393188009038572 0.45494274795055395 0.019805597141385082 0.06541853025555612 0.06023449823260308 0.04699870944023133 0.004318265477195383 0.0079783145338296908 0.023080751299858097 0.016497573815286163 0.0021823582937940959 0.74688822031021129
decision_type=2 2 2 2 2 2 2 2 2 2 2 2 2 2 2 2 2 2 2 2 2 2 2 2 2 2 2 2 2 2
left_child=1 11 4 8 -2 6 16 -6 -4 13 -11 20 -13 14 -10 -16 -3 18 19 -15 24 22 25 -21 28 -20 -25 29 -1 -27
right_child=2 5 3 -5 7 -7 -8 -9 9 10 -12 12 -14 17 15 -17 -18 -19 21 23 -22 -23 -24 26 -26 27 -28 -29 -30 -31
leaf_value=0.048081754490134902 -0.030751773790064531 0.022084278080363815 -0.012820867484471345 -0.0010813773780864219 -0.0066726396256309179 -0.018607532772490935 -0.0070261642487214511 0.034828052786172396 -0.052992970179420056 -0.040023540411186748 0.0043669189634731138 0.052159573391083382 0.0038819262396317467 -0.010117864783724725 -0.03355596739441901 0.0056985665366294409 0.049464020419779021 -0.027987911733818135 -0.054885880184129258 -0.043289188611567449 0.03628292936452928 -0.035750202488060767 -0.042962392534617422 -0.053062134854382638 0.04189529437853768 -0.050164966243160927 -0.049974281383161234 -0.049182932067827617 0.049860565558828229 -0.051748450368402366
leaf_weight=121.45699521899223 13.109138548374174 8.8267543017864245 8.9250363409519178 13.474370956420897 14.381037414073946 9.0965242981910688 11.937146157026289 8.5956672132015211 10.756318449974062 8.8205484151840192 7.0860062539577475 7.569939047098158 7.7879592776298523 9.9713193476200086 9.71509698033333 7.0341764688491812 11.546612977981566 10.350354343652723 10.857269674539564 6.6404002904891994 10.370777070522307 6.9773558080196372 6.9541682302951804 11.482928156852724 6.8723926842212668 20.011440694332126 13.287834376096724 49.720181703567505 6.6200171411037436 7.8667555153369895
leaf_count=381 36 25 25 38 39 25 33 24 31 26 20 22 22 28 28 20 33 30 31 20 31 21 21 33 21 60 40 152 20 23
internal_value=-0.00149841 0.0384598 -0.0330391 -0.037552 -0.00553454 0.0123877 0.0211139 0.00885292 -0.0399322 -0.0411572 -0.0202486 0.0451787 0.0276781 -0.0429883 -0.0311182 -0.0170703 0.0376018 -0.0451068 -0.0463392 -0.0401548 0.0470282 -0.0488388 -0.049796 -0.0496899 0.047854 -0.0503333 -0.0514057 -0.0496963 0.0481737 -0.0506118
internal_weight=458.103 202.085 256.017 219.932 36.0858 41.407 32.3105 22.9767 206.457 197.532 15.9066 160.678 15.3579 181.626 27.5056 16.7493 20.3734 154.12 143.77 41.3825 145.32 102.387 95.4098 31.4112 134.949 88.4556 24.7708 77.5984 128.077 27.8782
internal_count=1359 613 746 647 99 116 91 63 609 584 46 497 44 538 79 48 58 459 429 121 453 308 287 93 422 266 73 235 401 83
is_linear=0
shrinkage=0.05


Tree=25
num_leaves=31
num_cat=0
split_feature=14 0 26 1 10 128 113 4 28 113 9 105 15 59 122 66 0 48 124 113 38 53 57 56 53 32 1 68 129 21
split_gain=167.172 25.2866 13.7401 13.1771 11.2187 12.206 9.82396 5.59659 7.5276 4.93264 3.91101 2.65229 2.58323 2.06038 1.50372 1.45 1.38697 1.22123 1.92258 0.956224 1.38929 0.747463 0.291198 0.177025 0.548414 0.0666655 0.0201714 0.0179799 0.0117245 0.00431161
threshold=1.8972181677818301 0.01103473547846079 0.0061488670762628326 0.003720689564943314 0.016291688196361068 0.42466934025287634 0.18526121228933337 0.10508371144533159 0.73154067993164074 0.096680566668510451 0.014723105356097223 0.0092055122368037718 0.019422584213316444 0.048536548390984542 -0.26525790989398951 1.9939548969268801 0.018167528323829178 3.2904140949249272 0.18722339719533923 0.14703946560621264 -0.20809020847082135 0.16240115463733676 0.062675973400473609 -0.27478227019309992 -0.067713484168052659 0.033398820087313659 0.0068369675427675256 0.017418975010514263 0.27740781009197241 0.06446832045912744
decision_type=2 2 2 2 2 2 2 2 2 2 2 2 2 2 2 2 2 2 2 2 2 2 2 2 2 2 2 2 2 2
left_child=1 10 6 14 5 -5 11 8 12 -4 -1 -3 17 15 -2 16 -11 26 -19 -6 -21 -18 25 24 -16 28 -7 -25 29 -23
right_child=3 2 9 4 19 7 -8 -9 -10 13 -12 -13 -14 -15 23 -17 21 18 -20 20 -22 22 -24 27 -26 -27 -28 -29 -30 -31
leaf_value=-0.041866938517641415 -0.012026570154264147 0.0080356923493105064 0.025253658308547977 0.046873459337310006 -0.042173556360059122 -0.042051007030798129 0.058047510122324335 0.033738069654367632 0.022573652995108443 0.042961318536339096 0.011709139652634724 -0.031978807477788328 0.00069944337774004736 0.033228860333741783 -0.041097109900644219 0.080742229590244241 0.045589735074464274 -0.00683011494231017 -0.043999438539524989 -0.043512711945582198 -0.010758055893065655 0.062427323246169134 0.053682005598657462 -0.040339805411291202 -0.020778898703450347 0.068144956833400092 -0.045698958735659996 -0.041863968339645563 0.064631956803155907 0.063713569450290539
leaf_weight=9.3243679553270322 5.0255554020404807 10.357946604490285 13.095189124345778 10.834178835153578 23.681852340698242 9.4501613229513186 8.3702552020549756 6.0445361882448188 9.3488450646400434 12.886445701122282 5.3669739067554465 6.8997876346111289 6.5571482181549063 7.8212756514549246 11.17472258210182 7.6910004019737235 7.2940762341022483 7.8677353560924512 6.236846998333931 5.8352655470371246 7.2713651508092862 31.344054013490677 8.2330878674983961 74.364251732826233 4.7254421412944785 7.472721815109252 6.3262697309255591 26.154515251517296 9.7306227385997754 8.2249057888984662
leaf_count=39 21 33 38 32 96 39 23 20 32 36 20 24 24 21 49 22 20 29 23 22 26 84 22 346 20 20 22 108 26 22
internal_value=0.000129955 0.0400974 0.0466719 -0.0277539 -0.0142592 -0.00139243 0.0135968 -0.0114813 -0.0174509 0.0541209 -0.0222948 -0.00796244 -0.0277199 0.057875 -0.038805 0.0599504 0.0580733 -0.0339563 -0.0232659 -0.0361766 -0.0253409 0.0607668 0.0624697 -0.0399609 -0.0350586 0.0637441 -0.0435138 -0.0407364 0.0630771 0.0626947
internal_weight=375.011 154.113 139.421 220.899 99.4542 62.6657 25.628 51.8315 45.787 113.793 14.6913 17.2577 36.4382 100.698 121.444 92.8769 85.1859 29.881 14.1046 36.7885 13.1066 72.2995 65.0054 116.419 15.9002 56.7723 15.7764 100.519 49.2996 39.569
internal_count=1359 450 391 909 365 221 80 189 169 311 59 57 137 273 544 252 230 113 52 144 48 194 174 523 69 152 61 454 132 106
is_linear=0
shrinkage=0.05


Tree=26
num_leaves=31
num_cat=0
split_feature=104 34 110 54 104 16 32 51 7 59 25 23 10 44 23 105 50 63 64 64 28 84 4 105 90 5 0 104 0 7
split_gain=177.625 18.0723 11.456 10.7105 10.9333 5.23902 2.86928 2.78546 2.71325 1.78016 1.72187 4.30947 4.93234 3.63954 2.28506 1.48919 0.867907 1.37696 0.56974 1.14303 0.50423 1.31907 0.325449 0.262585 0.185619 0.0337295 0.0073666 0.00486887 0.000815102 0.000693838
threshold=0.03183750435709954 0.60468336939811718 0.27633507549762731 0.11161671951413156 0.039586836472153671 0.0013162562390789392 0.040040852501988418 0.013210056349635126 4.7238354682922372 0.050115529447793968 0.0022671225015074019 0.0029879574431106453 0.021557324565947059 0.0019234093488194051 0.0066236769780516633 0.0016495242016389968 0.062054088339209564 -0.28648945689201349 0.40847127139568334 0.43813000619411474 0.70616173744201671 0.001402671914547682 -0.46644565463066096 0.0099109173752367514 0.1026911959052086 0.72669100761413585 0.01130182482302189 0.026927137747406963 0.011199803091585638 2.2960416078567509
decision_type=2 2 2 2 2 2 2 2 2 2 2 2 2 2 2 2 2 2 2 2 2 2 2 2 2 2 2 2 2 2
left_child=2 3 5 7 -5 -1 -6 -2 9 15 23 12 13 -12 16 -4 24 22 26 -20 27 -22 -18 -9 -13 -24 -17 28 -21 -28
right_child=1 -3 8 4 6 -7 -8 10 -10 -11 11 14 -14 -15 -16 18 17 -19 19 20 21 -23 25 -25 -26 -27 29 -29 -30 -31
leaf_value=-0.017850250774256848 0.033890372937975075 -0.028798945325591269 -0.0087190650745585466 -0.034069710641513248 0.020091436628101263 0.046934386044412524 0.060479623108747417 0.080722258275110953 -0.0012648494997651381 -0.0019730371135895874 0.044337335504336314 0.071759467274152625 0.067585942211724939 -0.0072332796728482628 0.036983791370071128 -0.038436496518841429 0.061301337398078019 0.044022080015143468 -0.0095795009225761209 -0.0387075140340601 -0.040396443758828657 -0.0042273723266671266 0.075787221631568216 0.067966211064513546 0.082575486275288559 0.071020085278185111 -0.039188548549815828 -0.040659959581650633 -0.03945830884325506 -0.039858378536942463
leaf_weight=6.0575932562351209 12.064370289444922 7.8170333802700034 4.7882565557956687 6.8167942017316845 8.6946902573108691 6.4365317970514297 8.8975716382265073 7.9788417518138912 6.0592620968818656 3.8988793045282355 7.0117405354976672 7.6266143321990958 8.5445236265659315 6.6811359822750092 6.8578568398952475 67.669999450445175 8.9119991064071638 7.2976335287094178 5.0665905475616446 8.2287073582410866 6.4243331998586637 4.1485759615898132 7.3757282495498639 8.1607609391212446 8.2658701539039594 7.4669266939163208 43.366423562169075 6.7492776960134497 6.4475153088569632 4.2444480657577506
leaf_count=25 39 34 24 30 29 22 27 22 26 18 20 21 23 20 21 392 24 20 27 46 31 20 20 22 23 20 228 31 33 21
internal_value=0.00201764 0.0450165 -0.0306578 0.0495016 0.019688 0.0155245 0.0405184 0.0564826 -0.034111 -0.0353469 0.0594394 0.0562911 0.0377762 0.0191746 0.0639436 -0.036175 0.0678819 0.0630183 -0.037038 -0.0316455 -0.0351394 -0.0262045 0.0688541 0.0742723 0.077385 0.073389 -0.0387718 -0.0395485 -0.0390374 -0.0392483
internal_weight=316.056 136.47 179.586 128.653 24.4091 12.4941 17.5923 104.244 167.092 161.033 92.1796 76.04 22.2374 13.6929 53.8026 157.134 46.9448 31.0523 152.346 37.065 31.9984 10.5729 23.7547 16.1396 15.8925 14.8427 115.281 21.4255 14.6762 47.6109
internal_count=1359 415 944 381 86 47 56 295 897 871 256 212 63 40 149 853 128 84 829 188 161 51 64 44 44 40 641 110 79 249
is_linear=0
shrinkage=0.05


Tree=27
num_leaves=31
num_cat=0
split_feature=0 51 41 73 109 5 115 78 61 43 55 34 68 23 0 44 6 6 61 104 61 56 122 71 102 9 37 68 2 75
split_gain=209.984 13.5549 13.5185 7.02065 5.79851 6.33542 7.04329 4.29585 5.96361 4.2938 4.00138 3.6503 2.5031 1.64399 1.5508 3.01024 1.29509 1.08002 1.01876 0.902545 0.728243 0.433519 0.956242 1.55724 0.372244 0.293878 0.121492 0.0696858 0.0332154 0.0127726
threshold=0.013244625646620991 0.0067367628216743478 0.017047367990016941 1.3341403603553774 0.0036637326702475552 0.76692315936088573 0.20879713445901874 0.0028305952437222008 0.003474435419775546 0.0015567030059173705 2.825430274009705 0.41887897253036505 0.017418975010514263 0.0021623368375003342 0.018167528323829178 0.0025210229214280848 0.83539888262748729 0.92001184821128856 0.074665836989879622 0.029804063960909847 0.0027953010285273199 -0.27047373354434961 -0.26120622456073755 0.21765057742595675 0.066539939492940917 0.019805597141385082 1.0651599168777468 0.014944020193070175 0.0049340664409101018 0.0073907189071178445
decision_type=2 2 2 2 2 2 2 2 2 2 2 2 2 2 2 2 2 2 2 2 2 2 2 2 2 2 2 2 2 2
left_child=1 12 3 17 11 6 10 -3 -9 13 24 -5 16 -4 15 -11 -1 26 20 -13 -16 22 -22 -24 -6 27 -2 28 -18 -23
right_child=2 7 9 4 5 -7 -8 8 -10 14 -12 19 -14 -15 18 -17 25 -19 -20 -21 21 29 23 -25 -26 -27 -28 -29 -30 -31
leaf_value=0.02482640834363594 -0.041151048556328292 -0.012843102789638797 -0.031583937409660867 0.0020242225726555632 0.037151505961807121 -0.037097267678156007 -0.02142710149914645 0.051361980318807281 -0.00032526970883845163 -0.046594871386245199 0.00026826415949645271 -0.029461580546116192 0.021313415552647135 0.00211599688308613 -0.029426927027929092 -0.0045018284767809153 0.046864591548905682 -0.022458274667648853 -0.027451345487744312 -0.053994637950644957 -0.048679644996043735 -0.049377981308265373 -0.019037981249218669 -0.048564918934988419 0.053067820097425548 0.036863984386210892 -0.050077556711090723 0.042368112387587135 0.049975312575409991 -0.048007613931133925
leaf_weight=7.4264227151870719 6.4632094502449062 13.476868033409117 6.9249041974544507 7.3709506988525417 7.1521163880825096 7.2241984009742728 9.4054157435893995 10.110797315835955 12.455255329608915 9.791709631681444 7.4100826978683463 8.0285491049289686 11.861604541540144 7.580459326505661 6.7933154106140128 7.5011857748031607 116.05900555849075 6.7070529758930197 8.4760326743125898 7.0329276323318473 23.902458786964417 24.887626707553864 9.1863555312156695 8.6890034377574903 7.5529070198535919 7.8798908591270438 9.2914678156375867 8.3158978223800641 9.2665436267852765 53.677748173475266
leaf_count=22 20 37 20 20 20 20 26 30 35 29 20 22 34 21 20 21 377 20 25 20 74 76 27 27 21 24 28 26 28 169
internal_value=-0.00145451 0.0372072 -0.0317698 -0.0153548 -0.00657707 0.00513585 0.0148153 0.00949353 0.0228334 -0.0399708 0.0302289 -0.0268073 0.0434188 -0.0139725 -0.0424372 -0.0283361 0.0451792 -0.0392619 -0.0442353 -0.0409172 -0.0453543 -0.0462533 -0.042138 -0.0333907 0.0453266 0.0462472 -0.0464155 0.0468005 0.0470946 -0.0484417
internal_weight=447.902 196.852 251.05 83.6389 61.1771 38.7447 31.5205 36.0429 22.5661 167.411 22.1151 22.4324 160.809 14.5054 152.905 17.2929 148.948 22.4617 135.613 15.0615 127.137 120.343 41.7778 17.8754 14.705 141.521 15.7547 133.641 125.326 78.5654
internal_count=1359 613 746 237 169 107 87 102 65 509 61 62 511 41 468 50 477 68 418 42 393 373 128 54 41 455 48 431 405 245
is_linear=0
shrinkage=0.05


Tree=28
num_leaves=31
num_cat=0
split_feature=14 0 1 23 78 10 92 14 17 113 9 46 63 98 44 2 6 122 66 113 46 0 113 56 44 104 59 9 2 59
split_gain=152.027 22.3735 12.7016 12.3414 12.6414 10.6237 12.1078 8.61192 6.447 4.2857 3.7602 3.39303 3.83261 3.85087 3.31092 2.02205 1.59776 1.49922 1.26128 0.950179 1.54207 0.797369 0.235191 0.182565 0.559897 0.0352215 0.0206461 0.0180574 0.0163936 0.00609019
threshold=1.8972181677818301 0.01103473547846079 0.003720689564943314 0.0078044123947620401 0.0039085010066628465 0.016291688196361068 0.72006115317344677 2.650955438613892 1.2301281094551089 0.096680566668510451 0.014723105356097223 0.61907932162284862 -0.17676921188831327 2.7678861618041997 0.003809158108197153 0.074887208640575423 0.70154890418052684 -0.26525790989398951 1.9348537325859072 0.14703946560621264 0.82500362396240245 0.017491580918431286 0.16214524954557422 -0.27478227019309992 0.0015124447527341547 0.029070582240819934 0.009937935974448921 0.021507619880139831 0.053637836128473289 0.015645739622414116
decision_type=2 2 2 2 2 2 2 2 2 2 2 2 2 2 2 2 2 2 2 2 2 2 2 2 2 2 2 2 2 2
left_child=1 10 17 4 14 6 8 -8 11 -5 -1 26 -13 -14 -3 16 -11 -2 21 -7 -21 -18 -23 24 -19 28 -4 -25 29 -24
right_child=2 3 5 9 -6 19 7 -9 -10 15 -12 12 13 -15 -16 -17 18 23 -20 20 -22 22 25 27 -26 -27 -28 -29 -30 -31
leaf_value=-0.04131906296402818 -0.011291999302538986 0.057124744285354023 -0.041155305534086167 0.024785903519577795 -0.028360935637375725 -0.041663526630885732 0.060886967417168585 -0.0098053691370790352 0.032278079778950634 0.037361754800906519 0.011643251527237941 -0.043841127537264962 0.028447366449290482 -0.019295240319719596 0.013400841853206292 0.031102298810810572 0.041900902955880608 -0.040624765989370294 0.079216723821445775 -0.044332176576585593 -0.0094359525798334148 0.053562190593482585 0.061228661946758703 -0.039847471669712246 -0.019735914330601113 0.064091552905804525 -0.045087693573594705 -0.041408720687325082 0.062422984749588684 0.059652143412324554
leaf_weight=8.931593790650366 4.9378478527069083 11.25349092483521 8.440588250756262 12.905905336141585 10.580981060862539 22.85123185813427 10.978087037801744 7.0909299254417411 6.097859874367713 8.8083391487598401 5.3640286475419989 6.7017353326082221 7.2607575207948747 10.097319677472113 7.0370383858680716 7.8410827517509452 7.1364009082317343 10.719274699687956 7.5704865753650656 5.6207311600446683 7.2484762817621231 13.332176744937895 7.8059529066085807 71.038501247763634 4.5778817385435095 7.8254430294036856 5.5212253332138053 25.05162487924099 8.5697989463806135 28.463329643011093
leaf_count=39 21 32 37 37 37 96 31 25 20 24 20 25 25 38 21 21 20 49 21 21 27 36 21 347 20 21 20 107 23 77
internal_value=0.000126608 0.0381194 -0.0270823 0.0442398 0.0151384 -0.0138121 -0.00132961 0.0331448 -0.0154485 0.05186 -0.0214464 -0.0231028 -0.0117246 0.000675145 0.0403026 0.0554492 0.0575819 -0.0382517 0.0597889 -0.0355438 -0.0246772 0.0577778 0.0594946 -0.0394468 -0.0343735 0.0609964 -0.0427104 -0.0402545 0.0604562 0.0599914
internal_weight=367.66 153.426 214.234 139.13 28.8715 97.9089 62.1885 18.069 44.1195 110.259 14.2956 38.0216 24.0598 17.3581 18.2905 97.353 89.5119 116.325 80.7036 35.7204 12.8692 73.1331 65.9967 111.387 15.2972 52.6645 13.9618 96.0901 44.8391 36.2693
internal_count=1359 450 909 391 90 365 221 56 165 301 59 145 88 63 53 264 243 544 219 144 48 198 178 523 69 142 57 454 121 98
is_linear=0
shrinkage=0.05


Tree=29
num_leaves=31
num_cat=0
split_feature=104 34 110 47 104 16 92 4 129 45 9 28 91 15 64 121 1 44 0 74 36 94 15 77 0 60 9 98 77 109
split_gain=160.839 16.1495 10.8771 9.42339 9.90212 4.69662 2.85573 3.32983 5.51927 2.662 2.51338 2.69904 3.58881 2.40096 3.17995 2.63193 2.27387 1.96225 0.762106 0.453457 0.212471 0.210293 0.199089 0.0842925 0.00856579 0.00413353 0.00380392 0.00113179 0.000699354 0.000239423
threshold=0.03183750435709954 0.60468336939811718 0.27633507549762731 0.79899582266807567 0.039586836472153671 0.0013162562390789392 0.57760959863662731 -0.21225987374782559 0.287612795829773 -0.47108793258666987 0.06122009456157685 0.82193458080291759 0.26314453780651098 -0.26896911859512324 0.69574761390686046 3.8952221870422368 0.077917844057083144 0.0023717540316283707 0.035840332508087165 -0.32649865746498102 0.01710815075784922 0.40684190392494207 0.36549466848373419 0.025399029254913334 0.010952100157737734 0.0052580293267965325 0.028764861635863784 2.3398386240005498 0.041831964626908309 0.0028980120550841097
decision_type=2 2 2 2 2 2 2 2 2 2 2 2 2 2 2 2 2 2 2 2 2 2 2 2 2 2 2 2 2 2
left_child=2 3 5 4 -2 -1 16 20 -9 -6 11 12 17 -14 15 -15 22 -5 19 -12 -8 -10 24 -21 -4 -25 -22 28 29 -26
right_child=1 -3 6 10 9 -7 7 8 21 -11 18 -13 13 14 -16 -17 -18 -19 -20 23 26 -23 -24 25 27 -27 -28 -29 -30 -31
leaf_value=-0.017445179397440697 -0.033561925515242501 -0.02829925132532192 -0.038110414624285917 0.075489455323207638 0.020327219747166406 0.043712694156591424 -0.026480913506851739 0.023948234464236145 -0.040871410946442803 0.059082494749519536 0.056148354634491728 0.070580908459158348 0.057160078678673655 0.021375839358965591 -0.0014994230218152839 0.0590121325733311 0.0030340006575910721 0.045026566923043854 0.050088872282657321 0.074769909562163325 -0.039072285601848764 -0.024701138991358746 -0.027792887426425689 0.069092258607143131 -0.039115219089494148 0.067451025441606263 -0.040849325554456792 -0.039655015022591611 -0.039314929096724807 -0.038753613188351063
leaf_weight=5.9834680557250959 6.6439429670572308 7.6460649073123923 66.2208481580019 9.7085390388965624 9.7554314583539998 6.6039825230836868 3.9164616614580181 8.3468558341264742 4.62439416348934 8.1179489493370021 7.4639401733875266 10.306700170040129 7.8635366857051805 11.498359501361856 7.6589311808347693 7.7937078773975363 3.452375814318656 11.605484455823897 8.7664514034986478 7.3244485259056153 6.7112321108579618 3.5572625398635864 4.5123877972364417 7.4854133427143079 5.2594983577728263 7.8696837723255157 5.4626632630825043 5.2824281901121131 7.8920249491929999 35.305214360356331
leaf_count=25 30 34 403 27 31 22 21 37 22 25 20 28 22 35 23 22 16 33 24 20 36 20 25 20 28 21 25 27 41 196
internal_value=0.00194737 0.0423175 -0.0301164 0.0464753 0.0185561 0.0146412 -0.0336256 -0.0204195 -0.0046575 0.0379296 0.052973 0.0470625 0.0427439 0.0328514 0.0257588 0.0365803 -0.036993 0.0589024 0.0630646 0.0668383 -0.0366108 -0.0338408 -0.0381032 0.0703564 -0.038491 0.0682511 -0.0398697 -0.03896 -0.0388843 -0.0388005
internal_weight=310.64 137.509 173.131 129.863 24.5173 12.5875 160.544 32.6189 16.5285 17.8734 105.345 66.4353 56.1286 34.8145 26.951 19.2921 127.925 21.314 38.9099 30.1435 16.0904 8.18166 124.472 22.6795 119.96 15.3551 12.1739 53.7392 48.4567 40.5647
internal_count=1359 415 944 381 86 47 897 161 79 56 295 190 162 102 80 57 736 60 105 81 82 42 720 61 695 41 61 292 265 224
is_linear=0
shrinkage=0.05


Tree=30
num_leaves=31
num_cat=0
split_feature=0 42 50 32 18 0 27 86 74 16 74 20 32 112 15 43 22 74 114 59 76 30 94 96 78 78 62 69 60 2
split_gain=206.641 10.485 9.9199 7.3142 7.42292 6.73339 4.19416 3.58578 3.19245 3.80345 3.69632 2.54442 2.26138 1.92716 1.92204 1.33179 1.11612 0.799421 0.757054 1.52549 0.642172 0.592293 0.465935 0.300416 0.173199 0.0993045 0.0804287 0.031378 0.0163792 0.0132824
threshold=0.012976728379726412 0.0075482088141143331 0.039587041363120086 0.036205548793077476 0.016714574769139293 0.0097577655687928217 -0.13417771458625791 0.0030839765677228574 -0.07096534967422484 0.0043830338399857291 -0.26068015396594996 0.021243219263851646 0.021117960102856163 0.2512988150119782 -0.10290348529815672 0.0056059812195599088 0.0723138563334942 0.12586839497089389 0.049254124984145171 0.021359125152230266 0.23916034400463107 2.2899681329727177 0.44308039546012884 0.025730808265507225 0.001021773321554065 0.0046772926580160865 0.0025354006793349986 0.0058244522660970697 0.010763701051473619 0.0039054715307429437
decision_type=2 2 2 2 2 2 2 2 2 2 2 2 2 2 2 2 2 2 2 2 2 2 2 2 2 2 2 2 2 2
left_child=5 2 3 4 -2 17 8 -6 9 10 -7 -3 -9 -5 18 -14 20 24 19 -4 -13 -12 23 -22 -1 -21 -25 29 -28 -26
right_child=1 11 14 13 7 6 -8 12 -10 -11 21 16 15 -15 -16 -17 -18 -19 -20 25 22 -23 -24 26 27 -27 28 -29 -30 -31
leaf_value=0.037387001102987462 0.015656980703619556 -0.016430474486593526 -0.016083590594843371 0.0053536943584066611 -0.0043422533093414551 0.0023528052012507395 -0.011931761809996768 -0.015309805555247018 0.051414150780538348 -0.010104896279965627 0.049298853171677759 -0.030296663342387217 -0.058718829455892178 0.039984363383597871 -0.016247725684660052 -0.030808153621897441 -0.027193255967268098 0.028249397966165331 -0.049655568809196277 -0.049174711226369537 -0.037944826083074229 0.031587197295933643 -0.031904786375028305 -0.0415663710038656 0.045783556556608651 -0.040600661049872692 -0.049115676609337237 0.049495041643102908 -0.047121252864423223 0.047736350882772893
leaf_weight=5.9404025971889487 13.296559214591978 10.249093443155287 6.7826066315174129 8.1561502814292925 11.196911871433256 8.3292816579341871 7.0280614197254172 7.5530962646007564 12.273845195770262 7.3825158178806296 11.643743306398397 7.9407607316970816 11.030964493751528 7.9166493117809287 8.9780643284320814 6.9774441421031943 10.927742689847944 6.8833926618099204 17.369369059801102 7.1590337455272657 10.33318519592285 7.9381916224956504 6.2832009196281424 6.3012005090713492 109.47947633266449 6.3925080895423889 12.300213336944578 6.544303447008132 63.126394838094711 9.4601309299468976
leaf_count=20 37 30 20 23 31 24 20 22 37 21 36 25 31 22 26 20 33 21 53 22 33 23 20 20 369 20 38 20 204 30
internal_value=0.000448883 -0.0304944 -0.0193919 -0.00693433 -0.0163572 0.0389903 0.024122 -0.0279376 0.029449 0.0218103 0.0302518 -0.0403206 -0.0382733 0.022411 -0.0370388 -0.0479047 -0.0424096 0.0448595 -0.0419897 -0.0354415 -0.043974 0.0421188 -0.0450784 -0.0459775 0.0457294 -0.0451302 -0.0469931 0.0461243 -0.0474465 0.0459389
internal_weight=433.174 240.271 112.809 66.1278 50.055 192.903 54.5956 36.7584 47.5676 35.2937 27.9112 127.462 25.5615 16.0728 46.6816 18.0084 117.213 138.308 37.7035 20.3341 106.285 19.5819 98.3442 92.061 131.424 13.5515 81.7278 125.484 75.4266 118.94
internal_count=1351 730 327 186 141 621 161 104 141 104 83 403 73 45 141 51 373 460 115 62 340 59 315 295 439 42 262 419 242 399
is_linear=0
shrinkage=0.05


Tree=31
num_leaves=31
num_cat=0
split_feature=2 113 22 59 46 16 77 51 88 91 102 27 59 22 62 88 120 54 130 112 45 65 31 74 54 69 37 2 110 57
split_gain=142.552 35.3553 10.1772 9.5045 9.9864 7.8216 6.4381 5.43304 5.63653 6.0449 4.95269 5.52908 3.93903 3.5297 2.60514 3.88807 2.46859 2.28423 1.52365 2.99844 1.31717 2.59448 1.17674 0.213234 0.0445667 0.0404858 0.0197652 0.0165031 0.0120643 0.00679785
threshold=0.010852099861949684 0.15852124989032748 0.010912525933235885 0.018892051652073864 0.61047473549842846 0.0042226295918226251 0.023684926331043247 0.004955452401190997 0.0017625514883548023 0.29268373548984533 0.054285254329442985 -0.5145227015018462 0.010403103195130827 0.0723138563334942 0.0042946659959852704 0.0036166948266327385 0.32493896782398229 0.090761177241802229 0.65286430716514599 0.19591221958398822 -0.3641171902418136 0.79167819023132335 0.2523611187934876 0.071420177817344679 0.1888270974159241 0.0059650673065334567 1.2242443561553957 0.053637836128473289 0.39369134604930883 0.018718987703323368
decision_type=2 2 2 2 2 2 2 2 2 2 2 2 2 2 2 2 2 2 2 2 2 2 2 2 2 2 2 2 2 2
left_child=1 5 -2 4 -3 14 7 -7 -9 -10 11 -6 16 17 20 -16 -4 -14 22 -20 21 -1 24 25 26 -22 27 29 -8 -19
right_child=2 3 12 -5 10 6 28 8 9 -11 -12 -13 13 -15 15 -17 -18 18 19 -21 23 -23 -24 -25 -26 -27 -28 -29 -30 -31
leaf_value=-0.0020807162011622494 -0.011758646316972852 -0.019689729318563765 0.0008307468405310465 -0.031290546315237901 0.058919741422636222 -0.042181516531752179 -0.040879484750158408 -0.024305059225739972 0.061282414781897381 7.3996050401733366e-05 0.073628250709345963 -0.0037289624872826007 0.028684775310044833 0.027616894588716162 0.015201963835537461 -0.041338476359419271 0.04339514355056439 0.058589599031414225 0.019330342193473626 0.06011662523159278 -0.039430446475012065 -0.0425171269943743 0.07917637097172453 -0.029007297757403475 0.054479478690306539 -0.041421453393899875 0.061007632055141106 0.06027892679942555 -0.044065778828643015 0.057145754295734555
leaf_weight=7.1812245249748257 7.687732368707656 6.974772214889529 6.7485001385211927 6.9715703427791587 7.2640219032764453 5.8245714753866222 6.7572797238826734 7.4443786740303066 7.4714799672365215 8.7667505592107755 10.726334452629088 6.8362953513860703 7.8281951844692221 14.10194283723831 5.9315776675939542 6.2384700179100037 6.8783463686704636 14.306875437498091 7.2892680168151882 11.802122980356215 82.513992980122566 8.8623003959655744 7.5513452589511862 4.5406192839145652 7.1847038120031348 36.973669290542603 7.7794940769672385 8.1380335092544538 5.3015673756599426 18.949832260608673
leaf_count=28 26 25 21 25 20 25 30 28 23 32 30 21 23 38 23 27 20 39 20 32 422 36 21 22 20 159 21 22 20 52
internal_value=0.00121591 -0.0220027 0.043991 0.0215817 0.0331725 -0.0307221 -0.0114988 0.00108088 0.011721 0.028237 0.0480235 0.0285456 0.047606 0.0508903 -0.0359706 -0.0137811 0.0223157 0.0545037 0.0569388 0.044544 -0.0378986 -0.0244174 0.0606413 -0.0396424 0.0581579 -0.0400465 0.0586953 0.0582607 -0.0422803 0.0577669
internal_weight=358.827 232.581 126.246 38.773 31.8014 193.808 41.566 29.5072 23.6826 16.2382 24.8267 14.1003 118.559 104.932 152.242 12.17 13.6268 90.8299 83.0017 19.0914 140.072 16.0435 63.9103 124.028 56.3589 119.488 49.1742 41.3947 12.0588 33.2567
internal_count=1351 996 355 121 96 875 158 108 83 55 71 41 329 288 717 50 41 250 227 52 667 64 175 603 154 581 134 113 50 91
is_linear=0
shrinkage=0.05


Tree=32
num_leaves=31
num_cat=0
split_feature=9 110 39 11 64 64 6 124 19 10 59 46 94 79 88 88 81 3 25 126 57 30 15 0 0 9 101 107 9 98
split_gain=122.851 28.5361 11.3562 6.52343 5.84818 5.61217 5.66888 4.35467 3.87066 2.9603 1.68731 1.52001 2.59044 3.54335 1.1761 2.0389 1.69284 0.5816 0.580756 0.452508 0.278226 0.241769 0.22347 0.0290353 0.013194 0.0129557 0.0074247 0.00301514 0.000883982 0.000483666
threshold=0.04137693718075753 0.28923001885414129 0.0081753912381827849 0.46760600805282598 0.49125480651855474 0.60937634110450756 0.82318979501724254 0.22310783714056018 0.014565383549779655 0.016291688196361068 0.050115529447793968 0.65590414404869091 0.3124894797801972 0.011489688418805601 0.0023646432673558597 0.0026176889659836893 0.00092787560424767445 0.002559450920671225 0.004326458554714919 0.0010901346686296167 0.00090243198792450141 2.3340916633605961 0.39805488288402563 0.02867979742586613 0.011098390910774471 0.029821094125509266 0.41864374279975897 0.011451936326920988 0.020244989544153217 3.2844558954238896
decision_type=2 2 2 2 2 2 2 2 2 2 2 2 2 2 2 2 2 2 2 2 2 2 2 2 2 2 2 2 2 2
left_child=1 4 9 -4 -1 10 18 8 -6 -2 11 20 13 17 16 -16 -11 -13 -7 -17 -3 -18 24 -23 29 28 27 -26 -14 -22
right_child=2 5 3 -5 7 6 -8 -9 -10 14 -12 12 25 -15 15 19 21 -19 -20 -21 22 23 -24 -25 26 -27 -28 -29 -30 -31
leaf_value=-0.0235308014948407 0.031563449933657194 -0.023588543566259709 0.045775552783578442 -0.021719443844580643 0.044088169544342692 -0.041954367157905209 0.021575754880176556 0.062489714233117458 -0.0090632595579232585 0.047093476929468997 -0.0016556391042242776 -0.014543124575003695 -0.038006336586870082 0.022625068305650337 0.027182872400124226 0.05001619940746152 0.075204333545713709 -0.040300970564303353 -0.017262685026357805 0.066928912092267465 -0.037807323215322292 0.067999055584597165 -0.026368142379561112 0.063935004038780274 -0.038617756119766609 -0.041642094534018542 -0.040941923768360505 -0.040075988653953835 -0.038962884070875593 -0.038418730043535132
leaf_weight=5.3380231410264996 12.553404077887533 3.4871202856302252 6.0643233358860007 8.7384101897478086 6.7666301280260104 6.0551458299160021 9.5986112952232343 8.6522606760263425 6.9365672767162323 11.650240570306776 3.8729962706565848 3.9352994859218615 8.0524733513593656 5.3490034490823737 7.271450728178027 7.3319614231586447 11.683195888996126 4.9457446485757828 3.9250751733779907 8.5867055058479291 60.811618626117706 8.6125539839267748 4.048490732908248 8.9744257032871229 43.753459811210632 3.8563237339258185 4.1463193148374549 3.857333615422248 3.4501505345106116 3.4163519293069831
leaf_count=24 38 22 18 34 21 27 37 26 21 32 18 20 50 25 20 20 32 24 18 23 389 23 23 24 248 17 19 19 19 20
internal_value=-0.00213291 -0.0236986 0.0460256 0.00593163 0.0234904 -0.0311001 -0.00585836 0.034718 0.0171829 0.0537672 -0.0342483 -0.0350727 -0.0248939 -0.00952409 0.0581149 0.049119 0.063213 -0.0288874 -0.0322435 0.0591391 -0.037511 0.069629 -0.0379155 0.0659252 -0.0383186 -0.0391341 -0.0389126 -0.0387359 -0.0382932 -0.0378398
internal_weight=295.722 204.255 91.4667 14.8027 27.6935 176.562 19.5788 22.3555 13.7032 76.6639 156.983 153.11 29.589 14.23 64.1105 23.1901 40.9204 8.88104 9.98022 15.9187 123.521 29.2702 120.034 17.587 115.985 15.3589 51.7571 47.6108 11.5026 64.228
internal_count=1351 1087 264 52 92 995 82 68 42 212 913 895 155 69 174 63 111 44 45 43 740 79 718 47 695 86 286 267 69 409
is_linear=0
shrinkage=0.05


Tree=33
num_leaves=31
num_cat=0
split_feature=59 41 1 19 109 27 74 2 26 107 110 91 10 27 125 27 74 19 60 61 128 92 109 104 10 84 128 60 1 69
split_gain=168.14 17.6951 11.9391 8.59984 6.90542 4.43648 4.82224 4.30975 4.61365 4.65664 4.12337 3.97175 3.70007 3.48451 3.33253 3.23297 1.54146 1.48246 1.29437 1.17941 0.469531 1.28344 0.35965 0.168165 0.292674 0.146773 0.157738 0.0331824 0.0150462 0.012285
threshold=0.0096606980077922362 0.017047367990016941 0.0057376811746507892 0.017261220142245296 0.013456314802169802 -0.13417771458625791 -0.084957819432020174 0.017464994452893737 0.0030363913392648105 0.0097130085341632384 0.29277928173542028 0.60399487614631664 0.0067769985180348167 -0.47571481764316553 0.0046412469819188127 -0.57569390535354603 0.091950599104166045 0.015755888074636463 0.0046970972325652846 0.074665836989879622 0.32271991670131689 0.79360145330429088 0.0084770661778748053 0.02184185199439526 0.0067769985180348167 0.00089857907732948672 1.6735236644744875 0.0058677191846072682 0.018027727492153648 0.0046048201620578775
decision_type=2 2 2 2 2 2 2 2 2 2 2 2 2 2 2 2 2 2 2 2 2 2 2 2 2 2 2 2 2 2
left_child=2 3 10 12 7 6 -4 8 -5 -10 -1 17 -2 -14 -11 -13 22 -3 -19 20 21 -20 23 24 29 -22 27 -27 -29 -12
right_child=1 11 5 4 -6 -7 -8 -9 9 14 16 15 13 -15 -16 -17 -18 18 19 -21 25 -23 -24 -25 -26 26 -28 28 -30 -31
leaf_value=0.0068295679623927548 0.046494760661715484 -0.018942301034847096 -0.0037124667950094456 -0.047761459993554682 0.02718514186595122 -0.02638355795536387 0.050989518794379664 -0.047514467386723103 -0.028670308219717579 0.034369231217258343 0.044764576165938631 -0.036292331640720536 -0.021379063574597408 0.022173946796169221 -0.011848790641945134 0.013027807092570794 0.02026964849477679 -0.022633085130097937 -0.019972879518448301 -0.023927648990880849 -0.040249473217890602 -0.046378390155085519 0.032417287631074758 0.051096893170439361 0.034956410221331141 -0.050034987477621876 -0.038413642758575214 -0.047348785231423239 -0.04584812455835488 0.046232969828045034
leaf_weight=8.212191164493559 6.8585710227489498 7.8283319175243369 9.8085614442825335 8.9419168531894666 7.0031752884387961 8.0880470275878888 6.837265312671664 15.818812400102614 13.045836925506594 7.9884139001369459 103.74265119433403 6.6011134386062622 8.0130160450935399 10.758308500051495 7.6211868524551392 6.6903627812862378 6.9845185577869406 8.6353244781494123 7.1312328577041653 7.8602790534496298 11.947867155075071 12.973783791065214 6.0772666037082663 9.9802306592464429 7.7746955454349509 7.1646575033664694 6.0579217076301566 28.213502585887909 40.942670732736588 16.510877698659897
leaf_count=24 21 23 28 26 20 23 20 51 38 22 364 20 22 30 22 20 22 26 23 24 38 43 20 30 25 22 20 91 138 55
internal_value=0.00041967 -0.0273226 0.0363151 -0.0092036 -0.0194986 0.00399547 0.0187563 -0.0256191 -0.0164068 -0.00662263 0.0413338 -0.0375769 0.0150656 0.00358224 0.0118039 -0.0114667 0.0432094 -0.040078 -0.0413418 -0.0426628 -0.0439497 -0.0370124 0.0443214 0.0448456 0.0443583 -0.0454284 -0.0461795 -0.0467959 -0.0464603 0.0449662
internal_weight=422.113 238.096 184.016 86.0492 60.4193 24.7339 16.6458 53.4162 37.5974 28.6554 159.282 152.047 25.6299 18.7713 15.6096 13.2915 151.07 138.756 130.927 122.292 114.432 20.105 144.086 138.008 128.028 94.3266 82.3788 76.3208 69.1562 120.254
internal_count=1351 740 611 252 179 71 48 159 108 82 540 488 73 52 44 40 516 448 425 399 375 66 494 474 444 309 271 251 229 419
is_linear=0
shrinkage=0.05


Tree=34
num_leaves=31
num_cat=0
split_feature=53 22 127 6 45 0 104 32 1 109 66 18 21 16 65 19 4 61 86 122 125 21 33 106 61 105 68 0 77 32
split_gain=129.818 19.6052 18.9179 10.8729 8.27204 7.37637 7.12675 6.72844 5.37193 4.49503 4.26275 5.68871 5.46665 5.82466 2.77732 2.57227 1.77494 1.27951 0.879384 0.715875 0.696622 1.06352 0.52384 0.499439 0.438823 0.100063 0.0254235 0.022697 0.0146575 0.00929375
threshold=0.13887489587068561 0.011058519128710033 0.017765361815690998 0.85425078868865978 -0.35350690782070154 0.011488999240100385 0.045530965551733978 0.035920931026339538 0.0040590430144220599 0.0076643275097012529 2.0673197507858281 0.016562739387154583 0.0090234237723052519 0.0042955994140356788 0.76182013750076305 0.030439822934567932 -0.42019419372081751 0.022738344967365268 0.0034261504188179974 -0.26120622456073755 0.010576853062957527 0.018822290003299717 0.012494274415075781 0.020497063174843792 0.07284033298492433 0.0039086549077183017 0.017737512476742271 0.01923040580004454 0.041831964626908309 0.023707538843154911
decision_type=2 2 2 2 2 2 2 2 2 2 2 2 2 2 2 2 2 2 2 2 2 2 2 2 2 2 2 2 2 2
left_child=2 3 8 4 6 -3 16 -4 18 10 -10 -12 -13 -14 20 -16 -2 -17 19 -1 -7 -22 -11 -5 25 -23 -21 -27 29 -29
right_child=1 5 7 23 -6 14 -8 -9 9 22 11 12 13 -15 15 17 -18 -19 -20 26 21 24 -24 -25 -26 27 -28 28 -30 -31
leaf_value=-0.019079474472706501 0.032462999147644007 -0.0090460686783486732 0.053379582848174435 -0.042905198814172048 -0.017244598949027256 0.067123179120013213 -0.008838668482788312 -0.012709892072869242 -0.03989570317677691 -0.025879699891075761 -0.042154100117184019 0.055744911707380398 -0.035611539349001492 0.025917057571139997 0.054839097918895609 0.0052924721373252999 0.06251403748118535 0.035231520202574855 -0.020660009559595252 -0.038976282349502241 0.033661373480782714 0.049940010078570504 -0.041358266005798013 -0.021618526527280833 0.042790396008578285 0.058725245186723507 -0.040709598669173619 0.054941266077474529 0.057762899910046843 0.056947119117924876
leaf_weight=4.4927307516336432 8.2504318654537201 5.737209975719451 9.2143990993499738 6.9059837758541089 10.176330715417864 8.4528254866600019 6.7715771347284308 6.6164985597133628 7.8875077217817298 8.554920822381975 5.7690351903438595 5.6950804889202145 6.9389025419950476 8.6305795907974225 9.042974531650545 6.9057858735322935 12.149332404136658 7.385019838809967 7.2633766382932654 75.755157455801964 7.1608229875564566 7.2329968512058249 15.139074221253393 4.584991067647934 7.7692948877811423 7.7032782435417166 29.352152794599533 28.257011771202087 7.6587454676628104 7.2580299675464621
leaf_count=20 23 22 26 28 36 23 24 22 32 35 24 19 28 28 25 20 34 20 33 409 20 20 66 19 21 21 133 79 21 20
internal_value=0.00117775 0.0345037 -0.0265901 0.00812012 0.0212061 0.0461579 0.0356068 0.0257576 -0.0313126 -0.01896 -0.00755475 0.00188127 0.013828 -0.0015046 0.0491792 0.0339698 0.0503603 0.020764 -0.0375083 -0.0386249 0.0535342 0.0519615 -0.0357696 -0.0344116 0.0539507 0.0554428 -0.0394603 0.0562251 0.055779 0.0553512
internal_weight=350.712 159.403 191.309 48.8386 37.3477 110.564 27.1713 15.8309 175.479 58.6151 34.9211 27.0336 21.2646 15.5695 104.827 23.3338 20.3998 14.2908 116.863 109.6 81.493 73.0402 23.694 11.491 65.8794 58.1101 105.107 50.8771 43.1738 35.515
internal_count=1351 476 875 164 117 312 81 48 827 232 131 99 75 56 290 65 57 40 595 562 225 202 101 47 182 161 542 141 120 99
is_linear=0
shrinkage=0.05


Tree=35
num_leaves=31
num_cat=0
split_feature=104 92 37 47 89 64 79 26 0 33 95 35 20 1 92 27 38 0 22 93 3 15 0 21 0 5 9 69 107 77
split_gain=115.496 18.5193 12.6891 9.02814 7.27931 7.71736 5.20526 4.65105 4.20711 1.93721 3.93498 2.75585 4.53224 1.86443 1.65517 1.44444 2.88146 1.24209 1.176 1.45277 0.234231 0.216003 0.0526148 0.012236 0.010325 0.00276194 0.00193793 0.000404213 0.000336288 0.000304221
threshold=0.036110758781433112 0.64384448528289806 1.388116240501404 0.79899582266807567 -0.25726702809333796 0.49621963500976568 0.0066536020021885642 0.0038999181706458334 0.012976728379726412 0.013012671843171121 0.84236502647399913 0.031195765361189846 0.015374170616269113 0.077917844057083144 0.57760959863662731 -0.42867667973041529 -0.12047675997018813 0.036021763458848007 0.0099648949690163153 0.067942451685667052 0.0015045367181301119 0.39805488288402563 0.02867979742586613 0.00891257217153907 0.011199803091585638 0.52582120895385753 0.020082077942788604 0.0052202185615897187 0.011401284486055376 0.043572485446929939
decision_type=2 2 2 2 2 2 2 2 2 2 2 2 2 2 2 2 2 2 2 2 2 2 2 2 2 2 2 2 2 2
left_child=1 13 -2 6 7 -6 -4 23 -7 10 -5 12 -12 14 21 20 -17 18 19 22 -16 24 -11 -3 27 28 -22 -1 29 -26
right_child=2 4 3 9 5 8 -8 -9 -10 17 11 -13 -14 -15 15 16 -18 -19 -20 -21 26 -23 -24 -25 25 -27 -28 -29 -30 -31
leaf_value=-0.03748278257579938 -0.040883098704526721 -0.042628255656885133 -0.020187418437069688 0.0068692103752184238 -0.031690414135455126 0.0090843498779637297 0.032569197205443656 0.020781013615727401 0.060619335866792183 0.066338204944931922 0.061808533081549703 0.068122186127933249 0.0068016433452854179 0.0011401638492653022 -0.022999953088737597 0.019133493211883717 -0.033764030147556162 0.037499225521506023 0.077790519437489658 0.042347477854148129 -0.037959570498188516 -0.026239817412679719 0.061384580022859292 -0.039107313088226493 -0.038267111660708598 -0.039596742294317672 -0.039445297457601773 -0.037894487567196038 -0.038819778862205105 -0.038683264633747202
leaf_weight=58.142501175403595 4.7562094181776038 4.6859650909900648 7.6036627590656307 6.8987002968788138 4.7737030982971218 6.5095487385988262 12.141081646084784 4.4476862102746955 10.112195551395414 8.9416297674179095 7.7754008471965808 11.168620944023131 7.2237620055675507 3.6197188198566428 3.291127189993861 4.8361858278512955 5.5047621577978116 7.6489620804786673 7.2077738940715781 13.008013144135473 5.0958522856235486 4.081961214542388 13.384187936782835 5.2121094167232513 37.119340866804123 4.9735275208950034 3.8553563803434372 6.642958626151084 3.6009041368961325 4.9808895438909522
leaf_count=394 22 20 29 22 22 25 38 18 30 24 21 30 20 17 20 21 24 21 20 36 32 24 36 28 221 26 20 42 20 28
internal_value=-0.00204048 -0.0263863 0.0389628 0.0426498 0.00586691 0.0243439 0.0122527 -0.0216899 0.0404368 0.0498586 0.0404621 0.0493183 0.0353166 -0.0342958 -0.0351983 -0.022784 -0.00902527 0.0560491 0.0593844 0.0556297 -0.0344058 -0.0375435 0.0633685 -0.0407742 -0.0379432 -0.0384778 -0.0385995 -0.037525 -0.038356 -0.0383163
internal_weight=289.244 181.486 107.758 103.002 35.7412 21.3954 19.7447 14.3458 16.6217 83.2571 33.0665 26.1678 14.9992 145.745 142.125 22.5833 10.3409 50.1906 42.5416 35.3338 12.2423 119.542 22.3258 9.89807 115.46 50.6747 8.95121 64.7855 45.7011 42.1002
internal_count=1351 1032 319 297 143 77 67 66 55 230 93 71 41 889 872 117 45 137 116 96 72 755 60 48 731 295 52 436 269 249
is_linear=0
shrinkage=0.05


Tree=36
num_leaves=31
num_cat=0
split_feature=0 41 47 0 105 104 43 65 27 0 91 39 74 16 37 58 14 91 103 61 74 122 114 77 69 25 10 20 68 69
split_gain=172.158 12.2142 7.29018 6.47066 4.95831 5.08155 4.93317 3.96848 3.64524 3.49381 3.493 3.10307 3.03373 3.30809 3.56279 3.40175 2.765 2.05399 1.40498 1.18739 0.738702 0.562445 0.806458 1.5767 0.490765 0.169449 0.12781 0.0317814 0.0257261 0.0248064
threshold=0.012976728379726412 0.017047367990016941 0.75315928459167492 0.0097577655687928217 0.0033560153096914296 0.024221272207796577 0.0018231827416457238 0.70559132099151622 -0.13417771458625791 0.017798197455704216 0.27322651445865637 0.031242175027728084 -0.07096534967422484 0.0043830338399857291 2.1547259092330937 0.85556712746620189 2.6661077737808232 0.60399487614631664 0.23851701617240909 0.074665836989879622 0.12586839497089389 -0.23050650209188459 0.043738562613725669 0.026450256817042831 0.008215942885726692 0.0010748944478109481 0.023865474388003353 0.022152969613671306 0.017271080985665325 0.0053257783874869355
decision_type=2 2 2 2 2 2 2 2 2 2 2 2 2 2 2 2 2 2 2 2 2 2 2 2 2 2 2 2 2 2
left_child=3 2 24 20 18 11 -7 -8 12 10 -3 -6 13 14 28 -16 -9 19 -4 21 25 22 23 -11 -2 -1 -25 -23 -5 -27
right_child=1 9 4 8 5 6 7 16 -10 17 -12 -13 -14 -15 15 -17 -18 -19 -20 -21 -22 27 -24 26 -26 29 -28 -29 -30 -31
leaf_value=0.035788464577273797 -0.047394767698948195 -0.043603337366638205 -0.046229226273474894 0.045126725034041693 -0.0019240383339587015 -0.023773215753920923 -0.0099279386147864655 0.045816673477779624 -0.011598838165016879 -0.015891810423303749 0.0021577634873993748 -0.049088483154877655 0.049230721857530274 -0.01008594169402547 -0.010857058354139486 0.037806492698318928 0.00818163253201383 -0.01723249365990406 -0.015199527121815617 -0.022638330392160635 0.026743088461591596 -0.047719167357223577 -0.046352056796005764 -0.046286934431818305 -0.030128897108928854 0.044008307664349641 -0.036709215401701946 -0.045084579094345434 0.049699095617238155 0.046617355178852606
leaf_weight=6.2617259919643393 11.545705467462541 6.9147294163703945 7.3868777155876142 5.7750923633575457 7.6842370927333814 7.5992330908775321 7.4380861520767239 13.777201503515245 6.9609439074993125 9.0843494832515734 10.505938380956648 6.3853042125701904 11.681105762720106 7.3184100389480582 7.9842194020748121 6.526781439781189 7.5574502050876609 9.3080551624298078 7.2073646485805511 7.7136973142623892 6.6981603205204001 14.346553355455397 17.676144123077393 8.70370304584503 6.3953426480293265 105.3291996717453 5.8073168396949759 56.634932518005371 6.5830182433128357 9.9730483889579755
leaf_count=23 38 21 22 20 22 21 22 39 20 29 31 20 37 21 23 20 21 29 20 24 21 46 59 29 20 383 20 197 20 33
internal_value=0.000388779 -0.0283542 -0.013023 0.0368425 -0.00523886 0.00218719 0.0120575 0.0215208 0.0221158 -0.0370262 -0.016006 -0.0233291 0.0272323 0.0197159 0.0278331 0.0110309 0.0324851 -0.0398588 -0.0309052 -0.0416143 0.0429083 -0.0429183 -0.0382768 -0.0322274 -0.0412401 0.043799 -0.0424539 -0.0456171 0.0475624 0.044234
internal_weight=410.764 229.672 82.9768 181.092 65.0358 50.4415 36.372 28.7727 52.8296 146.695 17.4207 14.0695 45.8686 34.1875 26.8691 14.511 21.3347 129.275 14.5942 119.967 128.262 112.253 41.2715 23.5954 17.941 121.564 14.511 70.9815 12.3581 115.302
internal_count=1351 730 245 621 187 145 103 82 161 485 52 42 141 104 83 43 60 433 42 404 460 380 137 78 58 439 49 243 40 416
is_linear=0
shrinkage=0.05


Tree=37
num_leaves=31
num_cat=0
split_feature=53 22 127 6 69 0 32 28 1 109 66 18 21 16 78 65 19 61 62 122 28 106 4 16 24 105 75 69 83 77
split_gain=118.143 17.7824 17.6342 9.43331 7.9027 6.68803 6.05388 5.69919 5.26523 4.30287 4.0856 5.33699 4.86435 5.45589 3.53073 2.70958 2.81102 1.68417 1.60527 0.720853 0.493638 0.483575 0.47802 0.31101 0.372317 0.162422 0.150255 0.0214791 0.0169552 0.013157
threshold=0.13887489587068561 0.010912525933235885 0.017765361815690998 0.85425078868865978 0.01512929378077388 0.011488999240100385 0.035920931026339538 0.7400900423526765 0.0040590430144220599 0.0076643275097012529 2.0673197507858281 0.016562739387154583 0.0090234237723052519 0.0042955994140356788 0.0024664435768499975 0.76182013750076305 0.030439822934567932 0.022586922161281112 0.0043574851006269464 -0.26241578161716456 0.77955919504165661 0.020497063174843792 0.25220823287963873 0.010821162257343532 0.01597596146166325 0.014665044844150545 0.074115492403507247 0.0060324186924844989 0.02358590625226498 0.042476482689380653
decision_type=2 2 2 2 2 2 2 2 2 2 2 2 2 2 2 2 2 2 2 2 2 2 2 2 2 2 2 2 2 2
left_child=2 3 8 4 7 -3 -4 14 18 10 -10 -12 -13 -14 -2 22 -17 -18 19 -1 25 -5 23 -7 -25 -11 28 -21 -26 -30
right_child=1 5 6 21 -6 15 -8 -9 9 20 11 12 13 -15 -16 16 17 -19 -20 27 -22 -23 -24 24 26 -27 -28 -29 29 -31
leaf_value=-0.018388561559453273 0.040808185759204557 -0.0088074859101649992 0.05072621075185222 -0.042369200917644213 -0.017712435525182719 0.061104551611517788 -0.012132003112114735 0.060607337368894287 -0.039415224604218112 -0.041397249829533779 -0.041658587411253889 0.052379552385036533 -0.035007130454113577 0.024915377681515159 -0.0087923020375387621 0.053286103669428833 4.2360410507201102e-05 0.034213880336184971 -0.0068063814759808028 -0.038629188240338314 -0.020676377390177764 -0.020968465170854461 0.042492333002797818 0.040686421772744223 0.056240529006867934 -0.030041750808904772 0.046346267062565484 -0.040264604186184015 0.053110359900906727 0.055387345722956977
leaf_weight=4.396039053797721 6.4917141795158413 5.7017200738191596 9.2125034332275373 6.4092821776866895 10.225464060902594 9.8082058727741224 6.5566139519214621 11.423728555440901 7.664562225341796 14.218373432755476 5.5540836155414608 5.8113684505224255 6.7508514672517768 8.6862699538469297 8.0207259804010373 9.4034862816333789 6.7949656695127469 7.6825417280197144 4.2278350591659537 75.617826908826828 4.6766722947359076 4.4880348145961761 13.268918454647062 7.0247898101806632 7.5418794751167288 4.0448106080293647 7.3300331830978385 27.334490224719048 27.660850256681442 8.2323394417762739
leaf_count=20 20 22 26 27 36 27 22 31 32 62 24 19 28 28 27 26 20 21 18 428 20 19 37 20 21 19 20 129 79 23
internal_value=0.00114694 0.0329624 -0.025977 0.00722445 0.0195135 0.0439285 0.0245905 0.0341899 -0.0306958 -0.0183914 -0.00722384 0.00198173 0.0133887 -0.0012895 0.013395 0.046799 0.0320009 0.0181756 -0.0370265 -0.0382167 -0.0351707 -0.0335554 0.0511691 0.0528723 0.0514751 -0.0388823 0.052968 -0.0390634 0.0540854 0.0536326
internal_weight=342.261 157.509 184.752 47.0589 36.1616 110.45 15.7691 25.9362 168.983 57.407 34.4671 26.8026 21.2485 15.4371 14.5124 104.748 23.881 14.4775 111.576 107.348 22.9399 10.8973 80.867 67.5981 57.7899 18.2632 50.7651 102.952 43.4351 35.8932
internal_count=1351 476 875 160 114 316 48 78 827 232 131 99 75 56 47 294 67 41 595 577 101 46 227 190 163 81 143 557 123 102
is_linear=0
shrinkage=0.05


Tree=38
num_leaves=31
num_cat=0
split_feature=104 92 37 47 45 10 69 92 65 26 32 78 114 62 59 92 27 59 75 38 59 104 59 15 15 0 5 9 48 69
split_gain=105.166 17.7329 11.4938 8.07868 6.57283 5.35777 4.65535 4.05928 3.81792 3.67395 1.86028 3.61249 2.5465 2.83222 1.72295 1.68535 1.41882 3.80608 1.07555 1.05606 0.277573 0.267384 0.258496 0.2196 0.118464 0.00942332 0.00232104 0.00174899 0.000285303 0.000257279
threshold=0.036110758781433112 0.64384448528289806 1.388116240501404 0.79899582266807567 -0.26460948586463923 0.015480957925319673 0.0074829861987382182 0.72006115317344677 0.75237160921096813 0.0038999181706458334 0.040582997724413879 0.0024430991616100077 0.03358863107860089 0.0042311535216867932 0.050115529447793968 0.57760959863662731 -0.42867667973041529 0.011146995704621078 0.0056015774607658395 -0.19245747476816175 0.022648219019174579 0.053282516077160842 0.0061953864060342321 0.39805488288402563 -0.15317542105913159 0.010952100157737734 0.52582120895385753 0.01949273515492678 2.7706584930419926 0.0052202185615897187
decision_type=2 2 2 2 2 2 2 2 2 2 2 2 2 2 2 2 2 2 2 2 2 2 2 2 2 2 2 2 2 2
left_child=1 14 -2 5 9 -4 -6 -8 -7 24 11 -5 -13 19 15 23 22 -18 21 -14 -21 -12 -17 25 -3 29 28 -24 -27 -1
right_child=2 4 3 10 6 8 7 -9 -10 -11 18 12 13 -15 -16 16 17 -19 -20 20 -22 -23 27 -25 -26 26 -28 -29 -30 -31
leaf_value=-0.03721042483836396 -0.040507101903716015 -0.041032501635195992 -0.026406845945465995 0.012795902947768105 -0.011499800409699199 0.054825573457400981 0.065835532524258028 0.012409351710759867 0.0014226090790644388 0.016958134872979525 0.070077521975352816 0.074694380109140493 0.036119891148323743 0.015009003278616026 -0.00063326320871721074 -0.021489631591804781 0.019269350068107344 -0.042065399628658857 0.044909594694656552 0.064497862963198954 0.050982469469565243 0.058606215937535705 -0.037762399808651648 -0.025689559257366757 -0.030081737975314271 -0.03801132002807589 -0.039182906260210301 -0.039195756087457685 -0.038397503888552523 -0.037577240781406646
leaf_weight=54.412907302379608 4.5798380970954886 5.9665163010358802 6.2903391420841244 9.251286715269087 6.3817174583673504 7.0613494515418989 7.3223690390586835 6.910880908370018 6.3624378442764282 4.6968620121479026 8.1087969243526477 7.0739487409591666 8.7463335692882538 7.6447228193283072 3.7919740527868262 3.0653081685304668 5.5892803668975812 4.6200360208749771 13.479857563972471 7.8116998672485387 7.3953780829906464 13.599114716053007 4.9378673732280713 3.9646534919738761 4.2138880640268317 39.671810656785965 5.103153020143508 3.7403043508529663 5.4381031244993201 5.240618720650672
leaf_count=389 22 29 27 27 29 20 24 21 20 19 22 20 24 22 18 20 25 20 37 21 20 37 32 24 21 246 28 20 32 35
internal_value=-0.00195505 -0.0258512 0.0369952 0.0404472 0.00570578 0.0116711 0.0239847 0.0398947 0.0295143 -0.0196227 0.0472729 0.040863 0.0475773 0.0415065 -0.0338757 -0.034804 -0.0221195 -0.00848655 0.0560028 0.0499632 0.0579252 0.0628912 -0.0339714 -0.0372503 -0.0364997 -0.0376675 -0.0381722 -0.0383802 -0.0380579 -0.0372426
internal_weight=282.473 175.068 107.405 102.825 35.4922 19.7141 20.615 14.2332 13.4238 14.8773 83.1111 47.9234 38.6721 31.5981 139.576 135.784 21.9528 10.2093 35.1878 23.9534 15.2071 21.7079 11.7435 113.831 10.1804 109.867 50.2131 8.67817 45.1099 59.6535
internal_count=1351 1032 319 297 143 67 74 45 40 69 230 134 107 87 889 871 117 45 96 65 41 59 72 754 50 730 306 52 278 424
is_linear=0
shrinkage=0.05


Tree=39
num_leaves=31
num_cat=0
split_feature=0 41 47 0 105 104 61 114 27 0 91 37 60 39 4 130 60 103 61 61 122 87 79 69 45 78 75 68 69 33
split_gain=157.186 11.5467 6.76612 6.34316 4.59609 4.64473 4.06783 3.46214 3.41366 3.37905 3.34908 2.93824 5.35803 2.92836 2.4036 2.31314 1.78988 1.31158 1.17371 0.583091 0.501679 1.28008 1.50359 0.488052 0.286533 0.18565 0.043092 0.0213299 0.0203171 0.0100635
threshold=0.012976728379726412 0.017047367990016941 0.75315928459167492 0.0097577655687928217 0.0033560153096914296 0.024221272207796577 0.0040660309605300435 0.07213104143738748 -0.13417771458625791 0.017798197455704216 0.27322651445865637 2.1547259092330937 0.0023039497900754218 0.031242175027728084 -0.16437286883592603 0.99833935499191295 0.0052826330065727243 0.23851701617240909 0.074665836989879622 0.0042846417054533967 -0.25023984909057612 0.00090848677791655074 0.012339617125689985 0.008215942885726692 -0.5988384187221526 0.001021773321554065 0.0072660569567233333 0.017737512476742271 0.0053257783874869355 0.013361783698201181
decision_type=2 2 2 2 2 2 2 2 2 2 2 2 2 2 2 2 2 2 2 2 2 2 2 2 2 2 2 2 2 2
left_child=3 2 23 19 17 13 14 -8 11 10 -3 16 -13 -6 -7 18 27 -4 20 25 21 29 -23 -2 -22 -1 -26 -5 -27 -11
right_child=1 9 4 8 5 6 7 -9 -10 15 -12 12 -14 -15 -16 -17 -18 -19 -20 -21 24 22 -24 -25 26 28 -28 -29 -30 -31
leaf_value=0.033780347694691334 -0.046325988737226188 -0.042587273979232218 -0.044857807528281529 0.044991014183347042 -0.0016727942304382776 -0.028885692849803187 0.044544302496498038 0.0030733868392765601 -0.011447670365330689 -0.046707601986369099 0.0025576252063309467 0.040408059256406718 -0.014464254773895567 -0.047928097560241051 0.010450002393405435 -0.009175418942211579 0.019588482677655512 -0.014673742216129694 -0.021313555294611885 0.028760963834887177 -0.035916737970805149 -0.0062497191350568224 -0.039819508919238966 -0.028866670023359242 -0.046450079200111974 0.043167073380033984 -0.043908893090681321 0.048629199738605529 0.045641248857938931 -0.04424101935872958
leaf_weight=5.2891761362552634 11.149282515048982 6.7715697884559658 7.2148336470127088 10.818039238452917 7.6499126851558668 7.1345767080783835 11.497088402509691 8.9506726264953596 6.9363316595554343 6.6865303516388002 10.444847822189329 8.1742658615112322 9.7611764073371869 6.1907225251197815 8.522667855024336 6.249982237815856 9.8051828444004041 7.1811574995517731 7.556627392768859 7.7476468086242667 10.168564081192015 6.0740819871425611 7.3984363079071045 6.2445297837257376 27.302444666624069 101.08831182122231 42.888998687267303 6.419150084257125 9.0393151640892011 10.837526768445967
leaf_count=20 38 21 22 38 22 20 33 26 20 22 31 25 29 20 24 20 29 20 24 25 35 20 25 20 91 384 157 20 31 39
internal_value=0.000362468 -0.0273686 -0.0123896 0.0358605 -0.00490987 0.0022646 0.0117051 0.0263911 0.0212014 -0.0359675 -0.0151988 0.0262365 0.0105444 -0.0223621 -0.00747419 -0.0388243 0.036644 -0.0298011 -0.0403826 0.0420393 -0.0416766 -0.036273 -0.0246846 -0.0400579 -0.043761 0.0429307 -0.0448973 0.0463459 0.0433702 -0.0451822
internal_weight=399.194 224.115 81.7354 175.079 64.3416 49.9456 36.105 20.4478 51.9141 142.38 17.2164 44.9778 17.9354 13.8406 15.6572 125.163 27.0424 14.396 118.913 123.164 111.357 30.9966 13.4725 17.3938 80.36 115.417 70.1914 17.2372 110.128 17.5241
internal_count=1351 730 245 621 187 145 103 59 161 485 52 141 54 42 44 433 87 42 413 460 389 106 45 58 283 435 248 58 415 61
is_linear=0
shrinkage=0.05


Tree=40
num_leaves=31
num_cat=0
split_feature=53 127 37 65 38 45 32 1 27 109 66 18 21 16 22 89 39 106 86 123 127 122 86 33 59 86 104 71 57 3
split_gain=107.617 16.4643 16.272 6.68348 9.33848 7.55603 5.44408 5.20067 4.46274 4.10793 3.89618 5.02116 3.75032 4.09532 2.87831 2.75639 1.85601 1.63045 0.921931 0.794606 0.801041 0.723955 0.588521 0.547386 0.498557 0.46986 0.0219249 0.0145164 0.0120991 0.00306035
threshold=0.13887489587068561 0.017765361815690998 1.3643993735313418 0.7294396460056306 -0.094538819044828401 -0.35350690782070154 0.035920931026339538 0.0040590430144220599 -0.27620665729045862 0.0076643275097012529 2.0673197507858281 0.016562739387154583 0.009296885225921871 0.0042955994140356788 0.0723138563334942 -0.48664437234401697 0.0067927159834653148 0.015098247677087786 0.0034261504188179974 0.10339330509305002 0.024188982322812084 -0.26120622456073755 0.008056872524321081 0.012494274415075781 0.015296873636543752 0.0031297225505113606 0.019322340376675132 0.21147595345973971 0.055076293647289283 0.0053448458202183255
decision_type=2 2 2 2 2 2 2 2 2 2 2 2 2 2 2 2 2 2 2 2 2 2 2 2 2 2 2 2 2 2
left_child=1 7 14 5 16 15 -3 18 -7 10 -9 -12 -13 -14 19 -4 25 -17 21 22 -21 -1 -2 -11 -24 -5 -23 -26 -29 -25
right_child=2 6 3 4 -6 8 -8 9 -10 23 11 12 13 -15 -16 17 -18 -19 -20 20 -22 26 24 29 27 -27 -28 28 -30 -31
leaf_value=-0.01774091770875055 0.064643282282757494 0.048386327091701327 0.020647098887314405 -0.025066079228165197 0.032311933590381765 -0.027371866226535591 -0.011496446418884525 -0.038852498469300098 0.025487259434961752 -0.024170028492776403 -0.041204331083526793 0.043294734802849122 -0.033617003608880654 0.020776670430517126 0.024542684001838795 0.042264421357056721 -0.0012491724092794788 0.075339434594335897 -0.018803311691321118 0.026817930358718552 0.050324325278645304 -0.038184057063256317 0.037473948046655346 -0.039975526331853015 0.054074154668634147 -0.044217118648419686 -0.039807319305241756 0.051231996703339625 0.053457913013759455 -0.041547626399219946
leaf_weight=4.3037212044000617 8.1807493269443494 9.1715855300426465 7.3877852857112911 5.4189625680446678 10.674598947167395 7.5361217409372356 6.474890023469924 7.4315494000911704 8.4930922091007215 8.0966609567403811 5.3441682904958752 6.9019543230533626 5.8766070157289496 8.4164949208497983 13.514886915683745 7.8403376489877683 5.246906951069831 7.100493997335434 6.8234133422374716 6.9097261726856214 7.622365266084671 64.768683776259422 6.6894976943731299 9.4589864611625654 7.7619732916355124 7.8312400877475739 30.64351886510849 29.29343056678772 7.71204650402069 4.601607769727706
leaf_count=20 23 26 22 22 32 29 22 32 27 35 24 23 25 27 37 23 18 20 33 20 22 390 20 46 22 31 152 86 22 20
internal_value=0.00111549 -0.0253828 0.0315573 0.0131097 -0.00492753 0.0268273 0.0236054 -0.0300948 0.000635585 -0.0177775 -0.00685313 0.00210738 0.0130281 -0.00158728 0.0457646 0.0456298 -0.0264183 0.057983 -0.0365839 0.0496315 0.0391475 -0.0378006 0.0521862 -0.0345264 0.0502058 -0.0363849 -0.0387054 0.0521082 0.0516959 -0.04049
internal_weight=333.528 178.314 155.214 67.5295 29.1717 38.3578 15.6465 162.667 16.0292 56.128 33.9708 26.5392 21.1951 14.2931 87.6847 22.3286 18.4971 14.9408 106.539 74.1698 14.5321 99.7159 59.6377 22.1573 51.4569 13.2502 95.4122 44.7675 37.0055 14.0606
internal_count=1351 875 476 224 103 121 48 827 56 232 131 99 75 52 252 65 71 43 595 215 42 562 173 101 150 53 542 130 108 66
is_linear=0
shrinkage=0.05


Tree=41
num_leaves=31
num_cat=0
split_feature=104 37 101 47 10 65 96 30 50 92 7 1 30 79 108 39 46 112 106 97 115 18 0 92 0 51 5 16 92 77
split_gain=96.096 14.3129 11.1238 9.17142 6.34534 3.58045 3.31195 4.9082 3.19473 2.20965 4.25538 2.03772 1.32571 4.0917 1.48335 1.25629 0.876622 0.81854 0.674792 1.78206 0.165309 0.113079 0.0102437 0.0106619 0.00245011 0.000717723 0.000385288 0.000288907 0.000294777 0.000273946
threshold=0.032795410603284843 1.388116240501404 0.55186226963996898 0.79899582266807567 0.015480957925319673 0.75237160921096813 0.093069624155759825 2.8055078983306889 0.039587041363120086 0.61051666736602794 3.5724657773971562 0.077917844057083144 2.2899681329727177 0.0080063957720994967 0.0042562088929116735 0.0027364457491785292 0.72699707746505748 0.23716080933809283 0.028498665429651741 0.14555492997169497 0.067498438060283675 0.020492266863584522 0.011199803091585638 0.57439687848091137 0.012707091867923738 0.0070252665318548688 0.51957598328590404 0.0056237380485981711 0.57083660364151012 0.043572485446929939
decision_type=2 2 2 2 2 2 2 2 2 2 2 2 2 2 2 2 2 2 2 2 2 2 2 2 2 2 2 2 2 2
left_child=2 -2 9 4 -3 -6 -4 -8 -5 11 17 16 13 -10 -15 -14 20 24 21 -20 -1 -17 25 26 -11 27 29 28 -22 -24
right_child=1 3 6 8 5 -7 7 -9 12 10 -12 -13 15 14 -16 18 -18 -19 19 -21 22 -23 23 -25 -26 -27 -28 -29 -30 -31
leaf_value=-0.028382158197728997 -0.039778789994430575 -0.02892331054578617 -0.020877672796508026 0.019192632448287065 0.051776525743356575 0.00043898323768366696 0.051620333765433006 -0.014120932159231991 0.0065506958457661 -0.037844380496022942 0.020928512298880396 0.0022930455871264534 0.03159486452475338 0.066302802979046768 0.036119886421165502 0.062568718341868779 -0.013124823617106082 -0.010698766076821726 0.058948396032918175 0.029872184549242582 -0.03695651041816217 0.055982591084671546 -0.037742180201346405 -0.040786054616055049 -0.039478686553539255 -0.037729872619309483 -0.038352464812042145 -0.037462351617843413 -0.037339916161397708 -0.038174736305902762
leaf_weight=5.2490692883729926 6.6037157326936713 7.9404753297567394 5.9510384649038341 12.354948505759237 7.1282137930393201 6.4872077107429504 6.9834117740392667 4.7841578125953674 7.6576812714338329 3.550859212875368 5.3809489905834189 3.5389710217714301 7.3990919888019553 7.958389580249789 8.3327707648277265 12.591047763824465 3.9665305912494651 3.461339831352233 13.109686374664308 8.8117775619029981 50.224739134311676 13.510222464799879 32.515071347355843 3.3210282921791068 6.4753082245588303 3.8163119852542868 3.3318435847759238 3.5116451531648627 5.5691068023443213 4.1246470063924781
leaf_count=34 34 36 22 39 20 21 25 20 23 23 24 17 20 22 23 34 25 19 36 24 379 37 211 16 34 25 20 24 39 25
internal_value=-0.0018747 0.0317757 -0.0277754 0.0359469 0.00659945 0.0273162 0.00952024 0.0248929 0.0428437 -0.0325627 -0.0166645 -0.0350799 0.0465253 0.0366951 0.0508645 0.0507731 -0.0362237 -0.0316625 0.053728 0.0472606 -0.0370442 0.0591597 -0.0374715 -0.0380639 -0.0388999 -0.0370652 -0.0378377 -0.0370225 -0.0369948 -0.0377909
internal_weight=275.641 119.885 155.756 113.282 21.5559 13.6154 17.7186 11.7676 91.7256 138.037 18.8685 119.169 79.3707 23.9488 16.2912 55.4218 115.63 13.4875 48.0227 21.9215 111.663 26.1013 106.414 43.2926 10.0262 63.1218 39.9716 59.3055 55.7938 36.6397
internal_count=1351 369 982 335 77 41 67 45 258 915 100 815 219 68 45 151 798 76 131 60 773 71 739 272 57 467 256 442 418 236
is_linear=0
shrinkage=0.05


Tree=42
num_leaves=31
num_cat=0
split_feature=59 77 16 9 18 37 107 110 33 64 43 56 77 115 123 63 23 115 112 17 129 50 123 7 5 50 128 107 69 61
split_gain=127.855 16.2673 8.68717 5.40516 5.01554 4.96679 4.83448 4.23048 4.15785 3.57157 3.50031 3.11275 2.92073 2.88868 3.75614 2.44906 1.76216 0.94192 0.752753 0.637166 1.50561 0.442824 1.03476 0.369039 0.201004 0.165605 0.14465 0.147983 0.0547543 0.0392839
threshold=0.0096606980077922362 0.015891490504145626 0.0042226295918226251 0.019290352240204815 0.033180663362145431 1.555539131164551 0.0097130085341632384 0.29277928173542028 0.01948840077966452 0.43345624208450323 0.00094728005933575343 -0.21222569048404691 0.019501121714711193 0.13778252154588702 0.062065683305263526 -1.0000000180025095e-35 0.073337458074092879 0.21790538728237155 0.1389761567115784 0.57788169384002697 0.14966417104005816 0.053271677345037467 0.063125338405370726 4.1236343383789071 0.24035779386758807 0.077762208878994002 1.7036008238792422 0.020341739058494571 0.0059650673065334567 0.013990836683660747
decision_type=2 2 2 2 2 2 2 2 2 2 2 2 2 2 2 2 2 2 2 2 2 2 2 2 2 2 2 2 2 2
left_child=2 3 7 -2 5 -4 15 -1 10 -7 -3 -8 13 14 -12 -5 19 18 -15 20 21 22 -14 24 -9 -23 27 29 -26 -21
right_child=1 8 4 6 -6 9 11 23 -10 -11 12 -13 16 17 -16 -17 -18 -19 -20 26 -22 25 -24 -25 28 -27 -28 -29 -30 -31
leaf_value=0.0039110617416823054 0.044425592156555449 -0.00090492657500893046 -0.031254617451943634 -0.0046602234143489863 0.043619984418539093 0.033370221503572731 -0.011388542132858758 0.032623257732663453 0.0061631957289271354 -0.012956747498361149 0.021493998219168614 0.028147596276088378 -0.045725726206087204 -0.025606135901116756 -0.030071447521807668 -0.045076849198304875 -0.017614865040043743 -0.016773535381696302 -0.047828000247738291 -0.046009028859466457 -0.015707940484633139 -0.044240417966416104 -0.016272991878680667 0.032212010791070937 0.042493392209488591 -0.034560242703684241 -0.034950101045826507 -0.035662396823492759 0.046496267391739794 -0.043242449884571751
leaf_weight=7.9273364245891562 6.7385254204273215 8.2451356649398786 8.4776145815849322 7.118786633014679 8.91637074947357 10.706901609897615 8.6267664134502393 5.0401088595390311 7.1720176041126242 6.8042883574962607 7.1044016778469068 11.772126317024233 5.9811932742595655 6.1429871022701326 7.0222212970256805 7.9162076413631421 9.8879460692405683 6.4326652288436881 10.038594424724577 19.68445810675621 8.1935606002807599 24.029076248407367 5.9475111365318298 9.6709737032651883 99.606759741902351 5.413630634546279 5.458385854959487 5.5679937154054633 9.3445395827293378 36.855185091495514
leaf_count=24 22 24 25 21 28 35 25 20 22 20 21 34 21 20 21 22 32 21 33 67 27 87 20 34 394 20 20 20 31 140
internal_value=0.000336621 -0.0245612 0.0334374 0.00337806 0.0112619 0.000160286 -0.00442802 0.0393197 -0.0311372 0.015369 -0.0326925 0.0114276 -0.034293 -0.0218772 -0.00413874 -0.0259403 -0.0378843 -0.0329581 -0.039392 -0.0395954 -0.0352897 -0.0391679 -0.0310409 0.0415895 0.0423851 -0.0424605 -0.0427539 -0.0434397 0.0428367 -0.0442056
internal_weight=387.844 221.349 166.495 42.1724 34.9052 25.9888 35.4339 131.59 179.177 17.5112 172.005 20.3989 163.76 36.7409 14.1266 15.035 127.019 22.6142 16.1816 117.131 49.565 41.3714 11.9287 123.662 113.991 29.4427 67.566 62.1076 108.951 56.5396
internal_count=1351 740 611 124 108 80 102 503 616 55 594 59 570 116 42 43 454 74 53 422 175 148 41 479 445 107 247 227 425 207
is_linear=0
shrinkage=0.05


Tree=43
num_leaves=31
num_cat=0
split_feature=53 2 37 69 15 18 73 79 90 39 60 65 23 65 4 22 2 108 14 12 15 38 65 16 56 26 64 0 14 77
split_gain=98.2525 16.3536 14.8147 6.23427 7.72309 4.90407 3.98963 4.80879 4.56446 4.50755 4.05394 3.38805 4.46224 4.6661 7.23998 2.7687 2.37462 2.026 1.29072 1.6109 0.706827 1.11252 0.313088 0.340958 0.264371 0.183961 0.183929 0.0320334 0.0140987 0.0117262
threshold=0.13887489587068561 0.012669166550040247 1.3643993735313418 0.005780890118330718 -0.25313492119312281 0.016562739387154583 1.9786138534545901 0.0063706368673592815 0.1110816076397896 0.0088220569305121916 0.0092502995394170302 0.9421575963497163 0.0024679293856024746 0.86640688776969921 -0.072653666138648973 0.0723138563334942 0.018708586692810062 0.001338222296908498 2.0889931917190556 0.10758232697844507 0.13452710956335071 0.18901292979717257 0.67674359679222118 0.012562673073261978 -0.0096560074016451818 0.0028162853559479122 0.76730063557624828 0.010952100157737734 3.556957602500916 0.043572485446929939
decision_type=2 2 2 2 2 2 2 2 2 2 2 2 2 2 2 2 2 2 2 2 2 2 2 2 2 2 2 2 2 2
left_child=1 5 15 -4 -5 26 7 -6 10 -10 -9 12 -7 17 -15 20 -3 -14 19 -19 22 -22 24 -24 -2 -20 27 -1 -29 -25
right_child=2 16 3 4 6 11 -8 8 9 -11 -12 -13 13 14 -16 -17 -18 18 25 -21 21 -23 23 29 -26 -27 -28 28 -30 -31
leaf_value=-0.037891538904662105 0.03691962233479152 0.0052769883434646038 -0.026515454015139862 -0.022860413821945588 0.05933884176278692 0.030254321692499548 -0.0055720804320675069 0.014185122575710092 -0.025462072007054332 0.029923069873100502 0.068463318460802725 -0.039768046688877734 -0.0041724464073544538 -0.031451015744255871 0.048429138471745299 0.023146345741079981 0.045932263134273253 0.0032727390445408187 -0.028147577330831369 -0.036080944386205308 0.027674551116279256 0.053016862844624174 0.062862802478515681 0.05030120235121549 0.050457455476683261 -0.039991690032341418 -0.026795747786007598 -0.042342726605802433 -0.039429445321743771 0.052570765548053677
leaf_weight=54.400835484266281 6.5550426989793769 6.9692608118057233 8.8296380639076215 9.4194808751344663 12.129944920539854 5.0481671690940848 8.0418879091739637 6.6142610311508196 7.3132862299680692 7.3815055191516876 7.1682728826999664 17.460684418678284 8.247687950730322 5.5190736353397369 5.8362229317426664 13.421932965517042 7.4111347198486328 5.0412412285804731 3.9097876697778728 5.3707207590341568 9.5956103205680865 7.8928262591361991 7.1017697453498831 26.06350564956665 8.0165170133113843 20.30040967464447 3.4748530089855185 5.4265272617340115 17.694588154554367 7.281244993209838
leaf_count=344 20 21 38 37 34 21 30 20 24 21 20 91 33 27 23 37 21 20 21 21 29 23 20 78 24 102 16 23 91 21
internal_value=0.00109341 -0.0248148 0.0302708 0.0126276 0.0185795 -0.0294685 0.0266031 0.0329751 0.0217455 0.00235906 0.0424151 -0.0204105 -0.0147082 -0.018894 0.00960457 0.0440066 0.0262292 -0.0264427 -0.0317479 -0.0170268 0.0478682 0.039112 0.0506515 0.0529154 0.0443674 -0.0380789 -0.0380497 -0.0385542 -0.0401132 0.0507968
internal_weight=324.938 172.111 152.827 66.8983 58.0686 157.731 48.6492 40.6073 28.4773 14.6948 13.7825 76.734 59.2733 54.2251 11.3553 85.9284 14.3804 42.8698 34.6222 10.412 72.5065 17.4884 55.0181 40.4465 14.5716 24.2102 80.9968 77.522 23.1211 33.3448
internal_count=1351 875 476 224 186 833 149 119 85 45 40 359 268 247 50 252 42 197 164 41 215 52 163 119 44 123 474 458 114 99
is_linear=0
shrinkage=0.05


Tree=44
num_leaves=31
num_cat=0
split_feature=92 10 107 101 101 24 0 64 22 74 8 93 59 85 19 46 68 24 68 29 9 10 93 0 77 37 69 69 128 74
split_gain=86.9258 12.4344 10.6599 10.4156 6.11029 5.14554 4.87545 4.94244 3.95691 3.03968 2.27899 3.19398 2.664 0.903024 1.75649 0.847824 1.27768 0.708777 0.243792 0.709542 0.203814 0.177527 0.0655808 0.00727138 0.00120166 0.000688002 0.000645196 0.000392813 0.000302063 0.000192154
threshold=0.66162770986557018 0.016291688196361068 0.012877967208623888 0.50484853982925426 0.37100303173065191 0.0046352993231266746 0.014163868501782419 0.57690230011940014 0.010912525933235885 -0.1638817489147186 0.60965284705162059 0.13238353282213214 0.052733087912201888 0.0023752260021865372 0.020346971228718761 0.72699707746505748 0.020838914439082149 0.0051037422381341466 0.023901579901576046 0.97293075919151317 0.03449403494596482 0.021557324565947059 0.053658075630664832 0.010952100157737734 0.046787796542048461 1.3741891384124758 0.0052681241650134334 0.0055839933920651683 1.2928692102432253 -0.1210997626185417
decision_type=2 2 2 2 2 2 2 2 2 2 2 2 2 2 2 2 2 2 2 2 2 2 2 2 2 2 2 2 2 2
left_child=2 3 10 5 -4 20 7 -5 13 -8 12 -12 15 14 -3 18 -17 21 23 -20 -2 -15 -23 26 25 -25 28 -27 -1 -29
right_child=1 8 4 6 -6 -7 9 -9 -10 -11 11 -13 -14 17 -16 16 -18 -19 19 -21 -22 22 -24 24 -26 27 -28 29 -30 -31
leaf_value=-0.03673313623812912 -0.029261349741842614 0.024018906699132023 -0.022200663127611344 0.035626875672853685 0.038889642619969148 0.016379165860230079 0.055817881059514123 -0.029483553912207239 0.0080381871684776559 0.020305491556184024 0.014948990306593088 -0.039186120048891861 0.014419670878037784 0.061362180683099579 0.055707096220038305 0.0034555304411706383 -0.039566017806148573 0.042170136851070794 -0.038479236347734244 -0.0098270578108893142 -0.042900238548904526 0.049718893567314154 0.055903502699204258 -0.037468821699011244 -0.03858113701054261 -0.037425291310742854 -0.03726535819745605 -0.038369281142213461 -0.037258207577099717 -0.037892365004914302
leaf_weight=48.67959626019001 4.2684677541255969 9.3079271018505114 7.6654349863529232 5.5083584636449796 8.783091723918913 6.8467119187116614 13.882090568542479 6.1897590011358261 6.7605248093605033 10.647307604551317 5.8122619241476041 5.1290709674358368 2.7461600601673117 11.723978728055956 8.2484928369522077 3.3972592055797568 3.5076920241117477 11.987367182970045 6.4538186490535718 3.2482590824365616 7.6452834010124207 7.1102038621902492 10.792907506227492 27.301688611507416 3.4347578883171073 2.8848169893026343 7.2849378287792197 3.7347156107425681 2.9023628607392302 4.8610819876193991
leaf_count=387 24 26 37 22 27 27 38 24 20 31 24 32 13 32 23 21 19 33 39 17 33 20 30 186 20 20 52 22 21 31
internal_value=-0.00180783 0.0296336 -0.0275262 0.0120767 0.01042 -0.0181628 0.0277363 0.00117536 0.0442763 0.0404033 -0.0322771 -0.0104284 -0.034262 0.0484167 0.0389069 -0.0353979 -0.0183993 0.0524287 -0.0364574 -0.0288865 -0.0380137 0.0565794 0.0534473 -0.037184 -0.0376848 -0.0376054 -0.0368249 -0.0379301 -0.0367627 -0.0380996
internal_weight=268.746 120.919 147.827 54.988 16.4485 18.7605 36.2275 11.6981 65.9314 24.5294 131.378 10.9413 120.437 59.1709 17.5564 117.691 6.90495 41.6145 110.786 9.70208 11.9138 29.6271 17.9031 101.084 42.2171 38.7823 58.8669 11.4806 51.582 8.5958
internal_count=1351 383 968 199 64 84 115 46 184 69 904 56 848 164 49 835 40 115 795 56 57 82 50 739 279 259 460 73 408 53
is_linear=0
shrinkage=0.05


Tree=45
num_leaves=31
num_cat=0
split_feature=0 0 68 61 46 6 27 102 34 108 33 112 55 19 59 22 61 32 129 10 104 105 129 90 43 47 0 100 95 92
split_gain=124.459 11.4843 9.64626 5.19067 5.49034 5.17444 4.88583 3.79043 3.72597 3.86879 3.5371 3.34637 2.79956 2.71523 2.08128 1.97215 1.37743 1.34273 0.878794 0.86422 1.69127 0.517278 0.96762 0.824584 0.155643 0.10296 0.0492698 0.0436706 0.038895 0.0318664
threshold=0.014163868501782419 0.020457126200199131 0.015384401194751264 0.0034296839730814104 0.61047473549842846 0.82122278213500988 -0.50250294804573048 0.052493283525109298 0.45806281268596655 0.0011352344299666586 0.010152647737413647 0.24383834004402163 3.2604714632034306 0.01480942824855447 0.011088757310062649 0.074064485728740706 0.0040655403863638648 0.025153732858598236 0.043950056657195098 0.017837915569543842 0.047901051118969924 0.010909431148320438 0.14966417104005816 0.090626381337642684 0.00079510151408612739 0.88484895229339611 0.010891759768128397 0.92985880374908458 0.78881844878196727 0.61817142367362987
decision_type=2 2 2 2 2 2 2 2 2 2 2 2 2 2 2 2 2 2 2 2 2 2 2 2 2 2 2 2 2 2
left_child=2 5 16 8 -5 7 13 -2 9 -4 11 -8 -12 -7 -3 18 24 -18 -16 25 -21 -22 23 -23 -1 27 -26 -20 -9 -10
right_child=1 14 3 4 -6 6 10 28 29 -11 12 -13 -14 -15 15 -17 17 -19 19 20 21 22 -24 -25 26 -27 -28 -29 -30 -31
leaf_value=0.033605445758760143 -0.003957925189791241 -0.0063618877807952992 -0.010025136847648317 0.026974378031368169 -0.024260434389823574 -0.049386797855665659 0.048781080412879402 -0.043897413007022296 0.043884771111768299 0.032732630472130785 0.014713043478133861 0.0015387130208206873 -0.021474831730375479 -0.0087650144710739279 -0.022155532277703355 -0.013085290701207742 0.0075626516841143208 0.040486820258531168 -0.043065057563748663 -0.012102954554719485 -0.04374162155746137 -0.035469687545953366 -0.044549145177732646 -0.0091135010695728279 0.041815693208447774 -0.049272632302790768 0.04655524468248716 -0.038502281912899249 -0.049213703688508054 0.048546134346294414
leaf_weight=5.7146738916635504 8.5458118170499819 6.2681075334548941 9.6673121452331561 8.6127688884735125 13.308726817369459 6.3174408674240139 8.2587402164936048 7.8143761903047544 7.835366338491438 11.68470713496208 10.202570334076883 6.8637206554412833 11.223968058824537 11.792415574192999 8.4148544222116453 8.7769361138343793 6.1863855421543104 6.2004331797361374 42.26474067568779 7.3921458274126044 20.410804778337479 6.341546371579172 9.4650135636329633 5.577900156378746 97.561295092105865 6.3479071855545035 5.8098898679018012 5.9869463294744483 6.1466725468635559 6.8910402357578278
leaf_count=23 28 19 29 27 38 20 23 29 29 36 31 20 33 36 31 29 20 20 164 24 76 24 34 20 404 20 20 22 20 22
internal_value=0.00145056 -0.0252258 0.031834 0.0150585 -0.00413071 -0.0100071 -0.0016987 -0.0301844 0.026718 0.0133737 0.00882403 0.0273389 -0.00424343 -0.0229355 -0.0344549 -0.0359104 0.0398439 0.0240434 -0.0376959 -0.0389559 -0.0341489 -0.038048 -0.0326136 -0.0231359 0.041638 -0.0432865 0.0420821 -0.0424989 -0.046238 0.046066
internal_weight=383.885 204.413 179.473 57.9999 21.9215 77.1657 54.6589 22.5069 36.0784 21.352 36.549 15.1225 21.4265 18.1099 127.247 120.979 121.473 12.3868 112.202 103.787 49.1874 41.7953 21.3845 11.9194 109.086 54.5996 103.371 48.2517 13.961 14.7264
internal_count=1371 703 668 181 65 240 163 77 116 65 107 43 64 56 463 444 487 40 415 384 178 154 78 44 447 206 424 186 49 51
is_linear=0
shrinkage=0.05


Tree=46
num_leaves=31
num_cat=0
split_feature=37 13 2 23 84 59 59 102 18 45 25 90 59 53 45 32 128 78 18 129 127 115 109 42 45 29 39 104 47 56
split_gain=89.6652 16.5756 9.84775 7.22489 7.73541 5.96056 5.71691 5.22364 5.16349 4.52479 2.31043 2.23768 2.10182 1.90664 1.78662 1.68016 1.21507 3.27426 3.34088 0.915098 0.514319 0.755863 0.210103 0.141772 0.0809752 0.220345 0.0221541 0.0219037 0.0191047 0.00706522
threshold=1.5884670019149782 0.098614368587732329 0.019968081265687946 0.0066236769780516633 0.0040154084563255319 0.009937935974448921 0.019245424307882789 0.043366717174649246 0.033180663362145431 -0.35350690782070154 0.0054820973891764888 0.12877289205789569 0.047442369163036353 0.075872868299484267 -0.50990667939186085 0.034778313711285598 0.71023812890052807 0.002359437290579081 0.016714574769139293 0.28968660533428198 0.013918183743953707 0.13625278323888781 0.013456314802169802 0.0064457892440259465 -0.24003591388463971 1.0363609790802004 0.068721860647201552 0.019776188768446449 0.80382069945335399 0.22914785891771319
decision_type=2 2 2 2 2 2 2 2 2 2 2 2 2 2 2 2 2 2 2 2 2 2 2 2 2 2 2 2 2 2
left_child=2 3 5 10 -5 8 9 -7 -1 14 16 -9 15 -6 -3 20 17 18 -2 22 21 -4 28 -22 25 -18 29 -26 -19 -25
right_child=1 6 12 4 13 7 -8 11 -10 -11 -12 -13 -14 -15 -16 -17 24 19 -20 -21 23 -23 -24 26 27 -27 -28 -29 -30 -31
leaf_value=0.015904273892829373 -0.029672260884876185 0.021342773111293286 0.049350932116149077 0.040373980303837625 -0.041327244820121574 -0.0095933646338986437 -0.033388853328384836 0.023538318336963522 -0.03979946973430868 -0.0078411856223958454 -0.0056767125315476466 0.054478916137085255 0.017687155518565041 0.0013305592907495811 0.056523186334393252 0.023659834974114703 -0.040411831392326382 -0.043188548895419468 0.022853274546459221 -0.019176499894656182 0.057222925918698701 0.027695922207535313 -0.028295117570483471 0.048499061129355141 -0.037641384118946603 -0.022715012274813821 0.052073322967228233 -0.039421458487516409 -0.039795782246640266 0.050278229380624817
leaf_weight=8.7098676264286059 6.5622253566980344 6.622056052088741 9.7780697643756884 7.3113106787204769 7.1324729919433576 7.6283744275569942 5.3156918138265601 12.472772195935251 7.9642937630414954 7.2463189214468011 7.4736434817314139 10.994684144854544 7.7836052179336539 4.1398718804121017 7.9311613738536835 8.0759101808071119 3.9990128427743903 5.0973907113075319 5.619965448975563 7.2783746272325507 7.0768929421901694 6.8544196486473075 4.1031788885593405 23.157991915941242 57.075956895947456 3.1401137858629227 6.8552696406841269 24.786229088902473 22.30784884095192 7.3512701690196982
leaf_count=32 28 20 30 24 34 23 22 38 32 26 31 32 22 17 23 23 21 21 20 38 20 21 20 72 378 19 20 129 113 22
internal_value=-0.00180193 -0.0231409 0.0312482 -0.0290604 0.000319076 0.0134171 0.0131042 0.0263503 -0.0107022 0.0244412 -0.0327633 0.0380342 0.0423201 -0.0256608 0.0405153 0.0450928 -0.0342096 -0.0280536 -0.00544085 -0.0351558 0.0479269 0.0404267 -0.038847 0.0507339 -0.037735 -0.032628 0.0495049 -0.0381804 -0.0404268 0.0489278
internal_weight=317.846 193.143 124.703 166.028 18.5837 47.77 27.1152 31.0958 16.6742 21.7995 147.444 23.4675 76.9334 11.2723 14.5532 69.1498 139.97 50.969 12.1822 38.7868 61.0739 16.6325 31.5084 44.4414 89.0013 7.13913 37.3645 81.8622 27.4052 30.5093
internal_count=1371 984 387 893 75 157 91 93 64 69 818 70 230 51 43 208 787 240 48 192 185 51 154 134 547 40 114 507 134 94
is_linear=0
shrinkage=0.05


Tree=47
num_leaves=31
num_cat=0
split_feature=104 31 0 25 92 93 4 28 46 10 45 18 33 45 117 9 81 25 96 56 117 74 15 56 9 8 0 73 77 16
split_gain=96.4051 11.7851 7.66566 9.85036 7.19371 4.92148 3.49523 3.29885 2.62374 3.5221 2.27659 2.41552 2.60437 2.2351 1.57554 3.41329 1.55291 1.28047 1.07414 1.04365 0.385629 0.37971 0.266588 0.230886 0.122861 0.0283278 0.00721803 0.00100363 0.000951016 0.000323706
threshold=0.03183750435709954 0.23908482491970065 0.020457126200199131 0.002520194742828608 0.57760959863662731 0.070258669555187239 -0.021092093549668785 0.55884501338005077 0.76840984821319591 0.01120629394426942 -0.33759798109531397 0.023913221433758739 0.013310611713677646 -0.21213511377573011 0.045092470943927772 0.019805597141385082 0.0011592831579037013 0.092966474592685713 0.058643300086259849 -0.18276635557413098 0.034549193456768997 -0.2680195271968841 0.39805488288402563 -0.12233663722872733 0.061993530020117767 0.59797325730323803 0.010952100157737734 2.0423576831817631 0.046787796542048461 0.0042615584097802648
decision_type=2 2 2 2 2 2 2 2 2 2 2 2 2 2 2 2 2 2 2 2 2 2 2 2 2 2 2 2 2 2
left_child=4 -2 3 16 17 -5 8 -4 9 14 11 18 -13 -7 23 -16 -3 22 21 20 -12 24 26 -6 -9 -10 29 28 -28 -1
right_child=1 2 7 5 6 13 -8 10 25 -11 19 12 -14 -15 15 -17 -18 -19 -20 -21 -22 -23 -24 -25 -26 -27 27 -29 -30 -31
leaf_value=-0.036491017994548951 -0.039305352747153813 0.061051566292939334 0.0032645399040458277 -0.038698923129108741 -0.040738513631950017 -0.012013062735350341 0.019435783493058287 0.061441477309086279 -0.038890976319225098 0.025179269442799253 0.046879025298856236 -0.0023329952672832984 0.038854215997641404 0.027690543507479595 -0.037615345209892494 0.015927471164267449 0.03019440925884086 -0.00091427372455807332 0.03207725185304143 0.074643371050400517 0.06138319120555269 0.043036717822314413 -0.02239585940028142 -0.02397214099641384 0.053145146213814679 -0.044644955463442916 -0.037276781636880862 -0.038247788721092267 -0.038215075216434705 -0.036894462462014728
leaf_weight=45.250904574990273 5.5605695694684973 8.4086538553237933 4.746391922235488 7.3101186454296139 6.0161964595317841 5.9823824614286432 7.7125803902745238 7.5875128507614162 4.2072448283433896 5.6181966066360465 12.612827032804494 5.874494522809985 11.072129875421522 8.6990449428558314 5.2927237302064878 6.8016853481531143 7.9154693633317939 2.6034036725759497 8.3201543688774091 6.9706839174032202 7.1980557739734641 7.2239359319210079 3.2613802254199973 3.1172525584697777 10.835240215063093 4.3512863963842392 36.480031318962574 3.3494634851813307 2.916436329483985 5.5856197774410239
leaf_count=382 31 23 18 31 32 21 35 21 24 22 36 20 31 26 37 31 23 14 23 20 20 20 22 19 31 17 259 21 18 43
internal_value=5.90899e-05 0.0318653 0.0351426 0.0166638 -0.0281225 -0.00517832 -0.0110651 0.0437308 -0.0177095 -0.0100242 0.0462029 0.0399954 0.0245768 0.0115121 -0.0193412 -0.0075038 0.0460891 -0.035518 0.047688 0.0580038 0.0521489 0.0527523 -0.0364483 -0.0350161 0.056562 -0.0418164 -0.036938 -0.0374169 -0.0373462 -0.0365353
internal_weight=268.882 126.318 120.757 38.3157 142.564 21.9915 43.1172 82.4414 35.4046 26.8461 77.695 50.9135 16.9466 14.6814 21.2279 12.0944 16.3241 99.4472 33.9668 26.7816 19.8109 25.6467 96.8438 9.13345 18.4228 8.55853 93.5825 42.7459 39.3965 50.8365
internal_count=1371 395 364 124 976 78 217 240 182 141 222 146 51 47 119 68 46 759 95 76 56 72 745 51 52 41 723 298 277 425
is_linear=0
shrinkage=0.05


Tree=48
num_leaves=31
num_cat=0
split_feature=0 0 50 27 6 56 102 111 116 102 3 111 23 65 44 12 22 59 59 130 64 57 9 107 56 122 103 82 87 111
split_gain=113.377 10.8012 9.22354 6.43434 4.77947 4.56816 3.66138 2.73204 4.88084 3.48439 3.63397 2.5098 2.14127 3.38289 1.79643 1.73478 1.70802 2.08381 1.67893 0.908228 0.765273 1.59026 0.726408 1.29501 0.643984 1.32586 0.461283 0.430733 0.146226 0.130344
threshold=0.014163868501782419 0.020457126200199131 0.018408227711915973 -0.32484921813011164 0.82122278213500988 -0.27842397987842554 0.052493283525109298 0.099211525171995177 0.021287381649017337 0.10214352235198022 0.0029368023388087754 0.064159750938415541 0.0034527510870248084 0.79167819023132335 0.0022970964200794701 0.13235547393560412 0.074064485728740706 0.011146995704621078 0.008763246703892948 0.10941489785909654 0.40847127139568334 0.0011956619564443829 0.048349138349294669 0.016561169177293781 -0.29185524582862848 -0.26120622456073755 0.17449802160263064 0.0075933602638542661 0.00072465743869543086 0.03233789466321469
decision_type=2 2 2 2 2 2 2 2 2 2 2 2 2 2 2 2 2 2 2 2 2 2 2 2 2 2 2 2 2 2
left_child=2 4 15 12 6 -6 -2 9 -9 10 -7 -12 13 -4 -5 20 17 -3 -15 -19 29 -22 -21 -24 25 28 -23 -14 -25 -1
right_child=1 16 3 14 5 7 -8 8 -10 -11 11 -13 27 18 -16 -17 -18 19 -20 22 21 26 23 24 -26 -27 -28 -29 -30 -31
leaf_value=0.034546777915685195 -0.0034445804977754494 -0.0075905243283282339 -0.013018397279948061 -0.031724081384022308 -0.029249236628630056 -0.022152781533949374 -0.045404204646911091 -0.043453986367503257 0.015380257781434245 0.045039000469069501 0.042311712879396654 -0.0012332529679104651 0.050152336909983358 0.0089933403513064829 0.0035003464131584277 0.010798065308631472 -0.012040529490016652 -0.020520885555238805 0.044124458546575901 -0.042360831327234727 0.0073001919786072553 0.026299062708968347 -0.012016198513264419 -0.032911133029737333 -0.043051223488617368 -0.014885003307969212 0.044527008630633913 0.031364577594961134 -0.043348494672499578 0.041685479766098599
leaf_weight=6.8729664087295523 8.4650080054998416 6.4915676414966574 7.2183659523725536 7.8339387625455839 11.678183645009993 7.8598447144031587 13.475204408168791 6.5635780394077283 7.6148463934659958 7.2105851769447318 6.6882473826408368 6.5493934750556946 6.2991598546504957 5.9223672300577146 6.7284317165613174 5.5743484795093527 8.6323325484991056 7.9765290021896353 7.9877782464027405 49.463394433259964 5.4015898108482387 5.1056464463472357 5.9926030635833731 5.0505623668432245 21.315649285912514 8.2288464456796646 10.839556828141211 5.9156570881605148 9.9996601194143278 91.809237733483315
leaf_count=29 28 20 22 23 37 23 49 20 23 20 20 20 20 20 20 19 29 30 24 195 20 20 19 20 83 29 40 20 38 391
internal_value=0.00139544 -0.0243364 0.0309456 0.012279 -0.00952775 -0.00155302 -0.0292153 0.00605978 -0.0118557 0.015033 0.00477767 0.0207676 0.0243889 0.0147548 -0.0154489 0.0380651 -0.0334878 -0.0351044 0.0291671 -0.0367578 0.0393314 0.0307474 -0.0380523 -0.0338395 -0.0367721 -0.0310226 0.0386904 0.0410534 -0.0398459 0.0411883
internal_weight=372.765 199.256 173.509 47.9057 76.1049 54.1647 21.9402 42.4865 14.1784 28.3081 21.0975 13.2376 33.3433 21.1285 14.5624 125.603 123.151 114.519 13.9101 108.027 120.029 21.3468 100.051 50.5873 44.5947 23.2791 15.9452 12.2148 15.0502 98.6822
internal_count=1371 703 668 149 240 163 77 126 43 83 63 40 106 66 43 519 463 434 44 414 500 80 384 189 170 87 60 40 58 420
is_linear=0
shrinkage=0.05


Tree=49
num_leaves=31
num_cat=0
split_feature=37 12 0 23 85 28 59 74 18 47 113 25 59 53 26 128 78 123 74 122 113 100 35 76 24 62 47 107 33 42
split_gain=81.7454 15.5274 8.53587 6.98917 6.31252 6.03001 5.23387 4.12973 3.29958 2.54698 3.56581 2.26383 1.97334 1.86182 1.59181 1.24647 3.19301 3.1293 1.2217 1.15001 0.776568 0.426069 0.747094 0.246137 0.15679 0.0972215 0.0218123 0.0187112 0.0129755 0.0077388
threshold=1.5884670019149782 0.14792155474424365 0.012976728379726412 0.0066236769780516633 0.010236643254756929 0.70698341727256786 0.019245424307882789 -0.17859428375959394 0.024343323893845085 0.83318495750427257 0.058813465759158141 0.0054820973891764888 0.047442369163036353 0.070434052497148528 0.0031204737024381761 0.71023812890052807 0.002359437290579081 0.064568322151899352 -0.37996137142181391 0.19464086741209033 0.1254595220088959 0.18008276820182803 0.16672553122043612 1.1331609487533572 0.013559894636273386 0.0043574851006269464 0.80382069945335399 0.0065862487535923728 0.0087543893605470675 0.014245128724724056
decision_type=2 2 2 2 2 2 2 2 2 2 2 2 2 2 2 2 2 2 2 2 2 2 2 2 2 2 2 2 2 2
left_child=2 3 8 11 -5 9 7 14 -1 12 -11 15 19 -6 -3 16 17 -2 -18 20 -4 22 -22 26 -23 27 -20 -17 29 -26
right_child=1 6 5 4 13 -7 -8 -9 -10 10 -12 -13 -14 -15 -16 25 18 -19 23 -21 21 24 -24 -25 28 -27 -28 -29 -30 -31
leaf_value=0.019867868965626857 0.018137248238957911 0.054018032676423383 0.030205277900327544 0.034856822007223752 -0.041076528871415663 -0.012020099119060627 -0.032667960629991624 -0.0089326679179026827 -0.034109568976108375 0.043870141737447035 -0.0024091191022250292 -0.0053225698890710339 0.016476044878604931 0.0019982306682449864 0.02133065907918073 -0.037352156757950158 -0.013090490472314961 -0.03309391952066839 -0.042983636153519106 0.02797369774035683 0.027253038018362909 0.056179014679383923 0.04845457962701985 -0.026127287493432478 0.049233508233553873 -0.030623433795688493 -0.039351417445661403 -0.039053314209916284 0.049941144844496993 0.047277828709288962
leaf_weight=4.9690410494804365 6.595196992158888 7.6445559859275853 7.5140933692455283 7.7488180845975902 6.5255421400070173 6.6119869053363791 5.1577597409486762 6.7976413220167169 6.5807496458292007 7.8505985587835339 8.8591967672109586 7.4012257307767859 7.7060788869857779 4.0752297937870026 7.2632672339677811 57.190342903137207 5.5967901200056032 5.4387386739253998 5.0327523201704123 11.015589684247969 6.5184436440467861 8.1382859051227552 11.460302680730818 3.6065839976072303 7.1291984021663692 4.9675118029117575 23.127609640359879 22.532721996307373 10.571428775787352 17.415412485599518
leaf_count=19 24 22 23 26 32 20 22 24 30 24 27 31 22 17 23 400 29 24 21 33 20 23 36 19 22 24 123 123 32 56
internal_value=-0.0017497 -0.022566 0.0300177 -0.0284772 0.000555642 0.034282 0.0126068 0.0233652 -0.010887 0.0372207 0.0193338 -0.0322425 0.0406378 -0.0245174 0.0380924 -0.0337284 -0.0274162 -0.00501668 -0.0346305 0.0429721 0.0453753 0.0472369 0.0407677 -0.0384255 0.0499258 -0.0374101 -0.0400006 -0.037833 0.0484766 0.0478459
internal_weight=309.043 186.702 122.34 159.839 18.3496 110.791 26.8632 21.7055 11.5498 104.179 16.7098 141.489 87.4688 10.6008 14.9078 134.088 49.3977 12.0339 37.3637 79.7628 68.7472 61.2331 17.9787 31.7669 43.2543 84.6906 28.1604 79.7231 35.116 24.5446
internal_count=1371 984 387 893 75 338 91 69 49 318 51 818 267 49 45 787 240 48 192 245 212 189 56 163 133 547 144 523 110 78
is_linear=0
shrinkage=0.05


Tree=50
num_leaves=31
num_cat=0
split_feature=9 101 28 107 107 114 34 64 69 78 115 18 129 20 24 92 37 23 24 51 37 35 34 125 59 47 9 9 73 77
split_gain=87.5722 12.4904 7.60192 4.98468 4.35474 4.89361 3.92189 3.10273 1.78385 1.74469 1.33915 2.78159 1.28977 2.44161 1.33176 1.12699 1.50408 4.59664 0.632983 0.273141 0.123749 0.0883567 0.0873089 0.0199129 0.00620326 0.00288512 0.00199576 0.00102186 0.00118545 0.000618723
threshold=0.036490825936198241 0.55186226963996898 0.5239045023918153 0.013380215968936683 0.015754701569676403 0.049254124984145171 0.38575950264930731 0.69574761390686046 0.0075699808076024064 0.0020921858958899979 0.071988299489021315 0.03068950213491917 0.15363465994596484 0.022447787225246433 0.0057444579433649787 0.58040666580200206 2.0389586687088017 0.0025395223638042812 0.0030937129631638531 0.0068158882204443225 2.5428918600082402 0.1299071088433266 0.42146946489810949 0.0025206973077729349 0.0072803739458322534 0.8589383363723756 0.017263766378164295 0.029187603853642944 1.3799453973770144 0.044531948864459998
decision_type=2 2 2 2 2 2 2 2 2 2 2 2 2 2 2 2 2 2 2 2 2 2 2 2 2 2 2 2 2 2
left_child=1 3 -2 10 5 -4 8 18 -3 -6 11 -1 13 -11 21 24 19 26 -7 -17 -14 22 -15 -22 -12 -21 -18 29 -29 -26
right_child=2 6 4 -5 9 7 -8 -9 -10 12 15 -13 20 14 -16 16 17 -19 -20 25 23 -23 -24 -25 27 -27 -28 28 -30 -31
leaf_value=-0.037607655350097122 -0.018953383693769518 -0.027983343462534706 -0.0060757015705749096 0.023400027013588721 0.019988464383305645 0.061796240354061782 0.032733181553608541 0.0067575573919796145 0.0050581014703493495 0.016728736086847242 -0.036352604442012874 0.025021198032323368 0.061087899528196238 0.051291743380342252 0.029023839098231585 -0.022325287760241494 -0.036708334973008815 0.02983191854367085 0.039537091653303297 -0.038292812241103924 0.055221156299473544 0.048264224203032495 0.058328605384821264 0.051780915049224108 -0.037024827565882476 -0.039935544461873904 -0.038499200054955017 -0.037098539493768401 -0.038456887253975197 -0.037788359602443214
leaf_weight=4.3561609908938399 6.3328400254249564 6.5617108792066636 10.543502762913706 4.075679123401641 6.8804548680782309 6.2392408251762408 9.3577131927013379 5.9759819358587256 10.821806013584135 8.2341988384723646 46.122130379080772 2.989638440310955 7.2466319203376797 9.8660669922828728 7.8931211233139029 3.1752467602491405 3.4679699167609197 4.2436065748333931 6.543412446975708 6.7265780717134458 7.4941124618053463 8.5946736037731153 7.9679112136363974 9.587461978197096 34.132125437259674 4.4351292848587036 2.8212816417217255 3.2627761662006369 3.1635675951838493 2.8769083619117728
leaf_count=31 30 30 36 15 20 17 34 20 32 23 406 16 20 29 22 22 28 22 23 41 21 25 22 28 256 23 17 24 19 19
internal_value=7.84887e-05 -0.0243984 0.0342187 -0.0309926 0.0374858 0.0211791 0.00663496 0.036498 -0.00741397 0.0439635 -0.0328131 -0.0121186 0.0464298 0.04118 0.0470462 -0.0341416 -0.0247253 -0.0103795 0.0504018 -0.0352646 0.0556129 0.0524287 0.0544357 0.0532902 -0.0367564 -0.0389456 -0.0375117 -0.0371852 -0.0377672 -0.0370842
internal_weight=261.99 152.59 109.4 125.849 103.067 29.3021 26.7412 18.7586 17.3835 73.7646 121.773 7.3458 66.8842 42.556 34.3218 114.427 24.8698 10.5329 12.7827 14.337 24.3282 26.4287 17.834 17.0816 89.5575 11.1617 6.28925 43.4354 6.42634 37.009
internal_count=1371 1035 336 939 306 96 96 60 62 210 924 47 190 121 98 877 153 67 40 86 69 76 51 49 724 64 45 318 43 275
is_linear=0
shrinkage=0.05


Tree=51
num_leaves=31
num_cat=0
split_feature=0 0 68 27 12 26 4 102 106 42 10 102 105 88 41 73 59 12 12 43 63 56 122 44 68 30 99 88 2 101
split_gain=103.195 10.2351 9.38055 4.61586 4.43666 4.36605 3.45975 3.21037 2.7911 3.85561 3.42597 3.329 2.47516 2.36571 1.80166 3.0013 1.5164 1.43099 0.909428 0.759587 0.691883 0.660393 1.27065 1.65798 0.530932 0.910734 0.372573 0.1487 0.0745182 0.0676597
threshold=0.014163868501782419 0.020457126200199131 0.015384401194751264 -0.32484921813011164 0.1334970444440842 0.0016484116786159577 -0.021092093549668785 0.052493283525109298 0.013485539704561235 0.0031347826588898902 0.011487307026982309 0.094916835427284255 0.0057733762077987203 0.0012558174203149977 0.017488302662968639 1.4213790297508242 0.047442369163036353 0.14032394438982013 0.043727526441216476 0.0020706165814772253 -0.028870300389826294 -0.29185524582862848 -0.26120622456073755 0.0023717540316283707 0.013776970095932485 2.223455667495728 0.046313049271702773 0.0016922823851928117 0.0057493711356073627 0.53336828947067272
decision_type=2 2 2 2 2 2 2 2 2 2 2 2 2 2 2 2 2 2 2 2 2 2 2 2 2 2 2 2 2 2
left_child=2 4 17 6 5 -2 13 -6 10 -10 -7 -11 -5 -4 15 18 21 24 -3 29 -9 22 27 -24 28 -26 -23 -16 -1 -15
right_child=1 14 3 12 7 8 -8 20 9 11 -12 -13 -14 19 16 -17 -18 -19 -20 -21 -22 26 23 -25 25 -27 -28 -29 -30 -31
leaf_value=0.040630917525241401 -0.039603013924670638 -0.019179809287830241 0.01002425023909068 -0.021092385548155734 -0.0025819838319937993 0.012222940884669964 -0.0074908273131185261 -0.046110345892034083 -0.0074501864718250739 0.0089041838399156227 -0.030362784238104137 0.058230765771089432 0.017418359945986582 0.04368068483792039 -0.032378442055695608 -4.4668622125342629e-05 -0.01160674688822487 0.014295148902983772 -0.044639136220284571 0.026830919641086717 -0.025511392065081708 -0.031058362470730891 -0.036391823946664813 0.0020570587773793021 0.042114634773718705 0.01409153313681898 -0.042134780134791772 -0.04264050164778229 0.04580463744242122 0.050681950264719937
leaf_weight=86.331652700901031 6.0316404700279227 5.6193498373031643 9.548785015940668 11.668170481920244 9.9971748888492602 9.7981700003147143 7.3554800003767005 10.613913342356684 9.1610119044780749 6.6042411178350431 9.117340534925459 7.0954380631446838 6.4947514086961737 7.7190895229578036 4.9418212026357713 10.347702860832213 6.0679487735033026 5.8046940714120856 9.3339436054229719 7.2161879390478125 6.6183380484580985 8.9420492947101575 5.8992685377597791 5.3435507714748383 6.5875702351331693 5.1785323321819305 50.283224955201149 12.356878712773321 7.5700689554214469 6.2406113147735596
leaf_count=393 20 20 29 35 33 28 24 38 27 21 28 20 20 29 20 31 22 19 36 24 25 37 21 20 27 21 207 49 27 20
internal_value=0.00133735 -0.023477 0.0300663 0.0134189 -0.00901254 0.000162952 0.0233113 -0.0251223 0.00590436 0.0176603 -0.00830352 0.0344518 -0.0073216 0.0306854 -0.0325875 -0.0207462 -0.0357803 0.0384657 -0.0350717 0.040002 -0.038199 -0.0374516 -0.0312038 -0.0181176 0.0397934 0.029781 -0.0404624 -0.0397089 0.041048 0.0468106
internal_weight=361.889 194.173 167.716 56.2431 75.0373 47.8078 38.0802 27.2294 41.7762 22.8607 18.9155 13.6997 18.1629 30.7247 119.136 25.301 93.8347 111.473 14.9533 21.1759 17.2323 87.7668 28.5415 11.2428 105.668 11.7661 59.2253 17.2987 93.9017 13.9597
internal_count=1371 703 668 181 240 144 126 96 124 68 56 41 55 102 463 87 376 487 56 73 63 354 110 41 468 48 244 69 420 49
is_linear=0
shrinkage=0.05


Tree=52
num_leaves=31
num_cat=0
split_feature=37 6 2 68 74 23 0 102 44 84 87 115 18 15 23 32 124 18 79 82 16 102 74 6 6 42 90 104 14 116
split_gain=74.4564 14.6992 8.66865 6.96579 5.9491 5.48262 4.26088 3.5572 3.95558 3.09989 5.18753 2.03928 2.00208 1.84161 1.73114 1.10303 1.05112 0.97202 1.936 3.00489 1.22033 0.798855 0.654245 0.572713 0.442303 0.192349 0.134951 0.0166825 0.0142236 0.00662722
threshold=1.5884670019149782 0.8297448754310609 0.019968081265687946 0.042277758941054351 -0.17859428375959394 0.0047069361899048099 0.012976728379726412 0.043366717174649246 0.0027264052769169216 0.0040154084563255319 0.0015543116605840626 0.14882691949605945 0.024343323893845085 -0.078871417790651308 0.073337458074092879 0.034778313711285598 0.13537082076072696 0.015789898112416271 0.0076648974791169175 0.0038391603156924252 0.0025529164122417573 0.051706271246075637 -0.36963859200477595 1.0087162256240847 0.70705252885818493 0.0064457892440259465 0.029398648999631408 0.018552375957369808 2.0017780065536503 0.11233512312173845
decision_type=2 2 2 2 2 2 2 2 2 2 2 2 2 2 2 2 2 2 2 2 2 2 2 2 2 2 2 2 2 2
left_child=2 3 6 4 21 17 12 -8 -9 10 13 -10 -1 -7 15 24 -5 27 19 20 -19 -2 -20 -11 -4 -26 -27 -3 -24 -28
right_child=1 5 14 16 -6 9 7 8 11 23 -12 -13 -14 -15 -16 -17 -18 18 22 -21 -22 -23 28 -25 25 26 29 -29 -30 -31
leaf_value=0.010806175336979524 0.03164568837615072 -0.03702056964669468 0.032930703498793804 -0.010573538524932995 -0.0097222052022055295 -0.0014368829287904161 -0.012349336500705145 0.00096634492268908719 0.022871122748282471 -0.040683269745221649 0.042436006987669722 0.054939325223459179 -0.033527894894541846 -0.041542018717146093 0.020423064028189719 0.024685445888525143 -0.042447324905718509 -0.038668410156445253 -0.018448741633288156 0.019367429758806676 -0.011450619848811646 0.055633470710232391 -0.041288279940189056 -0.016235887903891761 0.054518696255147117 0.038615527470331645 0.047817015825809273 -0.038742053514105416 -0.038250467102979149 0.046258812494596062
leaf_weight=4.2407191693782789 6.5940667390823346 43.388129562139511 6.5625881254672995 5.6575053781270963 8.0522418618202227 8.7321639806032199 6.808973252773284 9.3752312064170855 9.1057127863168734 6.2893797457218152 5.7564959675073615 10.882428705692289 6.3741447031497955 4.2583662569522884 10.137162804603575 7.4968441426753989 4.7651593387126923 9.2178773134946876 4.6063663363456717 4.5426019579172126 7.4439910948276511 7.3277374804019928 4.5698454678058651 3.86943019926548 6.8586424589157096 6.1054251194000235 9.1558974981307966 20.82940711081028 24.572722613811493 26.789763659238815
leaf_count=17 20 324 21 23 30 37 21 30 27 31 19 32 30 21 29 22 20 55 24 20 30 21 21 19 20 20 29 118 151 89
internal_value=-0.00169865 -0.0219888 0.0288438 0.00851838 0.024486 -0.0286633 0.0120379 0.0202117 0.0277622 -0.00912832 0.00292497 0.0403305 -0.0158161 -0.0145836 0.0395994 0.0426865 -0.025146 -0.0334017 -0.0285202 -0.0166805 -0.0265084 0.0442717 -0.0359591 -0.0313714 0.0451193 0.0467547 0.0454884 -0.0375789 -0.0387268 0.0466557
internal_weight=300.367 180.473 119.894 32.3967 21.974 148.077 46.7872 36.1723 29.3634 28.9058 18.747 19.9881 10.6149 12.9905 73.1063 62.9692 10.4227 119.171 54.9534 21.2045 16.6619 13.9218 33.7489 10.1588 55.4723 48.9097 42.0511 64.2175 29.1426 35.9457
internal_count=1371 984 387 114 71 870 157 110 89 127 77 59 47 58 230 201 43 743 301 105 85 41 196 50 179 158 138 442 172 118
is_linear=0
shrinkage=0.05


Tree=53
num_leaves=31
num_cat=0
split_feature=104 30 92 0 25 93 108 4 108 28 95 96 45 92 30 113 59 74 33 86 61 115 14 10 8 0 26 9 73 77
split_gain=80.8857 10.2041 7.05931 6.40116 8.58369 4.43015 3.30316 3.52012 3.41595 2.69795 4.55331 2.14592 2.05016 1.96191 2.59127 3.04431 1.94483 1.51759 1.38067 0.787923 0.228037 0.191085 0.064032 0.0393092 0.0165873 0.00589724 0.00425949 0.00246389 0.000842167 0.000726682
threshold=0.03183750435709954 1.6284134984016421 0.57760959863662731 0.020457126200199131 0.002520194742828608 0.070258669555187239 0.0011352344299666586 -1.0000000180025095e-35 0.0030236693564802413 0.68529060482978832 0.8313841223716737 0.14233181625604632 -0.21213511377573011 0.70503315329551708 2.2712401151657109 0.1541770622134209 0.010196320712566377 -0.21623522043228147 -0.013419995084404944 0.0031839427538216118 0.0027953010285273199 0.066124714910984053 5.6588206291198739 0.021428364329040054 0.59797325730323803 0.010952100157737734 0.0030358314979821448 0.021892506629228595 2.0423576831817631 0.046787796542048461
decision_type=2 2 2 2 2 2 2 2 2 2 2 2 2 2 2 2 2 2 2 2 2 2 2 2 2 2 2 2 2 2
left_child=2 -2 18 4 17 -6 7 16 11 10 -5 19 -7 -11 15 -15 -4 -3 -1 22 -16 -20 24 -22 27 -23 -25 -8 29 -27
right_child=1 3 6 9 5 12 8 -9 -10 13 -12 -13 -14 14 20 -17 -18 -19 21 -21 23 25 -24 26 -26 28 -28 -29 -30 -31
leaf_value=0.0019019107333368577 -0.038976255257654066 0.058107060150533768 0.016151824963717573 0.003355842530148432 -0.03802617196851954 -0.012350808019208313 -0.036563898536005439 0.048221769726903119 0.023823805131552286 0.070114374741279559 0.054699499436789825 0.0043181191592661589 0.025755488893418624 0.0045685405077379795 0.041595271042846667 0.046095156856450464 -0.02626160400471457 0.027430345773763576 -0.025620720306136175 -0.015999261774695208 0.054566897408971062 -0.03616280334994728 -0.046654566457474025 0.051118311374333349 -0.041391489993144931 -0.036865512462888522 0.049741986122434613 -0.038418348039780101 -0.03777535416468647 -0.037703446607560427
leaf_weight=2.467804327607154 5.2546168714761725 8.1183218657970446 5.1318904757499677 11.131215944886209 7.001944616436961 5.9315077960491189 4.1770540103316396 4.0959937945008269 3.7210252359509459 6.9946984052658072 7.0549055933952323 4.2393300607800475 8.716738417744633 8.4608321934938449 7.4165336191654196 9.2259412556886655 5.7101479470729828 8.0087769329547864 4.2061829790472975 4.2036305218935004 7.3354475200176266 45.947013363242149 3.3361563235521308 10.169965058565142 3.9159603714942932 31.520194508135319 12.569371700286863 3.135789729654789 3.258827492594718 2.8187953680753699
leaf_count=15 31 23 26 38 31 21 35 16 18 20 20 23 26 25 21 27 26 23 31 24 21 427 12 30 18 245 38 19 22 19
internal_value=0.000102814 0.0292005 -0.0271206 0.0322329 0.0152579 -0.0053123 -0.0100988 0.0087326 -0.0206232 0.040213 0.0232735 -0.0278115 0.0103251 0.0451679 0.0420056 0.02623 -0.00618594 0.0428729 -0.034982 -0.0350687 0.0494478 -0.0360193 -0.0405724 0.0513842 -0.0387654 -0.0365428 0.0503575 -0.0373591 -0.0370072 -0.0369343
internal_weight=255.277 123.391 131.886 118.136 37.7773 21.6502 41.667 14.938 26.7289 80.3589 18.1861 23.0079 14.6482 62.1728 55.1781 17.6868 10.842 16.1271 90.2188 18.7686 37.4913 87.751 14.565 30.0748 11.2288 83.5448 22.7393 7.31284 37.5978 34.339
internal_count=1371 395 976 364 124 78 217 68 149 240 58 131 47 182 162 52 52 46 759 108 110 744 84 89 72 713 68 54 286 264
is_linear=0
shrinkage=0.05


Tree=54
num_leaves=31
num_cat=0
split_feature=77 42 9 5 68 109 18 120 6 37 94 86 15 130 32 25 94 124 92 61 26 12 25 46 15 105 18 104 56 77
split_gain=86.4439 10.7011 9.32597 8.16567 7.8675 7.13942 5.96192 3.07189 2.89243 3.67746 2.76423 2.73647 2.65423 2.11314 1.9619 2.87676 1.57845 1.13269 1.1143 1.0839 1.07897 0.720777 0.870728 0.655758 0.367821 0.44761 0.270022 0.189809 0.165285 0.070251
threshold=0.013618088793009521 0.0086878570728003996 0.032591247931122787 0.59039777517318737 0.015384401194751264 0.0075480798259377488 0.031556105241179473 0.22764287889003756 0.81749173998832714 2.1325706243515019 0.28653450310230261 0.010042727924883367 -0.16950681805610654 0.11650401353836061 0.027639675885438923 0.0023044621339067821 0.11254188418388368 0.32170864939689642 0.70503315329551708 0.0040655403863638648 0.0043896748684346685 0.11287875473499299 0.0051570604555308827 0.87548691034317028 0.12876095622777942 0.0081032412126660364 0.024259729310870174 0.037400912493467338 -0.33470292389392847 0.011037670075893404
decision_type=2 2 2 2 2 2 2 2 2 2 2 2 2 2 2 2 2 2 2 2 2 2 2 2 2 2 2 2 2 2
left_child=4 2 3 5 19 10 7 -4 -6 20 -2 -7 -11 -3 15 -9 -16 21 -5 28 -10 22 -15 26 -23 -26 27 -18 -1 -30
right_child=1 13 6 18 8 11 -8 14 9 12 -12 -13 -14 17 16 -17 23 -19 -20 -21 -22 24 -24 -25 25 -27 -28 -29 29 -31
leaf_value=0.031258008959775312 -0.011329376224238486 -0.0095995213456413278 0.0048530516736025198 0.023365859435133033 -0.014746869927894479 0.031621655726832017 0.016172534588198059 -0.038674095701238594 0.044028088849523674 -0.022182098744483864 -0.050884922252506973 -0.010642272428131863 0.017880798728080356 -0.041277679722400373 -0.01241451573988156 0.0098351187122327193 -0.05372175248253111 -0.015238073578216091 0.048938780634288137 0.020870614322128427 0.017127981450545584 -0.04173300299203532 -0.01235699058103993 -0.029012154459408881 -0.01986751373680162 -0.041748942850709403 -0.036726303258950453 -0.043367621145072727 0.040174168285187717 0.046851194521949996
leaf_weight=5.1342539936304084 9.1671987026929873 8.4297496825456601 6.6215506345033637 10.95853601396084 7.7429267764091483 10.055713906884195 9.0076396167278272 5.886537700891493 11.750307321548464 6.5644617378711727 8.5231218934059125 6.1859832406043997 11.167167067527769 4.8467528969049436 6.0347392559051505 6.3566937148571014 7.2049061208963456 6.0357148498296729 6.9684320390224448 8.0568840652704221 5.4597918093204489 48.957112476229668 5.6208323240280151 10.007744982838629 4.6312234699726087 4.7182331830263138 8.7714835703372938 11.476524099707602 84.63058240711689 4.1316892355680457
leaf_count=23 31 32 21 35 23 33 27 20 44 20 27 20 36 21 23 20 22 23 20 28 18 209 22 38 20 20 33 44 403 15
internal_value=0.00128323 -0.0194819 -0.0101263 0.00600996 0.0309249 -0.00841128 -0.0218517 -0.0273441 0.0129025 0.0190295 -0.0303871 0.0155246 0.00304903 -0.0333319 -0.031169 -0.0134881 -0.0361459 -0.0360061 0.0333064 0.0384703 0.0354942 -0.0378287 -0.025748 -0.0399689 -0.0399975 -0.03091 -0.0439631 -0.0473609 0.0399804 0.040485
internal_weight=351.104 206.466 123.227 51.859 144.638 33.932 71.3678 62.3602 42.6847 34.9417 17.6903 16.2417 17.7316 83.2396 55.7386 12.2432 43.4954 74.8099 17.927 101.953 17.2101 68.7742 10.4676 37.4607 58.3066 9.34946 27.4529 18.6814 93.8965 88.7623
internal_count=1371 761 414 166 610 111 248 221 141 118 58 53 56 347 200 40 160 315 55 469 62 292 43 137 249 40 99 66 441 418
is_linear=0
shrinkage=0.05


Tree=55
num_leaves=31
num_cat=0
split_feature=14 30 16 47 59 50 99 109 71 26 62 113 2 62 62 59 74 59 74 123 19 0 81 113 47 94 2 68 39 77
split_gain=67.6894 12.4401 8.71461 6.22177 6.09892 8.92722 4.6185 5.07337 4.41032 3.83701 5.13195 3.3844 3.03423 2.36125 3.88831 1.9636 1.39561 1.17496 0.782065 0.706608 0.704617 0.649564 0.603069 0.322465 0.152831 0.0664458 0.0476355 0.0256523 0.0232457 0.0168624
threshold=1.9207849502563479 1.6489333510398867 0.0027207091916352515 0.79899582266807567 0.018567066639661792 0.021544711664319042 0.30694609880447393 0.002938216552138329 0.22566613554954532 0.0058445495087653407 0.0040636977646499881 0.11455955356359483 0.018708586692810062 0.0042946659959852704 0.0029189155902713542 0.047442369163036353 0.064974833279848113 0.011146995704621078 -0.39595410227775568 0.025793844833970073 0.022859405726194385 0.018167528323829178 0.00076220979099161934 0.13887380808591845 0.6778332293033601 0.080460458993911757 0.019968081265687946 0.016836104914546016 0.062212839722633369 0.010912060271948578
decision_type=2 2 2 2 2 2 2 2 2 2 2 2 2 2 2 2 2 2 2 2 2 2 2 2 2 2 2 2 2 2
left_child=1 11 18 9 5 16 -7 -8 23 10 -3 12 -1 14 -9 17 20 -13 -2 -20 29 -19 -6 -5 -23 -26 -27 -21 -28 -4
right_child=2 3 4 8 22 6 7 13 -10 -11 -12 15 -14 -15 -16 -17 -18 21 19 27 -22 24 -24 -25 25 26 28 -29 -30 -31
leaf_value=-0.012883277682408984 -0.013592529908362121 0.032857995973828664 -0.037367490831693717 -0.032578841805950706 -0.01933335996832149 -0.025969526512040521 0.05673618797341598 0.025917657399650643 0.0063877846414590106 0.046861860319303575 -0.031701678020485492 0.024199753710972299 0.032461987407292753 0.035399790834246082 -0.026550558108318269 0.014070365213846033 0.00032420797828562771 0.029395481677385916 -0.017393126712268493 -0.036801704300990494 -0.012662218010244404 0.037950740006495925 -0.039840341180124729 -0.050154496277544661 0.041224765132851802 0.050545735216750966 0.045466075945051282 -0.038715474306701005 0.048724166102222771 -0.041002455540390309
leaf_weight=6.6067545264959326 3.9620744064450255 6.5775723308324832 10.12312806397677 5.1980926096439379 4.6507755964994457 6.2208894640207282 7.5235828310251263 6.541712090373041 8.9804772883653623 8.1342974454164487 5.7859880924224854 9.2007727921009046 8.3538185358047468 5.8227627873420706 7.6725899279117584 7.5375221073627463 3.5690585672855368 7.3845917433500281 4.6150730103254309 43.792692303657532 3.2080512046813956 6.4629091322422019 15.646328836679457 5.2410864979028702 6.0539216399192801 7.1511169373989096 29.187892556190491 29.17548742890358 6.7385726869106284 4.6588013023138037
leaf_count=23 24 21 72 27 23 22 23 23 37 24 20 29 25 20 32 22 16 23 29 344 16 22 82 19 20 22 100 168 21 22
internal_value=-0.0016365 0.0243885 -0.0239217 0.000978069 -0.0116974 -0.00309894 0.0129439 0.0217273 -0.0193024 0.0201918 0.00264489 0.0342587 0.012437 0.00858204 -0.00240361 0.038354 -0.028237 0.0408899 -0.0352603 -0.0363669 -0.0339033 0.0433282 -0.0351415 -0.0414029 0.0451789 0.0461297 0.046819 -0.0375669 0.0460772 -0.0385131
internal_weight=291.778 134.595 157.183 39.9175 75.6377 55.3406 33.7815 27.5606 19.4197 20.4979 12.3636 94.6779 14.9606 20.0371 14.2143 79.7173 21.559 72.1798 81.5453 77.5833 17.99 62.979 20.2971 10.4392 55.5944 49.1315 43.0776 72.9682 35.9265 14.7819
internal_count=1371 455 916 148 351 246 120 98 83 65 41 307 48 75 55 259 126 237 565 541 110 208 105 46 185 163 143 512 121 94
is_linear=0
shrinkage=0.05


Tree=56
num_leaves=31
num_cat=0
split_feature=104 30 92 77 86 23 23 4 46 9 114 24 120 56 75 3 44 25 32 40 88 15 81 7 9 0 51 99 73 77
split_gain=73.9515 9.35331 6.9962 5.98965 7.58806 4.60156 6.08015 2.98365 2.58973 2.94295 4.69585 3.40075 2.17899 1.91854 1.66922 1.50955 1.41418 1.96893 1.38839 0.789745 0.751087 0.294179 0.155465 0.023361 0.021824 0.00570529 0.0038919 0.00107331 0.000801624 0.000862688
threshold=0.03183750435709954 1.6284134984016421 0.57760959863662731 0.022402607835829261 0.0024953866377472882 0.0031678541563451294 0.0047069361899048099 -0.021092093549668785 0.76840984821319591 0.019805597141385082 0.06763871014118196 0.0034578706836327915 0.12793526798486712 -0.21780473738908765 0.003152355551719666 0.091609328985214247 0.0038466695696115498 0.0050488470587879428 0.029055191203951839 0.28391669690608984 0.00139115855563432 0.39805488288402563 0.0009530776005703957 3.9747959375381474 0.062543341889977469 0.010952100157737734 0.026274546049535278 0.71991181373596203 2.0423576831817631 0.046787796542048461
decision_type=2 2 2 2 2 2 2 2 2 2 2 2 2 2 2 2 2 2 2 2 2 2 2 2 2 2 2 2 2 2
left_child=2 -2 15 4 13 14 -7 8 9 27 18 -12 -5 19 -6 21 17 20 -11 -3 -14 25 -22 -10 -24 -1 -26 -4 29 -27
right_child=1 3 7 12 5 6 -8 -9 23 10 11 -13 16 -15 -16 -17 -18 -19 -20 -21 22 -23 24 -25 26 28 -28 -29 -30 -31
leaf_value=-0.035968476363558141 -0.03869477112703032 0.038885720745221473 -0.036384851328490023 0.013095621790981532 -0.0050952993051731673 0.039693196201467121 -0.015717067659448119 0.018444431997788936 -0.038236645464594696 -0.041825846190065574 0.051190523209267869 -0.0075193856621984497 0.030803962714363878 0.019604822595191224 -0.044392755851142607 0.0061530056631151006 0.061178661954033854 0.018803055911699992 -0.0013282653458479487 0.061615123736144611 0.042042199729462465 -0.020232128468146364 0.052961552587671823 -0.043671351634805552 0.050384905950706355 -0.036668098220810678 0.04884395242126828 -0.037690951119501229 -0.037594787815574723 -0.037572026265721231
leaf_weight=43.060197375714779 5.0454545617103568 7.3445722013711947 4.088482744991782 6.1606648266315451 5.708367660641672 11.891729071736338 8.4820490926504117 7.6972108930349341 3.8118517324328414 5.0897525921463984 5.5775905326008779 4.4221538305282593 7.0409876704215995 7.3287942558526984 5.1313044205307961 2.200940713286399 10.28620485961437 8.4136961698532087 3.6227885857224464 7.9673622846603394 6.5173322856426266 2.9295110404491416 7.5879672467708614 4.1085797101259232 9.6374954283237475 31.776890583336353 7.1281939744949332 2.5564793795347214 3.0027704909443846 2.8786380738019934
leaf_count=425 31 22 36 20 19 37 31 35 24 24 21 23 21 21 23 12 30 25 19 22 20 22 22 17 29 259 22 18 21 20
internal_value=0.000108444 0.0279561 -0.026608 0.0308395 0.0186061 0.0026216 0.0166247 -0.00960958 -0.0160985 -0.00830304 0.00184759 0.0252274 0.0413349 0.0406431 -0.023698 -0.0347212 0.0444079 0.0406841 -0.0249864 0.0507127 0.0455402 -0.0357967 0.0489012 -0.0410558 0.0507367 -0.0363616 0.0497297 -0.0368873 -0.0368111 -0.0367432
internal_weight=248.496 121.672 126.824 116.627 53.8542 31.2135 20.3738 40.9749 33.2777 25.3572 18.7123 9.99974 62.7725 22.6407 10.8397 85.8489 56.6119 46.3257 8.71254 15.3119 37.912 83.648 30.871 7.92043 24.3537 80.7185 16.7657 6.64496 37.6583 34.6555
internal_count=1371 395 976 364 175 110 68 217 182 141 87 44 189 65 42 759 169 139 43 44 114 747 93 41 73 725 51 54 300 279
is_linear=0
shrinkage=0.05


Tree=57
num_leaves=31
num_cat=0
split_feature=0 0 68 6 56 40 15 103 88 81 41 58 59 97 96 41 73 130 4 12 56 5 90 45 48 33 100 52 39 92
split_gain=86.2544 11.08 7.77237 4.89064 4.913 4.29824 3.28296 3.15496 2.90512 3.67662 4.06677 3.09264 2.63175 1.86168 1.8038 1.70344 2.71274 1.77316 0.941486 0.926726 0.573626 0.951277 1.99221 0.510382 1.10828 0.291085 0.256207 0.587626 0.194207 0.144036
threshold=0.013244625646620991 0.020457126200199131 0.015384401194751264 0.81749173998832714 -0.27842397987842554 0.50960299372673046 -0.19531584531068799 0.1400677561759949 0.00098793033976107857 0.0030647956300526862 0.010998883284628393 0.76777106523513805 0.013871195726096632 0.24881616234779361 0.069582927972078337 0.017488302662968639 1.4213790297508242 0.11650401353836061 -0.037915326654911034 0.043727526441216476 -0.29185524582862848 0.79975429177284252 0.10361556708812715 -0.26460948586463923 2.346815943717957 0.0094816200435161608 0.13247570395469668 1.1137760281562807 0.027946086600422863 0.75793430209159862
decision_type=2 2 2 2 2 2 2 2 2 2 2 2 2 2 2 2 2 2 2 2 2 2 2 2 2 2 2 2 2 2
left_child=2 3 23 7 14 6 -4 -2 -6 11 -11 12 -10 -7 -5 16 19 -17 25 -3 21 22 29 24 -1 -8 27 -22 -9 -19
right_child=1 15 5 4 8 13 18 28 9 10 -12 -13 -14 -15 -16 17 -18 20 -20 -21 26 -23 -24 -25 -26 -27 -28 -29 -30 -31
leaf_value=0.041251207756446223 -0.0038185569092082021 -0.017163270746198479 -0.00061369316705905572 -0.0085572791372017579 -0.02261707741041228 -0.023083426514051684 0.046203732190285923 -0.046106533291427741 0.026879840104483785 0.017053934975825892 -0.037912240386357737 0.046229802902360506 -0.013030527532961734 0.01190770849700807 -0.047614453598875034 -0.011533551778527613 0.00039732185857597612 -0.041888451505567165 0.017671723406141631 -0.043558219484387505 -0.01801179801367812 -0.042399470565263726 0.0018188605065642155 0.039158349313716846 0.0078215037839802909 0.032526536429131468 -0.041015638261304055 -0.042004977607253961 -0.033600360190248382 -0.029517121938057167
leaf_weight=5.966478228569029 9.2120206505060214 5.3785083442926434 9.5648636966943723 5.9441371113061887 6.6328536272048941 8.9243829101324064 9.6905591338872963 8.8252404332160932 10.388355791568761 7.3314928412437421 6.2200763374567032 9.7614510357379896 6.8571079373359671 6.6217563599348059 5.8808311074972153 7.8158929497003546 10.174514174461363 5.0448369085788745 6.1051958203315762 8.7118359059095365 4.26570315659046 9.6189100146293622 5.4584767818450919 89.796293959021568 4.2419404536485672 6.4991352409124366 44.175972506403923 6.3518142700195312 4.7886231690645209 4.4089725166559219
leaf_count=27 31 20 31 20 20 27 35 33 31 22 20 28 22 21 20 31 31 21 21 36 19 39 21 436 18 25 198 27 20 20
internal_value=0.00124251 -0.0207315 0.0300492 -0.00676304 0.000838334 0.0133738 0.0238908 -0.0264164 0.00805982 0.0130767 -0.00817516 0.0237404 0.0110108 -0.00817923 -0.0279813 -0.0309931 -0.0192765 -0.0342557 0.0344036 -0.0334828 -0.0364945 -0.03014 -0.0222322 0.037954 0.02736 0.0407132 -0.0393395 -0.0323655 -0.0417075 -0.0361188
internal_weight=340.658 193.248 147.411 81.8422 59.0163 47.4059 31.8598 22.8259 47.1913 40.5585 13.5516 27.0069 17.2455 15.5461 11.825 111.405 24.2649 87.1406 22.2949 14.0903 79.3247 24.5312 14.9123 100.005 10.2084 16.1897 54.7935 10.6175 13.6139 9.45381
internal_count=1371 730 641 267 183 160 112 84 143 123 42 81 53 48 40 463 87 376 81 56 345 101 62 481 45 60 244 46 53 41
is_linear=0
shrinkage=0.05


Tree=58
num_leaves=31
num_cat=0
split_feature=37 13 23 84 16 59 0 77 45 28 25 44 38 59 58 128 78 124 74 124 19 76 47 62 37 24 54 107 8 95
split_gain=62.0759 15.551 6.4332 6.30554 5.75056 4.94119 3.00363 3.71687 2.72317 2.70594 2.13183 2.11752 2.01809 1.79748 1.57186 1.33862 3.02047 2.91467 1.29931 1.00796 0.723075 0.254326 0.182733 0.102498 0.0267491 0.0222897 0.0175134 0.0155425 0.00279049 0.00218372
threshold=1.5623779296875002 0.098614368587732329 0.0066236769780516633 0.0040154084563255319 0.015589697752147915 0.019245424307882789 0.014537699054926636 0.023080751299858097 -0.35350690782070154 0.58790630102157604 0.0054820973891764888 0.0025206372374668722 0.24445492029190066 0.047442369163036353 0.32458403706550604 0.71023812890052807 0.002359437290579081 0.16210828721523288 -0.37996137142181391 0.32693165540695196 0.024519313126802448 1.1331609487533572 0.68746450543403637 0.0043574851006269464 1.1890566945075991 0.070493806153535857 0.11213680729269983 0.0065862487535923728 0.41394628584384924 0.79780831933021557
decision_type=2 2 2 2 2 2 2 2 2 2 2 2 2 2 2 2 2 2 2 2 2 2 2 2 2 2 2 2 2 2
left_child=4 2 10 -4 6 8 11 -8 14 -9 15 -1 -5 19 -3 16 17 -2 -18 20 -6 26 -22 27 25 29 28 -17 -20 -24
right_child=1 5 3 12 13 -7 7 9 -10 -11 -12 -13 -14 -15 -16 23 18 -19 21 -21 22 -23 24 -25 -26 -27 -28 -29 -30 -31
leaf_value=-0.032585175871005921 0.018706223999191845 0.017795299307676551 0.033526426846071489 -0.04195972511539528 0.028571771310412858 -0.031474902347748322 0.04575880746548059 0.027792277356172464 0.00081034352404126615 -0.014828085205547906 -0.0043092445596133108 0.0096707344501055798 -0.00041170972827180567 0.012923918401275606 0.050616162770654075 -0.036620442197018169 -0.010095521307506549 -0.031883987926485134 -0.039643788407714577 0.026135579234727521 0.036346566533568367 -0.02423052132747891 0.044075807715521602 -0.029462324694798508 0.04826771058640128 0.047722016770386393 -0.04188934224470419 -0.03826783937199095 -0.038194917885749934 0.045198324513296084
leaf_weight=5.2061395645141584 6.4507915675640088 6.4425141066312834 8.1459479033947009 6.6194307357072812 8.5096330642700178 4.9588326364755622 9.8259208798408526 7.3320355266332609 8.4380437284708023 7.5681854337453842 7.128924384713172 6.8864698708057404 5.2333463877439499 7.4541273117065421 8.4100904017686826 48.642244763672352 5.1329585686325983 5.0963179767131805 4.1601606756448879 12.566114872694014 5.9375373721122733 3.2401168644428244 17.387363553047187 4.6846749335527411 8.4127900004386884 6.2421934008598319 4.6269097924232474 20.28949686139822 16.519052997231483 5.7705544829368582
leaf_count=25 24 20 27 35 28 23 30 23 30 24 31 24 23 22 25 401 29 24 22 39 21 19 63 25 27 20 21 124 102 20
internal_value=-0.00159203 -0.0201126 -0.0266843 -0.000340001 0.0279835 0.0138442 0.0118996 0.0218867 0.0234931 0.00614436 -0.0308666 -0.00852138 -0.0236151 0.0361764 0.0363797 -0.0324597 -0.0256894 -0.00362177 -0.0332554 0.0388501 0.0419074 -0.0374199 0.0445012 -0.036619 0.0457817 0.0450703 -0.0391086 -0.0371053 -0.0384864 0.0443555
internal_weight=283.319 174.22 145.97 19.9987 109.099 28.2495 36.8188 24.7261 23.2906 14.9002 125.972 12.0926 11.8528 72.2803 14.8526 118.843 45.2263 11.5471 33.6792 64.8262 52.2601 28.5462 43.7504 73.6164 37.8129 29.4001 25.3061 68.9317 20.6792 23.1579
internal_count=1371 1005 907 85 366 98 126 77 75 47 822 49 58 240 45 791 241 48 193 218 179 164 151 550 130 103 145 525 124 83
is_linear=0
shrinkage=0.05


Tree=59
num_leaves=31
num_cat=0
split_feature=104 30 98 77 5 47 115 123 58 76 30 120 46 94 111 80 44 83 8 87 27 104 58 30 24 59 64 1 9 101
split_gain=67.7235 8.5306 5.94556 5.58911 5.34014 4.28313 3.74359 2.75529 2.55435 2.41809 3.12699 2.07296 1.5698 2.24966 1.43138 1.40401 1.27208 2.04335 0.885811 0.731439 0.483252 0.430842 0.825217 0.0866118 0.0145648 0.00516545 0.0016666 0.000508665 0.000412001 0.000529311
threshold=0.03183750435709954 1.6284134984016421 3.5111172199249272 0.022402607835829261 0.79018896818161022 0.83008474111557018 0.13778252154588702 0.068140283226966872 0.39760066568851476 1.2206302881240847 2.8150629997253422 0.12793526798486712 0.72496894001960765 0.32430642843246466 0.079929534345865264 0.076323315501213088 0.0038466695696115498 0.0089385341852903383 0.60965284705162059 0.00056330658844672154 -0.34359274804592127 0.0276104835793376 0.78619137406349193 2.2970329523086552 0.0025745234452188019 0.0072803739458322534 0.51617601513862621 0.0055326994042843589 0.021507619880139831 0.30336540937423712
decision_type=2 2 2 2 2 2 2 2 2 2 2 2 2 2 2 2 2 2 2 2 2 2 2 2 2 2 2 2 2 2
left_child=2 -2 12 4 5 8 7 -7 -3 -4 -11 -5 15 -14 -6 18 17 19 21 -13 23 25 -23 -21 -25 27 28 -1 -27 -30
right_child=1 3 9 11 14 6 -8 -9 -10 10 -12 16 13 -15 -16 -17 -18 -19 -20 20 -22 22 -24 24 -26 26 -28 -29 29 -31
leaf_value=-0.035788669195107425 -0.038395412260500382 -0.034020621437664961 -0.025001876854120243 0.01228256390552309 0.054423497068082853 -0.020262028697264858 0.043305964756429088 0.024907431919358194 0.010994413079658082 0.026930380074519908 -0.022575987555181674 0.028985550517584044 0.012012648529917586 -0.037534291701512248 0.025286441647921681 0.006546585652084819 0.058854349483546897 0.014168353127349265 -0.0088022109730153588 0.054887897680949017 0.034840313634574259 -0.037804519962836042 -0.0016205941103827667 0.050182833251711516 0.047240421063319632 -0.036452802215839991 -0.037850024032783189 -0.036560889039260372 -0.036466662146688124 -0.037246066811591108
leaf_weight=38.620734736323357 4.8135991096496573 7.8490730002522451 7.69470186531544 6.158679023385047 9.0730256140232104 6.6389868259429949 9.7961563318967801 6.8694296479225159 5.2655272036790848 9.2401677221059781 4.8711571320891371 6.8743571043014517 4.814347214996813 4.3709995225071907 7.8722770810127249 2.1631390005350104 10.154240027070044 6.874839484691619 3.2995307296514502 6.9350111484527579 6.5043430030345979 3.8063034713268271 2.6888114884495735 6.6341140270233181 11.48928579688072 26.76656998693943 2.6495015770196906 2.2571349218487731 4.4454242959618551 4.2714014425873756
leaf_count=405 31 37 32 20 26 20 29 20 20 39 23 21 27 33 23 11 30 21 25 20 20 26 18 20 37 231 18 19 38 31
internal_value=0.00011491 0.0268154 -0.0261134 0.0295452 0.0176994 0.00691047 0.0197735 0.00270798 -0.015947 -0.002454 0.00984104 0.0398032 -0.0312646 -0.0115651 0.0408873 -0.0332537 0.0428589 0.0392744 -0.0342232 0.0437649 0.0469838 -0.0352042 -0.0228253 0.0501359 0.0483175 -0.0362218 -0.0366404 -0.0358313 -0.03655 -0.0368486
internal_weight=241.763 119.803 121.96 114.989 53.3645 36.4192 23.3046 13.5084 13.1146 21.806 14.1113 61.6249 100.154 9.18535 16.9453 90.9686 55.4662 45.312 88.8054 38.4371 31.5628 85.5059 6.49511 25.0584 18.1234 79.0108 38.1329 40.8779 35.4834 8.71683
internal_count=1371 395 976 364 175 126 69 40 57 94 62 189 882 60 49 822 169 139 811 118 97 786 44 77 57 742 318 424 300 69
is_linear=0
shrinkage=0.05


Tree=60
num_leaves=31
num_cat=0
split_feature=0 41 29 29 18 59 105 0 90 20 74 41 61 84 35 43 41 15 62 12 73 113 71 19 65 71 27 65 113 0
split_gain=80.0535 9.32684 6.0559 3.39764 3.31063 3.23334 3.6022 2.49843 2.45461 4.10374 4.41777 2.74421 3.14238 2.61891 2.31328 2.06226 2.45239 2.29049 1.60893 1.52571 1.99416 1.31371 1.15737 2.40719 0.961075 1.51494 0.746064 0.65056 0.250061 0.233844
threshold=0.011655109934508802 0.0075064434204250583 0.93981224298477184 0.9682794213294984 0.013290278613567354 0.0068702215794473895 0.0020627267658710484 0.01103473547846079 0.16783842444419864 0.020807153545320037 -0.18808878213167188 0.014057254884392025 0.074665836989879622 0.00097329431446269165 0.084454875439405455 0.0015557531733065846 0.0091591500677168387 -0.13327695429325101 0.0032167392782866959 0.0068300247658044108 1.4213790297508242 -0.048488140106201165 0.10797180980443956 0.014565383549779655 0.75078919529914867 0.20091274380683902 -0.43497528135776514 0.81365746259689342 0.25530064105987554 0.02330509573221207
decision_type=2 2 2 2 2 2 2 2 2 2 2 2 2 2 2 2 2 2 2 2 2 2 2 2 2 2 2 2 2 2
left_child=5 -2 8 18 -5 -1 -7 22 9 10 13 14 24 -3 -11 17 -17 -6 -4 21 -21 -18 23 -8 28 27 -10 -26 -13 -23
right_child=1 2 3 4 15 6 7 -9 26 11 -12 12 -14 -15 -16 16 19 -19 -20 20 -22 29 -24 -25 25 -27 -28 -29 -30 -31
leaf_value=0.038944304726999696 0.035646988226104202 -0.00085896128683279449 -0.0084640607140541967 0.016872386978930735 -0.02462360752834954 -0.018065795711439701 0.041055610879989934 0.0020091331553770738 -0.053319267324755351 -0.029822391688110211 0.026135957603983895 -0.040925188706452453 -0.00021134482095919025 -0.047351787598751076 0.01365175435840482 0.0014415137848547664 -0.022117775796723652 0.017897741567929885 0.023683000419650019 -0.041603172633024807 0.0013332766373221774 -0.055702695561472886 0.044392582738634362 -0.0030836748377069583 -0.041990667031396867 -0.0033694321364194273 -0.0293154795861039 -0.022122524777239999 -0.028045142599265639 -0.042264823850226368
leaf_weight=79.894178837537766 7.719832941889762 6.4978505074977893 6.4138836562633541 7.2457595169544211 5.8995486795902252 5.0301971435546866 7.821135878562929 7.6473357379436484 10.551204308867453 5.8619163036346418 7.5589587539434424 43.265542477369308 6.8219377994537345 5.6736777722835541 6.4013543576002121 7.1388123929500571 7.1980445533990851 6.8377161324024183 9.8997465819120389 4.5748164653778058 6.6137425303459167 6.262677296996122 13.942937254905699 5.1050440818071365 10.647543758153921 5.1263565421104422 4.6697921305894843 6.7208159714937201 4.1278863847255698 6.7020805776119232
leaf_count=413 27 21 21 21 20 17 36 25 36 20 24 200 25 20 21 23 28 21 34 20 20 19 53 21 46 22 20 28 20 28
internal_value=0.000576689 -0.0182739 -0.0203687 -0.00913263 -0.0147618 0.0331565 0.0214636 0.0272243 -0.0271495 -0.0245163 -0.00388635 -0.0290912 -0.0326021 -0.0225313 -0.00712915 -0.0192362 -0.0250072 -0.00179697 0.011044 -0.0310297 -0.0162227 -0.0392463 0.0344009 0.0236233 -0.0357639 -0.0272531 -0.0459549 -0.0343025 -0.0398034 -0.048756
internal_weight=325.872 206.431 198.712 74.7868 58.4732 119.441 39.5467 34.5165 123.925 108.704 19.7305 88.9734 76.7101 12.1715 12.2633 51.2274 38.4902 12.7373 16.3136 31.3514 11.1886 20.1628 26.8691 12.9262 69.8881 22.4947 15.221 17.3684 47.3934 12.9648
internal_count=1350 785 758 255 200 565 152 135 503 447 65 382 341 41 41 179 138 41 55 115 40 75 110 57 316 96 56 74 220 47
is_linear=0
shrinkage=0.05


Tree=61
num_leaves=31
num_cat=0
split_feature=54 18 30 44 45 113 28 59 33 119 28 74 87 91 23 4 78 43 48 62 33 47 76 69 5 34 125 32 25 113
split_gain=51.6757 10.1897 9.44395 5.75427 4.85805 7.46266 4.80512 4.70025 4.9537 6.18817 6.00053 6.9155 5.66963 3.78144 3.4198 2.69188 2.14786 2.03367 1.90594 1.80341 1.60186 0.984777 0.964639 0.430395 1.73772 0.183604 0.183062 0.171092 0.0415342 0.0408293
threshold=0.092583265155553832 0.017123711295425895 1.6863534450531008 0.0037161111831665043 -0.35350690782070154 0.144637405872345 0.56492766737937938 0.0068702215794473895 0.013361783698201181 4.4163155555725107 0.7521386742591859 -0.15623436868190763 0.00097903097048401854 0.2957316935062409 0.073337458074092879 -0.38004770874977106 0.0026279195444658403 0.0037436055717989807 2.5519559383392338 0.0050368898082524547 0.013821245171129705 0.84967565536499035 2.0764615535736088 0.0055839933920651683 0.18033032119274142 0.52274480462074291 0.010576853062957527 0.027317985892295841 0.009053393732756378 0.18927207589149478
decision_type=2 2 2 2 2 2 2 2 2 2 2 2 2 2 2 2 2 2 2 2 2 2 2 2 2 2 2 2 2 2
left_child=1 21 14 4 5 -4 -6 27 9 10 11 -9 -13 -5 20 16 -7 -14 -10 28 22 -1 23 24 29 -23 -25 -3 -20 -2
right_child=2 7 3 13 6 15 -8 8 18 -11 -12 12 17 -15 -16 -17 -18 -19 19 -21 -22 25 -24 26 -26 -27 -28 -29 -30 -31
leaf_value=-0.012562012094101089 0.048195948719815571 -0.03833971088703847 -0.030480391076599903 0.0046748324295934887 0.02479718281407986 0.040820991827678288 -0.036240838635813136 -0.036948129956116481 0.0026062298183110108 -0.038605280220832885 0.059458399209966678 -0.029290016216322989 0.056326434386388617 -0.051498308719586883 0.0073965277093143615 0.057981928558880451 0.00016273519826265318 0.017782216627566277 -0.038289384095288898 -0.0030383388414395359 0.016294869224545993 -0.037090029206725425 0.02156325328990398 0.05437514618446148 0.013381956257009667 -0.023818879296781264 0.044792257471851143 -0.023679292945506084 -0.04461791210164838 0.043324528780153894
leaf_weight=4.5899751633405677 5.7296479046344819 10.353789858520029 4.7314821630716315 5.8025485128164274 5.648628309369089 7.6973903179168701 7.5128496065735817 6.7079985216259983 6.2466025650501278 5.7489944249391547 6.7815001755952826 4.0576691105961862 7.1923865526914579 6.1941900849342346 10.812742084264753 10.008263140916824 5.6197298318147659 6.5284091532230377 7.5174313411116582 4.471082776784896 7.7289510965347281 61.848071120679379 6.0398988574743262 6.9427220821380642 5.5572176575660697 2.7208286747336379 17.661292046308517 2.4636410251259795 3.9574991762638092 17.254389435052872
leaf_count=24 20 77 25 20 19 23 36 35 25 34 25 23 24 24 32 30 20 21 47 17 26 483 20 21 20 17 63 18 16 65
internal_value=-0.000248727 -0.0212319 0.022376 0.00614759 0.0150178 0.0267746 -0.0100446 -0.00806957 -0.00212682 0.00907123 0.0178371 0.00631018 0.022632 -0.0243286 0.0334866 0.0383886 0.0236635 0.0379869 -0.020805 -0.029976 0.0377026 -0.03494 0.0404982 0.0426501 0.0384724 -0.0365308 0.0474963 -0.0355218 -0.040472 0.0445389
internal_weight=272.128 141.186 130.942 53.2151 41.2183 28.0569 13.1615 72.027 59.2096 37.017 31.268 24.4865 17.7785 11.9967 77.7269 23.3254 13.3171 13.7208 22.1926 15.946 66.9141 69.1589 59.1852 53.1453 28.5413 64.5689 24.604 12.8174 11.4749 22.984
internal_count=1350 886 464 197 153 98 55 362 267 162 128 103 68 44 267 73 43 45 105 80 235 524 209 189 105 500 84 95 63 85
is_linear=0
shrinkage=0.05


Tree=62
num_leaves=31
num_cat=0
split_feature=104 100 30 106 103 92 65 18 44 30 78 130 46 46 0 130 0 91 119 126 104 91 10 101 92 77 60 92 41 104
split_gain=53.1326 8.0339 5.81439 5.42594 5.26002 3.96334 3.56179 3.11307 3.2217 6.19078 5.11372 2.06881 1.50319 1.8504 1.59878 1.2016 1.12156 0.977624 1.9861 1.66701 0.486 0.119084 0.0460533 0.0188842 0.0187451 0.00500676 0.00183828 0.00165394 0.000595922 0.000343859
threshold=0.03183750435709954 2.2679231166839604 1.6284134984016421 0.0075606708414852628 0.30045385658741003 0.61942619085311901 0.67793592810630809 0.032988302409648902 0.0037161111831665043 2.2544525861740117 0.0035657810512930159 0.96959257125854503 0.72496894001960765 0.77277255058288585 0.055901421234011657 0.25598251819610601 0.014843942131847145 0.27322651445865637 6.5140833854675302 0.00099980202503502391 0.0276104835793376 0.20072336494922641 0.021221566945314411 0.54563656449317943 0.67592912912368786 0.010040404740720989 0.079093709588050856 0.61356958746910106 0.0076742907986044892 0.020180154591798786
decision_type=2 2 2 2 2 2 2 2 2 2 2 2 2 2 2 2 2 2 2 2 2 2 2 2 2 2 2 2 2 2
left_child=1 12 -2 -4 5 -3 -5 8 9 10 -8 17 14 -14 20 -10 24 21 19 -19 23 -11 -20 25 28 -1 27 29 -6 -27
right_child=2 4 3 6 16 -7 7 -9 15 11 -12 -13 13 -15 -16 -17 -18 18 22 -21 -22 -23 -24 -25 -26 26 -28 -29 -30 -31
leaf_value=-0.035653266779416867 -0.028606402381664692 -0.018054404425576251 -0.026210636594799771 -0.021048094649199961 -0.03585470586930755 0.037342074285306698 -0.01753559802403867 -0.00099661971443678818 0.040300179961093946 0.045323756040957716 0.029334135754466369 0.014653345819944794 0.014014279253458155 -0.037436102695809867 0.0094261675817446031 0.070192566675766385 -0.0030008178812201188 0.013346833801223435 0.05282728150946913 0.044645072244541076 -0.020898361688142224 0.053097300985208831 0.046846629860070474 -0.041001021276026006 -0.041798792940822081 -0.036184907098081399 -0.037876194821054976 -0.037611988285006392 -0.036996129718797857 -0.036528494652426684
leaf_weight=34.492733456194401 5.2506171390414229 4.795252792537215 4.9084836468100539 3.646487444639205 2.2008528336882573 9.8837360292673093 11.53726586699486 7.8854956030845633 7.1590801030397397 10.119302973151209 11.742897704243658 9.222753703594206 3.758947640657424 3.265848807990551 2.0644099041819564 6.338266521692276 3.2723730504512787 11.993735000491148 6.7632007896900159 6.5930647253990164 5.5658704042434684 9.6011139154434186 6.1421619057655334 2.0099968686699858 2.5463663190603256 21.222734615206718 2.2463084384798995 2.6070928126573554 2.3801547139883041 11.085588827729223
leaf_count=381 36 32 22 16 23 37 39 25 22 33 35 27 24 25 12 20 13 35 20 20 37 30 20 11 12 197 15 18 18 95
internal_value=-0.000517607 -0.0250037 0.0228347 0.0252112 -2.865e-05 0.0192455 0.0275322 0.0292178 0.0316686 0.0280137 0.00610627 0.0364527 -0.0320954 -0.00990516 -0.0340129 0.0543375 -0.0272336 0.0403785 0.0349118 0.0244489 -0.0351448 0.0491084 0.0499809 -0.0362212 -0.0383595 -0.0360871 -0.0364898 -0.0364006 -0.0364478 -0.0363028
internal_weight=232.302 113.398 118.904 113.653 25.0787 14.679 108.745 105.098 97.2128 83.7155 23.2802 60.4353 88.3195 7.0248 81.2947 13.4973 10.3997 51.2126 31.4922 18.5868 79.2303 19.7204 12.9054 73.6645 7.12737 71.6545 37.1617 34.9154 4.58101 32.3083
internal_count=1350 950 400 364 135 69 342 326 301 259 74 185 815 49 766 42 66 158 95 55 754 63 40 717 53 706 325 310 41 292
is_linear=0
shrinkage=0.05


Tree=63
num_leaves=31
num_cat=0
split_feature=0 60 68 120 27 23 59 105 29 128 6 123 0 108 14 44 89 62 64 7 19 71 19 53 71 25 83 89 97 43
split_gain=73.2854 7.5584 7.8055 5.15282 3.41822 3.2778 3.21418 3.44141 2.98263 3.83324 2.93641 3.52173 2.36977 2.14027 2.18081 2.12679 2.07989 1.73531 1.63356 1.7863 1.51658 1.12954 2.31769 0.96563 1.64071 2.01302 0.487273 0.221191 0.161951 0.0456693
threshold=0.011655109934508802 0.0085137654095888155 0.021573975682258609 0.21906287968158725 -0.2070132717490196 0.073337458074092879 0.0068702215794473895 0.0020627267658710484 0.93981224298477184 0.60876360535621654 1.1819818615913393 0.084844850003719344 0.01103473547846079 0.0055566155351698407 1.3537551760673525 0.0022969546262174849 -0.2045423090457916 0.0030892376089468603 0.57979843020439159 6.2517430782318124 0.017901550047099594 0.10797180980443956 0.014565383549779655 0.15182941406965259 0.21638242900371554 0.0051198613364249477 0.0046772831119596967 0.25120611488819128 0.14687645435333255 0.0064610235858708629
decision_type=2 2 2 2 2 2 2 2 2 2 2 2 2 2 2 2 2 2 2 2 2 2 2 2 2 2 2 2 2 2
left_child=6 2 4 -4 16 13 28 -8 17 -10 15 -12 21 20 -15 18 -2 26 -11 -20 -3 22 -9 24 25 -22 -5 29 -1 -25
right_child=1 5 3 8 -6 -7 7 12 9 10 11 -13 -14 14 -16 -17 -18 -19 19 -21 23 -23 -24 27 -26 -27 -28 -29 -30 -31
leaf_value=0.029475044048524541 0.0075186052679149145 -0.010768532730460077 0.025994321516973729 -0.049711427293832634 -0.016313236606912512 0.001506179381842778 -0.017829698006881726 0.040614447034099582 0.018302842638950125 -0.055113333951228763 0.028128745164032593 -0.02327814793839092 0.0019819144839586791 -0.0305564428193493 0.016960497703430773 -0.0018564624720838379 0.039855011146535224 -0.016763188733966237 -0.0042146039773606559 -0.04245819344276721 -0.032953771568146342 0.043769538402243603 -0.0031537215304458586 -0.043895404599748944 -0.041120120462922731 0.0092392302438093869 -0.031385669721275856 -0.028483694298406356 0.03907622892486981 -0.039873022890575566
leaf_weight=4.6808889061212531 9.0642506331205404 6.6892382353544226 6.6231628060340872 10.891352131962782 6.5599958747625342 8.6765578091144544 5.0238978862762442 7.483655124902727 8.2809586524963361 7.5423562675714555 6.0301925390958768 7.4447065442800522 7.6044985502958289 5.2288775742053968 4.4865904450416565 5.5848136693239203 11.016617640852928 9.5350131094455701 5.4608781486749631 6.9258056581020355 6.2408647388219851 13.46722489595413 5.0764071047306061 8.8179686963558179 10.666132420301436 5.1676141619682312 5.4386830776929846 4.0618881583213797 71.194504007697105 35.328329429030418
leaf_count=25 30 25 20 39 21 32 17 36 25 23 20 25 25 26 15 20 36 32 18 29 30 53 21 35 49 19 21 19 388 176
internal_value=0.000561102 -0.0175721 -0.00841013 -0.016237 0.0150222 -0.0277942 0.0325053 0.0207702 -0.0200615 -0.0125924 -0.0191543 -0.000272895 0.0265362 -0.0307269 -0.00861318 -0.0291263 0.0252588 -0.0337118 -0.0367683 -0.0255979 -0.0335181 0.0337104 0.0229246 -0.0356833 -0.0270224 -0.0138419 -0.0436081 -0.0396491 0.0384839 -0.0406765
internal_weight=316.294 201.763 106.399 79.7579 26.6409 95.3641 114.531 38.6557 73.1348 47.2697 38.9888 13.4749 33.6318 86.6875 9.71547 25.5139 20.0809 25.865 19.929 12.3867 76.972 26.0273 12.5601 70.2828 22.0746 11.4085 16.33 48.2082 75.8754 44.1463
internal_count=1350 785 359 272 87 426 565 152 252 160 135 45 135 394 41 90 66 92 70 47 353 110 57 328 98 49 60 230 413 211
is_linear=0
shrinkage=0.05


Tree=64
num_leaves=31
num_cat=0
split_feature=53 18 30 44 29 59 33 53 62 62 9 103 42 91 103 77 7 12 38 90 69 28 5 105 47 1 34 66 0 68
split_gain=47.3425 9.88774 8.6582 5.3073 4.48379 4.41494 4.61804 5.1795 5.37824 5.47587 3.80027 3.83935 4.42615 3.61017 3.60765 3.34333 2.30579 2.27558 1.81955 3.3948 1.49176 3.14698 1.61759 2.22718 0.983468 0.197087 0.189418 0.17804 0.137773 0.116474
threshold=0.13887489587068561 0.017123711295425895 1.6863534450531008 0.0037161111831665043 0.93603169918060314 0.0068702215794473895 0.013361783698201181 -0.089323069900274263 0.0029594044899567966 0.0042946659959852704 0.057692503556609161 0.15029902756214145 0.0069881791714578876 0.2957316935062409 0.23981384187936786 0.046787796542048461 2.2917159795761113 0.097144529223442092 -0.064644064754247652 0.13202290236949923 0.0059117551427334556 0.339866653084755 -0.21175803989171979 0.0079790125600993651 0.84967565536499035 0.014861840754747392 0.52274480462074291 2.4424974918365483 0.032124646008014686 0.012385876383632423
decision_type=2 2 2 2 2 2 2 2 2 2 2 2 2 2 2 2 2 2 2 2 2 2 2 2 2 2 2 2 2 2
left_child=1 24 15 4 10 27 7 -7 -9 17 11 12 -4 -5 -11 20 -14 -10 19 28 21 22 23 -2 -1 -22 -26 -3 -8 -24
right_child=2 5 3 13 -6 6 18 8 9 14 -12 -13 16 -15 -16 -17 -18 -19 -20 -21 25 -23 29 -25 26 -27 -28 -29 -30 -31
leaf_value=-0.012082666598291859 0.0010537153855378939 -0.038072548109059162 -0.022002103385093476 0.0046970202766770941 -0.030814619818002764 -0.038471360297206075 -0.040679544546061139 0.048961551838092705 -0.039646322469325562 -0.0021773403128750378 -0.0205533882449308 0.049458376756904517 0.049293168774693648 -0.050699265289983343 0.052737522008767551 0.0034380904626320238 0.0072131153281597728 0.0083910166560693042 -0.043506943412216413 0.011717634043100035 0.0526870691968691 -0.0055882446759469738 0.041460689698422371 0.044354953360063815 -0.036881261038845058 0.042860492417910179 -0.023189024730246217 -0.022757071312936659 -0.027161524484763042 0.049770547208912046
leaf_weight=4.5025061443448058 6.5150738060474342 9.8148656859993917 6.0803105235099855 5.7653795182704908 4.8000071197748175 5.0073616355657569 4.4102593064308184 9.0003481432795542 6.9411223009228724 5.7182569950818998 4.8415072113275519 11.842952415347098 6.967150926589964 6.0037596672773361 6.2702719420194626 8.7767684161663038 6.1106352657079697 3.8232636600732803 6.0786250084638587 7.9208716377615929 6.8417987227439907 5.3422943651676169 16.964463561773307 5.4567670077085495 58.747655406594276 20.073225125670433 2.6393528953194609 2.3523574471473685 3.2916168123483658 5.6116298139095298
leaf_count=24 22 77 22 20 26 31 23 35 40 22 27 37 20 24 19 26 21 15 27 35 21 20 65 20 483 73 17 18 20 20
internal_value=-0.000224494 -0.0207064 0.0216216 0.0060051 0.0145671 -0.00770957 -0.00200662 0.00879066 0.0162437 0.00330152 0.0206446 0.0270785 0.013244 -0.0235621 0.0265444 0.0324508 0.0296311 -0.0225846 -0.0202965 -0.0112655 0.0362624 0.0301251 0.0356476 0.0207904 -0.0346382 0.0453584 -0.0362926 -0.0351115 -0.0349022 0.0435262
internal_weight=264.512 136.519 127.994 52.4117 40.6426 70.6292 58.462 36.7606 31.7533 22.7529 35.8426 31.001 19.1581 11.7691 11.9885 75.582 13.0778 10.7644 21.7014 15.6227 66.8053 39.8902 34.5479 11.9718 65.8895 26.915 61.387 12.1672 7.70188 22.5761
internal_count=1350 886 464 197 153 362 267 162 131 96 127 100 63 44 41 267 41 55 105 78 241 147 127 42 524 94 500 95 43 85
is_linear=0
shrinkage=0.05


Tree=65
num_leaves=31
num_cat=0
split_feature=9 18 100 109 68 48 78 18 103 1 46 9 44 33 59 77 5 126 9 68 78 20 11 46 9 101 77 126 82 15
split_gain=49.6703 7.74653 6.06638 5.39344 5.08659 4.72538 4.53792 5.86999 3.76235 2.12131 1.82894 2.81572 1.99532 1.67349 1.38404 1.28098 1.24268 1.20337 0.941111 0.515093 0.440591 0.943487 0.300217 0.292841 0.029794 0.0162244 0.00424571 0.00405134 0.00101992 0.00102481
threshold=0.030697572976350788 0.033710962161421783 2.2679231166839604 0.0031054690480232243 0.032930392771959312 3.193116426467896 0.0020653742831200366 0.022125688381493095 0.26633226871490484 0.014528682921081783 0.82236677408218395 0.060844812542200095 0.002222160692326725 0.012842793948948385 0.052733087912201888 0.018260208889842037 0.68447041511535656 0.00071720388950780045 0.027691047638654712 0.046965561807155616 0.0049252535682171592 0.017457429319620136 0.37383456528186804 0.74196067452430736 0.023306722752749923 0.54563656449317943 0.010040404740720989 0.0010076226899400356 0.0059048321563750514 -0.01975932531058788
decision_type=2 2 2 2 2 2 2 2 2 2 2 2 2 2 2 2 2 2 2 2 2 2 2 2 2 2 2 2 2 2
left_child=2 4 14 8 5 9 7 -6 -4 -2 13 12 17 15 18 -8 22 -12 23 -15 27 -22 24 25 -5 26 -1 -13 29 -28
right_child=1 -3 3 16 6 -7 10 -9 -10 -11 11 20 -14 19 -16 -17 -18 -19 -20 -21 21 -23 -24 -25 -26 -27 28 -29 -30 -31
leaf_value=-0.035502172803503866 -0.04076279502075561 -0.031373885508403108 0.052374188247759294 -0.036914205968729387 0.03261831484918469 0.024335781597531837 0.047595789741200996 -0.031851046755385963 -0.0097717261722595414 0.010393418527995432 0.040904750443272672 0.045361455370270712 0.0014170636734507065 0.064388157000043675 0.006699924487874636 0.01357292818310309 0.0011089131374272018 0.015037411528924445 -0.014027074390525297 0.046173400639151076 0.047784108899032278 0.021369097395600382 -0.018843035740040391 -0.019572660411678981 -0.043554664522720839 -0.040549490577943735 -0.037413473278443507 0.047136676535584239 -0.036168376609739532 -0.036133324317902005
leaf_weight=32.510462395846844 6.5305313169956225 6.7377756237983695 5.408635042607786 3.9821297973394376 7.4968304783105832 10.050515502691267 4.9967423826456088 6.6740566045045853 4.4303298890590668 2.9382855668663979 8.8486513793468529 6.4077809154987353 11.9702807739377 6.8166278749704352 2.1601438224315634 6.1984867304563522 3.3297059163451186 9.1404551863670331 5.5457685068249694 9.0135332643985731 6.1866865158081037 7.4525933861732483 2.2897845134139061 2.8081124797463408 2.9335271120071411 1.9413355514407147 3.6645665168762207 6.4479730725288391 28.461972236633301 2.7265974655747405
leaf_count=381 37 35 20 34 25 33 16 25 26 18 27 22 38 20 11 24 16 27 35 29 20 24 18 23 12 11 28 21 268 26
internal_value=-0.000522297 0.0207605 -0.0263274 -0.00331808 0.0237585 0.00045715 0.0284161 0.00225521 0.0243909 -0.0248884 0.032857 0.0277365 0.0172354 0.0435535 -0.0327772 0.0287583 -0.0250671 0.0277613 -0.0338753 0.0540169 0.0396105 0.0333508 -0.0345353 -0.0354017 -0.039731 -0.036043 -0.0359132 0.0462518 -0.0362965 -0.0368673
internal_weight=226.101 123.908 102.193 22.3741 117.17 19.5193 97.6507 14.1709 9.83896 9.46882 83.4798 56.4544 29.9594 27.0254 79.819 11.1952 12.5351 17.9891 77.6588 15.8302 26.495 13.6393 9.20544 72.113 6.91566 69.3049 67.3636 12.8558 34.8531 6.39116
internal_count=1350 441 909 126 406 88 318 50 46 55 268 179 92 89 783 40 80 54 772 49 87 44 64 737 46 714 703 43 322 54
is_linear=0
shrinkage=0.05


Tree=66
num_leaves=31
num_cat=0
split_feature=0 41 35 35 18 43 20 43 65 61 15 44 41 105 41 104 10 114 60 38 23 65 71 38 5 37 120 51 77 77
split_gain=67.1616 9.91306 6.10485 4.27189 3.70749 2.43958 2.41163 5.53958 3.25017 2.5157 2.25749 2.24431 3.06134 2.21159 2.13256 2.85458 1.87113 1.6071 1.5268 1.17073 0.992026 0.585598 2.01331 0.407172 0.323702 0.261283 0.109236 0.079953 0.0260059 0.0170255
threshold=0.01103473547846079 0.0075064434204250583 0.04689463414251805 0.024882625788450245 0.013290278613567354 0.0015557531733065846 0.021243219263851646 0.0032872597221285109 0.72589007019996654 0.074665836989879622 -0.13327695429325101 0.0019607498543336992 0.0097112329676747339 0.0020627267658710484 0.014057254884392025 0.027223453857004646 0.0117980451323092 0.066132880747318282 0.0054998446721583613 0.31994891166687017 0.003022121731191874 0.75078919529914867 0.20199706405401233 -0.20225527137517926 0.6783527433872224 0.65049263834953319 1.8160538673400881 0.0069811923895031222 0.019657745957374576 0.026774263940751556
decision_type=2 2 2 2 2 2 2 2 2 2 2 2 2 2 2 2 2 2 2 2 2 2 2 2 2 2 2 2 2 2
left_child=13 -2 3 4 -3 10 7 20 -9 14 -6 16 -13 -1 15 -8 -7 -14 -5 24 -4 25 23 -23 26 -16 27 -15 -27 -25
right_child=1 2 6 18 5 11 9 8 -10 -11 -12 12 17 19 21 -17 -18 -19 -20 -21 -22 22 -24 29 -26 28 -28 -29 -30 -31
leaf_value=0.0096402690927762467 0.035599062967290922 0.018430140890499783 -0.050529990638209732 0.0019046194787163873 -0.022791267145600716 -0.060340449719217697 -0.035913128198397391 -0.014376828207786782 0.028549710269449403 0.00023502072140361356 0.01949310790551206 0.015762944079570865 -0.011521485017397285 0.038672660608674282 -0.026157959917353077 0.0057764187655301022 -0.02386523272408804 -0.040978919753859901 0.03152942966277078 0.011353895679342689 -0.021805134252179264 -0.025280160267858339 0.00021778150241697657 -0.04357529323337752 0.028081987182026674 -0.042782230255159787 0.030449311892927874 0.044255552612172885 -0.039358748726437381 -0.039838485171277055
leaf_weight=8.3322907388210279 9.0141340494155866 7.8971220552921286 7.1742851585149783 10.271720468997957 5.70896977186203 6.4473817050456983 8.2976092547178286 9.7216937392950076 8.0698586106300336 6.7710834741592398 7.0599607378244382 5.946849778294566 9.7881071120500582 68.179837957024574 3.7702980041503897 8.128443777561186 7.7331643849611282 8.7864073961973173 7.54306536912918 4.3878743797540656 5.1729559749364853 5.7632031440734908 4.7175178527832022 4.9159240126609811 7.7612542212009421 6.6333921849727622 3.7457270920276633 7.0787485539913169 33.878116220235825 8.0227802246808988
leaf_count=38 34 24 25 36 20 19 29 34 25 25 22 20 35 391 20 25 33 36 26 17 20 26 21 20 37 28 19 27 178 40
internal_value=0.000529241 -0.0156817 -0.0180138 -0.0070254 -0.0134691 -0.0183633 -0.0250208 -0.0127639 0.00509371 -0.0290848 0.000587827 -0.0246159 -0.0154596 0.0342976 -0.0314446 -0.015283 -0.0404492 -0.0254559 0.0144482 0.0365515 -0.0384955 -0.0353658 -0.0289715 -0.0363344 0.0378258 -0.0387476 0.038783 0.0391978 -0.0399193 -0.0412582
internal_weight=306.72 207.234 198.22 77.1827 59.368 51.4708 121.037 30.1388 17.7916 90.8984 12.7689 38.7019 24.5214 99.4857 84.1273 16.4261 14.1805 18.5745 17.8148 91.1534 12.3472 67.7012 23.4194 18.7019 86.7656 44.2818 79.0043 75.2586 40.5115 12.9387
internal_count=1350 821 787 271 209 185 516 104 59 412 42 143 91 529 387 54 52 71 62 491 45 333 107 86 474 226 437 418 206 60
is_linear=0
shrinkage=0.05


Tree=67
num_leaves=31
num_cat=0
split_feature=53 18 30 59 100 47 3 29 62 62 112 77 115 69 91 109 43 69 28 5 105 12 47 124 24 33 80 40 105 124
split_gain=43.3676 9.56388 7.98795 4.1568 4.34224 5.98176 4.06559 3.93933 3.78799 6.99214 3.23216 3.2112 2.69967 2.64575 2.3851 2.91063 2.24508 1.44838 2.93329 1.60145 2.17515 1.07145 0.988374 0.810989 0.198383 0.17752 0.152455 0.109953 0.0696717 0.0675115
threshold=0.13887489587068561 0.017123711295425895 1.6863534450531008 0.0068702215794473895 4.0806114673614511 0.89083176851272594 0.0068887670058757075 0.93603169918060314 0.0029594044899567966 0.0042946659959852704 0.14634529501199725 0.046787796542048461 0.16278807073831561 0.0071711898781359204 0.26872208714485174 0.0071291157510131606 0.0056059812195599088 0.0059117551427334556 0.339866653084755 -0.21175803989171979 0.0079790125600993651 0.033641714602708823 0.84967565536499035 0.14142662286758426 0.0045313937589526185 0.0095976097509264963 0.015470189508050682 0.80097815394401561 0.0048665660433471212 0.13183543086051944
decision_type=2 2 2 2 2 2 2 2 2 2 2 2 2 2 2 2 2 2 2 2 2 2 2 2 2 2 2 2 2 2
left_child=1 22 11 25 5 14 7 10 -7 21 12 17 16 -11 -5 -16 -4 18 19 20 -2 -10 -1 -12 -24 -3 -19 -21 -29 -28
right_child=2 3 6 4 -6 8 -8 -9 9 13 23 -13 -14 -15 15 -17 -18 26 -20 27 -22 -23 24 -25 -26 -27 29 28 -30 -31
leaf_value=-0.011547728985097577 0.00030378606496805525 -0.037816578592877556 -0.026345206611001079 -0.041215330769189887 -0.038298365543714137 0.045198551578086783 -0.030685441391329817 -0.030720087851157526 -0.040172229121130505 0.0059578070794057336 0.047329079119204052 0.003022027318262727 0.027811178015765395 0.053747651007159551 0.016736857312912322 -0.028909319582098948 0.010443169738766217 0.051516812052291056 -0.0054473841120613563 0.036969784629158599 0.043646598587301577 -0.0049709538623040495 -0.036669999993781434 0.023336456276460884 -0.022116700219681897 -0.022182269047173228 0.038163027195731808 0.048980756517762701 0.042185335260129762 0.044374094787518505
leaf_weight=4.424289107322692 6.4457247555255837 9.2926139757037145 7.4790937379002633 6.9203111380338695 7.1746442541480056 8.8133294358849543 6.641154319047927 4.9792392477393141 5.6307283416390437 5.3652817308902723 7.2691087275743467 8.7231992185115796 9.1510719954967481 6.2930558174848557 7.2251815125346166 6.7597245126962662 9.3090362995862943 5.9157753884792355 5.2747249305248252 6.0075211226940217 5.2542141973972321 3.5087230503559113 55.880263388156891 6.832725927233696 2.4440630450844756 2.256528064608573 6.4364577531814602 6.3206086158752433 9.3542158752679807 13.660704672336577
leaf_count=24 22 77 34 35 45 36 24 28 33 22 23 26 29 21 29 30 34 19 20 24 20 16 485 25 15 18 25 23 38 50
internal_value=-0.000202745 -0.0201936 0.0208966 -0.00738085 -0.00189945 0.00327016 0.00583457 0.0112218 0.0177268 0.00608534 0.0164374 0.0314987 0.00596316 0.0317543 -0.017207 -0.00532661 -0.00594601 0.0353399 0.0292017 0.0346765 0.0197682 -0.0266581 -0.0343318 0.035704 -0.0360601 -0.0347619 0.0444616 0.0427212 0.0449255 0.0423849
internal_weight=257.043 131.989 125.055 69.2401 57.691 50.5163 51.6614 45.0203 29.6111 20.7978 40.041 73.3931 25.9392 11.6583 20.9052 13.9849 16.7881 64.6699 38.657 33.3823 11.6999 9.13945 62.7486 14.1018 58.3243 11.5491 26.0129 21.6823 15.6748 20.0972
internal_count=1350 886 464 362 267 222 197 173 128 92 145 267 97 43 94 59 68 241 147 127 42 49 524 48 500 95 94 85 61 75
is_linear=0
shrinkage=0.05


Tree=68
num_leaves=31
num_cat=0
split_feature=9 18 98 68 48 78 18 106 126 44 1 1 58 0 2 41 59 69 1 44 26 9 68 50 14 77 92 77 104 0
split_gain=45.5429 7.15533 6.08031 4.68329 4.33743 4.22499 5.42597 3.2711 2.17824 2.13164 2.0751 1.44397 2.10996 3.07294 1.70407 3.65949 1.35418 1.11775 0.978835 1.88323 0.97136 0.922218 0.800008 0.293935 0.0780537 0.00394061 0.000697719 0.000564325 0.000242794 0.000181306
threshold=0.030697572976350788 0.033710962161421783 3.3142837285995488 0.032930392771959312 3.193116426467896 0.0020653742831200366 0.022125688381493095 0.0089807976037263888 0.00074751372449100028 0.0015495117986574771 0.014528682921081783 0.001930078200530261 0.61600264906883251 0.018637041561305526 0.0083115436136722582 0.032387407496571548 0.052733087912201888 0.013774918857961895 0.0094266324304044264 0.0020723849302157764 0.0041186246089637288 0.027691047638654712 0.05286876484751702 0.034653251990675933 2.4357666969299321 0.010040404740720989 0.58851850032806408 0.043572485446929939 0.020180154591798786 0.011098390910774471
decision_type=2 2 2 2 2 2 2 2 2 2 2 2 2 2 2 2 2 2 2 2 2 2 2 2 2 2 2 2 2 2
left_child=2 3 16 4 10 6 -5 9 -9 -4 -2 -7 13 -13 18 -16 21 -14 19 -15 -17 23 -19 25 -20 -1 27 28 -27 -30
right_child=1 -3 7 5 -6 11 -8 8 -10 -11 -12 12 17 14 15 20 -18 22 24 -21 -22 -23 -24 -25 -26 26 -28 -29 29 -31
leaf_value=-0.03535900368066771 -0.040503698727183457 -0.030815581929532182 0.037844748605113332 0.031147343417235469 0.023027032374435721 0.0040269079097195459 -0.031192003021615258 -0.041167568321228906 0.0060659986994895457 -0.0063958990388421847 0.010384050666851635 -0.0076992433110084947 0.063414879736218788 0.044468531392933441 -0.013821839080497826 0.050129743978574615 0.0066305804781172624 0.025157702034344354 0.051964311023220577 0.0094056380832770806 0.022149151725008798 -0.014142466573617844 0.047845072769873709 -0.019057914809429519 0.044761654277403036 -0.035869399123044814 -0.036703040599502579 -0.036767344665101807 -0.035848833278553309 -0.036333279256373995
leaf_weight=32.153645530343056 6.321241497993471 6.5795641317963591 5.7567235752940196 7.4511996656656247 10.084151700139044 4.4739385843276969 6.5667748302221298 6.1602186039090139 4.0427252948284149 5.1662571728229523 2.9327942728996277 5.4556018412113181 6.5622211992740658 9.4778435528278369 5.6249324902892139 5.6318264901638013 2.1625937372446051 6.3774092048406628 6.9382430315017691 6.4260110259056082 6.9043253809213638 5.6838546991348258 9.9450731277465803 2.7441690787672988 8.2148565649986249 18.09601145982743 4.5942525640130034 2.4522646293044081 2.7768059521913511 6.3433154970407486
leaf_count=400 37 35 25 25 33 13 25 37 22 23 18 19 19 30 20 18 11 22 21 20 23 37 34 24 29 186 38 20 29 57
internal_value=-0.000500745 0.0199004 -0.025857 0.0227922 0.000342778 0.0273121 0.00194423 -0.00209502 -0.0224522 0.0169202 -0.0243763 0.031647 0.0332403 0.0279047 0.0318513 0.019685 -0.0323758 0.0459873 0.0389658 0.0303012 0.0347193 -0.0335029 0.0389808 -0.035094 0.0480596 -0.0357566 -0.0361297 -0.0360409 -0.0359754 -0.0361858
internal_weight=220.101 121.968 98.1328 115.388 19.3382 96.0503 14.018 21.1259 10.2029 10.923 9.25404 82.0323 77.5583 54.6736 49.218 18.1611 77.0069 22.8847 31.057 15.9039 12.5362 74.8443 16.3225 69.1605 15.1531 66.4163 34.2627 29.6684 27.2161 9.12012
internal_count=1350 441 909 406 88 318 50 107 59 48 55 268 255 180 161 61 802 75 100 50 41 791 56 754 50 730 330 292 272 86
is_linear=0
shrinkage=0.05


Tree=69
num_leaves=31
num_cat=0
split_feature=0 41 35 35 3 41 112 61 19 94 105 117 113 45 122 26 19 102 65 115 18 38 41 129 5 104 120 50 77 14
split_gain=61.7527 9.07165 5.77588 3.94442 4.06093 2.25727 5.11276 2.31542 2.21254 3.97005 2.20753 2.13063 4.13977 2.89494 3.68911 1.82101 1.50781 1.39304 1.17238 1.85856 2.39892 1.16974 1.03929 0.690297 0.336402 0.239405 0.114386 0.0705542 0.032085 0.0202514
threshold=0.01103473547846079 0.0075064434204250583 0.04689463414251805 0.024882625788450245 0.0012792567140422764 0.013089064043015243 0.15433582663536075 0.074665836989879622 0.018743610940873626 0.13479861617088321 0.0020627267658710484 0.060103271156549461 0.031931072473526008 -0.11504634097218512 -0.15297456085681913 0.0030363913392648105 0.020865804515779022 0.1200074963271618 0.75078919529914867 0.09112033993005754 0.025319818407297138 0.31994891166687017 0.010470885783433916 0.28968660533428198 0.6783527433872224 0.056702353060245521 1.8160538673400881 0.020062606781721119 0.019657745957374576 1.8972181677818301
decision_type=2 2 2 2 2 2 2 2 2 2 2 2 2 2 2 2 2 2 2 2 2 2 2 2 2 2 2 2 2 2
left_child=10 -2 3 4 -3 6 -4 8 9 -7 -1 12 13 23 -15 -11 -5 -13 28 25 -21 24 -8 -6 26 29 27 -12 -10 -20
right_child=1 2 5 16 11 7 22 -9 18 15 21 17 -14 14 -16 -17 -18 -19 19 20 -22 -23 -24 -25 -26 -27 -28 -29 -30 -31
leaf_value=0.0088878389738843797 0.034520405144924333 0.025315756905750053 0.019153193817913791 0.02832256168697711 -0.045012645443315319 0.01875904940579743 -0.043536902481259743 0.00056222984903794707 -0.042812831662520569 -0.04751898409219673 0.038315971494973761 -0.046884632231805418 0.018126128083735146 0.018393954802981154 -0.031420264315866392 -0.014082308277967796 -0.00087411888772299213 -0.014479847998942473 -0.03981043491398692 -0.03080423012153783 0.01823303682393497 0.010681714286620438 -0.016167578280399202 -0.022281639284843606 0.027289322835052712 -0.027241599578448884 0.029720024908991893 0.043573400038498446 -0.038960680662812823 -0.044389517559541541
leaf_weight=8.1731995195150358 8.8122146725654584 6.2179805338382712 9.0017532110214251 9.0529624372720736 8.9980179369449562 5.9377410709857967 6.6270333975553495 6.7346982657909384 6.3820355832576743 7.3199656158685711 64.479132935404778 8.4626245945692045 9.0901398956775648 7.8821679800748825 7.0328841656446492 9.1770483106374723 8.6445042639970762 5.4539478272199622 5.5614179521799105 5.718952074646948 4.4228544682264328 4.3131461292505255 7.2776429951190948 5.3114894330501565 7.4946191161870948 3.9634332507848731 3.6147815585136405 7.0823242217302314 35.326571419835091 4.2672528177499771
leaf_count=38 34 20 27 32 37 20 21 25 27 27 390 33 29 27 23 36 30 20 28 27 18 17 28 20 37 20 19 28 195 17
internal_value=0.000505004 -0.0150951 -0.0173504 -0.00661978 -0.0128816 -0.0242916 -0.0102054 -0.0276948 -0.0298554 -0.0162999 0.0337321 -0.0174289 -0.0113428 -0.0205089 -0.00509491 -0.0289186 0.0140612 -0.0341851 -0.0344883 -0.0256673 -0.00941902 0.0360665 -0.0292119 -0.0365752 0.0373909 -0.0376153 0.0383979 0.0388363 -0.0395501 -0.0417985
internal_weight=297.835 202.677 193.865 76.1467 58.4493 117.718 22.9064 94.812 88.0773 22.4348 95.1572 52.2313 38.3147 29.2246 14.9151 16.497 17.6975 13.9166 65.6425 23.9339 10.1418 86.984 13.9047 14.3095 82.6709 13.7921 75.1762 71.5615 41.7086 9.82867
internal_count=1350 821 787 271 209 516 76 440 415 83 529 189 136 107 50 63 62 53 332 110 45 491 49 57 474 65 437 418 222 45
is_linear=0
shrinkage=0.05


Tree=70
num_leaves=31
num_cat=0
split_feature=61 2 10 74 73 50 87 45 22 124 15 91 23 121 32 59 130 44 108 14 124 92 16 61 105 1 43 68 34 80
split_gain=40.1992 12.4071 6.61381 7.7167 4.57464 4.17894 4.89063 3.79707 3.76008 3.21809 2.70115 4.40358 2.69436 2.68963 1.81472 1.75589 2.44684 1.64853 2.84492 1.18006 0.506164 0.486284 0.33768 0.285921 0.214182 0.109704 0.0919345 0.0211294 0.0110388 0.00682617
threshold=0.0034296839730814104 0.019968081265687946 0.016291688196361068 -0.15434127300977704 2.1427581310272221 0.016271273605525497 0.00085932025103829812 -0.3641171902418136 0.010912525933235885 0.39358602464199072 -0.054060708731412881 0.51298615336418163 0.073337458074092879 0.78374767303466808 0.034778313711285598 0.024305396713316444 0.26413328945636755 0.0020352599676698451 0.0027246226090937857 1.7246236801147463 0.07254365831613542 -0.24253437668085095 0.00092787292669527243 0.0050066430121660241 0.014954470563679935 0.0067059553693979987 0.012416698504239322 0.015856837853789333 0.48439300060272222 0.0052661006338894376
decision_type=2 2 2 2 2 2 2 2 2 2 2 2 2 2 2 2 2 2 2 2 2 2 2 2 2 2 2 2 2 2
left_child=7 2 3 4 17 9 -7 -1 15 25 -8 13 14 -12 21 16 -4 -2 23 -9 -21 -3 -22 -19 26 -5 -23 -24 -17 -29
right_child=1 12 8 5 -6 6 10 19 -10 -11 11 -13 -14 -15 -16 28 -18 18 -20 20 22 24 27 -25 -26 -27 -28 29 -30 -31
leaf_value=0.0052541533516937515 0.016145590864553683 0.02572425699166353 -0.031557580149741929 -0.038420320236253497 -0.010552766461864845 -0.033182882625323644 -0.0054526231284002732 0.0057122781889747416 0.012383505800009662 0.011718468695441544 0.017880955265339525 -0.011900917275243915 0.0080341336555905946 0.062816816975225717 0.01130232903074758 -0.037321144398192639 0.021662920966033655 0.06408596229362927 0.016367928886905869 -0.019222255565340459 -0.019454881354992518 0.048508311956898212 -0.035844319873841145 0.050118799985462981 0.031993034483181353 -0.049700425000564985 0.041915822035911036 -0.037361766641889428 -0.04078386732973379 -0.039528314503193121
leaf_weight=6.9127124473452559 6.6271333098411587 5.3698344081640235 5.22342342883349 5.2304581105709058 5.9267628490924826 6.2397175729274741 9.8826307207345945 1.8609436154365528 8.3654247373342496 3.8358909785747519 6.1804310083389336 5.2579710632562628 10.204455167055128 7.2203316539525986 6.386951968073844 10.809635810554026 3.6820399612188339 6.9781215488910693 6.2017212659120551 4.9411901906132689 2.9989650994539252 6.5653651952743521 35.099516332149506 7.7153468281030655 4.8815191984176627 3.6663136407732964 27.188202485442162 21.294519990682605 2.9242033064365378 4.3841447159647933
leaf_count=36 21 20 27 34 25 27 36 10 27 18 22 20 31 22 20 78 16 20 21 39 30 22 364 24 20 15 113 153 14 25
internal_value=-0.000195183 0.0132391 0.0033761 0.0108962 0.0292937 -0.00205551 0.00691633 -0.0301114 -0.0162611 -0.0265634 0.0156828 0.0268773 0.0314635 0.0420924 0.036208 -0.0268455 -0.00955311 0.0378744 0.0447659 -0.0335752 -0.0346391 0.0398228 -0.0358335 0.056752 0.0417824 -0.0430688 0.0431981 -0.0366417 -0.0380584 -0.0377317
internal_weight=250.056 172.564 111.968 80.9628 33.4491 47.5137 34.7811 77.492 31.0047 12.7327 28.5414 18.6587 60.5963 13.4008 50.3919 22.6393 8.90546 27.5223 20.8952 70.5793 68.7183 44.0049 63.7771 14.6935 38.6351 8.89677 33.7536 60.7782 13.7338 25.6787
internal_count=1350 693 467 305 111 194 127 657 162 67 100 64 226 44 195 135 43 86 65 621 611 175 572 44 155 49 135 542 92 178
is_linear=0
shrinkage=0.05


Tree=71
num_leaves=31
num_cat=0
split_feature=9 23 98 106 15 47 59 106 130 126 45 44 23 30 27 82 59 122 23 9 111 50 107 19 0 92 68 77 104 2
split_gain=41.9325 6.47237 5.93973 4.11282 3.25883 3.31279 4.19288 3.01496 2.66657 2.13702 2.08108 1.94313 1.88849 2.51115 2.2586 2.88731 1.33093 1.27491 0.930415 0.92401 0.455601 0.304556 0.274551 0.188967 0.00366137 0.000959587 0.000462027 0.00045757 0.000308476 0.000147581
threshold=0.030697572976350788 0.0089139491319656389 3.3142837285995488 0.0083564659580588358 -0.30617628991603846 0.82272666692733776 0.023297995328903202 0.0089807976037263888 0.56350296735763561 0.00074751372449100028 -0.43102225661277765 0.0015495117986574771 0.0038294758414849643 2.3300188779830937 -0.46837665140628809 0.0026087803998962049 0.052733087912201888 -0.20942316204309461 0.0027012313948944215 0.027691047638654712 0.10143112018704416 0.034653251990675933 0.019829153083264831 0.029824814759194854 0.010891759768128397 0.58851850032806408 0.015754552558064464 0.043572485446929939 0.020180154591798786 0.0075340820476412782
decision_type=2 2 2 2 2 2 2 2 2 2 2 2 2 2 2 2 2 2 2 2 2 2 2 2 2 2 2 2 2 2
left_child=2 3 16 -2 22 6 10 11 23 -9 -6 -4 13 -7 20 18 19 -14 -16 21 -15 24 -5 -3 26 27 29 28 -26 -1
right_child=1 8 7 4 5 12 -8 9 -10 -11 -12 -13 17 14 15 -17 -18 -19 -20 -21 -22 -23 -24 -25 25 -27 -28 -29 -30 -31
leaf_value=-0.035203808843062935 -0.014271184129915217 -0.042849055453308069 0.035981546110225797 0.053967475797574022 -0.030406168598430608 -0.00051240573033825467 0.031245771098235137 -0.040882912211792945 0.015562174434274557 0.0063232797203486629 0.011588723515548169 -0.0062369570999102932 0.0282700037273238 0.048503903600069571 0.044918645229767115 -0.0073079984097544383 0.0065091215899598558 0.054808358841959941 0.017998876185313185 -0.013764332027050828 0.031356930793976452 -0.018338253982062382 0.040651371872831056 -0.026201995008927299 -0.035769905290708719 -0.036910962311314341 -0.035781563499707687 -0.036621464060147151 -0.036185109590112917 -0.035689956565221205
leaf_weight=29.905310414731506 6.9918015599250785 4.1123515367507917 5.8233361467719096 6.4955408573150661 7.6678748428821564 9.9514164850115758 8.5310160517692548 5.9307326972484571 3.9116633832454681 4.0242267772555351 4.7948235422372836 5.1231809630990028 9.6085150241851824 9.8315978646278328 6.3658552169799894 7.7457581162452689 2.1668327450752249 8.5547648966312391 6.4741371124982834 5.5961132720112792 6.3928823471069327 2.6544190719723693 9.5796269476413709 2.9117149487137794 15.587467581033716 2.982557386159896 4.3017302528023711 2.3630692139267913 6.2739460021257392 1.6470970138907421
leaf_count=398 32 23 25 20 33 35 27 37 22 22 18 23 32 32 20 24 11 28 21 37 20 24 34 20 166 23 46 20 59 18
internal_value=-0.000474103 0.0191471 -0.0254052 0.0228266 0.0253697 0.0215038 0.0042381 -0.00188694 -0.0175232 -0.0218001 -0.0142493 0.0162225 0.0270867 0.0217721 0.0277966 0.0168013 -0.0320951 0.0407694 0.0313453 -0.0332681 0.0417475 -0.034929 0.046032 -0.0359483 -0.0356273 -0.0360647 -0.0352955 -0.0359605 -0.0358891 -0.0352292
internal_weight=214.301 119.921 94.38 108.986 101.994 85.9186 20.9937 20.9015 10.9357 9.95496 12.4627 10.9465 64.9249 46.7616 36.8102 20.5858 73.4785 18.1633 12.84 71.3117 16.2245 65.7156 16.0752 7.02407 63.0612 27.207 35.8541 24.2245 21.8614 31.5524
internal_count=1350 441 909 376 344 290 78 107 65 59 51 48 212 152 117 65 802 60 41 791 52 754 54 43 730 268 462 245 225 416
is_linear=0
shrinkage=0.05


Tree=72
num_leaves=31
num_cat=0
split_feature=0 41 29 29 3 105 20 20 43 2 75 41 104 59 118 96 62 123 38 23 65 72 38 5 111 120 51 42 77 59
split_gain=56.7137 8.36082 5.49958 3.68008 2.80773 2.1928 2.18586 2.18291 5.14773 2.84389 2.24375 2.2631 2.61716 1.80524 3.81229 4.15387 1.69237 1.59409 1.1658 0.951864 0.770284 1.97086 0.422463 0.349394 0.173182 0.118385 0.061875 0.0212223 0.0149117 0.0144586
threshold=0.01103473547846079 0.0075064434204250583 0.93981224298477184 0.97293075919151317 0.0012792567140422764 0.0020627267658710484 0.021461816504597667 0.021243219263851646 0.0032872597221285109 0.006794125074520708 0.070319600403308882 0.014057254884392025 0.027223453857004646 0.023050236515700821 0.12580415606498721 0.063889030367136015 0.0031304376898333435 0.08217285200953485 0.31994891166687017 0.003022121731191874 0.75078919529914867 0.13466470688581469 -0.20225527137517926 0.6783527433872224 0.082120887935161604 1.8160538673400881 0.0069811923895031222 0.0080894175916910189 0.026774263940751556 0.0067899718414992103
decision_type=2 2 2 2 2 2 2 2 2 2 2 2 2 2 2 2 2 2 2 2 2 2 2 2 2 2 2 2 2 2
left_child=5 -2 7 6 -5 -1 -4 8 19 -10 11 12 -9 14 15 -6 -17 -16 23 -3 27 22 -22 25 -15 26 29 -13 -24 -7
right_child=1 2 3 4 13 18 -8 10 9 -11 -12 20 -14 24 17 16 -18 -19 -20 -21 21 -23 28 -25 -26 -27 -28 -29 -30 -31
leaf_value=0.0081934172391896383 0.033728786139197699 -0.049326992054592289 0.028319686354935886 0.01965110403968055 -0.025697706507720759 0.037612744128446382 -0.0043435142449135605 -0.033910986762597101 0.022403817515157454 -0.018561436183526323 -0.0039761882525551151 -0.04218045697166508 0.0064157914309363453 -0.040402381262773929 -0.010191741246584111 0.0015704841799209887 0.037805021439762491 -0.04132038841264573 0.010081197873435008 -0.02066170365410689 -0.023572537724857321 0.0019479873624004215 -0.042710387411417805 0.026497035748967737 -0.02692849905343872 0.029049189140079645 0.043077852406930704 -0.038648390969089522 -0.039045500676242219 0.039547826860647076
leaf_weight=8.010191470384596 8.5918605327606183 6.8609284013509768 10.184780180454256 5.8858051598072043 8.0745509415864962 49.347563564777374 10.304199278354643 8.05301581323147 10.233860626816751 7.229562744498252 8.9654896110296232 4.8650168925523749 8.0402531474828702 6.5496961921453458 6.7115123420953777 6.3239011317491514 6.5707724839448929 10.621573254466055 4.2502124309539786 5.0113271921873093 5.4015234857797667 4.5459956973791114 4.6142770498991013 7.2376687973737708 3.7503944337368011 3.4935109317302695 6.624215602874755 33.794586554169655 6.9650866538286209 12.000559121370314
leaf_count=38 34 25 36 19 26 328 37 29 33 26 36 22 25 32 23 20 20 39 17 20 26 21 20 37 19 19 27 195 38 63
internal_value=0.000491156 -0.0145132 -0.0166998 -0.00617157 -0.0129643 0.0331757 0.0118929 -0.023589 -0.0118247 0.00544489 -0.0276375 -0.0304186 -0.0137636 -0.016914 -0.011917 0.00242462 0.0200346 -0.0292671 0.035588 -0.0372273 -0.0348719 -0.0272917 -0.0351195 0.0369654 -0.0354964 0.0380256 0.038487 -0.0390929 -0.0405059 0.0379913
internal_weight=289.114 198.15 189.558 74.9772 54.4882 90.9639 20.489 114.581 29.3357 17.4634 85.2452 76.2798 16.0933 48.6024 38.3023 20.9692 12.8947 17.3331 82.9537 11.8723 60.1865 21.5269 16.9809 78.7035 10.3001 71.4658 67.9723 38.6596 11.5794 61.3481
internal_count=1350 821 787 271 198 529 73 516 104 59 412 376 54 179 128 66 40 62 491 45 322 105 84 474 51 437 418 217 58 391
is_linear=0
shrinkage=0.05


Tree=73
num_leaves=31
num_cat=0
split_feature=61 2 9 107 69 74 40 109 110 95 45 2 23 64 3 32 38 86 93 29 122 66 92 106 43 59 0 47 80 39
split_gain=37.1297 11.4174 6.24498 6.11764 4.02665 5.64664 4.14876 4.4329 3.99991 4.22437 3.73948 3.55829 2.60116 2.46321 2.34187 1.80878 1.55896 1.47999 0.679378 0.582801 0.544669 0.996811 0.489767 0.213585 0.0842727 0.0307124 0.0158161 0.0139487 0.0040772 0.00405566
threshold=0.0034296839730814104 0.019968081265687946 0.061993530020117767 0.0053401589393615731 0.014892762061208488 -0.20929929614067075 0.66013926267623912 0.0055907042697072038 0.38568449020385748 0.800011307001114 -0.3641171902418136 0.012063713278621437 0.073337458074092879 0.67024084925651561 0.0068887670058757075 0.034778313711285598 -0.17892139405012128 0.0038273028330877428 0.11728888377547265 0.88138535618782055 -0.23613493144512174 3.4254146814346318 -0.24253437668085095 0.038612425327301032 0.012416698504239322 0.010196320712566377 0.010456199757754804 0.82444357872009288 0.0052661006338894376 0.059659704566001899
decision_type=2 2 2 2 2 2 2 2 2 2 2 2 2 2 2 2 2 2 2 2 2 2 2 2 2 2 2 2 2 2
left_child=10 2 3 -2 5 16 8 -8 -7 -10 -1 13 15 -6 18 22 -5 20 25 27 21 -12 -3 24 -24 -11 -22 -15 -28 -26
right_child=1 12 -4 4 11 6 7 -9 9 14 17 -13 -14 19 -16 -17 -18 -19 -20 -21 26 -23 23 -25 29 -27 28 -29 -30 -31
leaf_value=0.0054866430100871718 -0.046616476424632368 0.024764072494473179 -0.037201742064017183 0.050882341374169193 0.0054562544782274349 0.036438901008570508 0.048413450441645828 -0.005533726154045889 0.017181715600092191 -0.039744141769542052 0.0047334292309903492 0.021616439361591633 0.007522520258210594 -0.042591966761964001 0.0035819247301530788 0.010403190541787462 0.020703109561400476 0.00088252257597500766 -0.020497494338896475 -0.01746438577403053 -0.035719809656941326 -0.037350465794389387 0.047705033842475118 0.03117043349550494 0.040964303292765486 -0.045811049987227404 -0.037156878935323316 -0.038311457774085123 -0.039184172321312251 0.042474569863176118
leaf_weight=6.8574926182627669 5.0965436697006217 5.2270450890064231 8.7740099132060987 11.526778548955919 6.5980894789099755 5.6445095092058173 10.213142544031145 6.0718056485056868 9.9461642801761645 4.0050179064273852 2.3631063550710669 7.5971444696187964 10.137516915798185 4.382534444332121 5.9552533626556388 6.3142246901988974 6.8057111352682105 3.0289419144392005 5.683105766773223 4.1233939453959465 37.310627289116383 3.4780634492635727 6.3905653208494178 4.7147921025753012 20.269953623414043 4.3535940945148468 18.221676230430607 3.3641238957643509 2.8708383440971366 5.6939093172550193
leaf_count=36 27 20 66 36 31 20 33 25 34 23 21 25 31 20 18 20 22 15 29 20 406 25 22 20 90 17 137 21 17 23
internal_value=-0.0001875 0.0127607 0.00326611 0.00676889 0.0095951 0.0158259 0.00739598 0.0282994 -0.00216943 -0.0094474 -0.0296868 -0.0071871 0.0305611 -0.0190359 -0.0226923 0.0353657 0.0396787 -0.0332722 -0.0338355 -0.03265 -0.0348825 -0.020325 0.0390923 0.0411127 0.0425615 -0.0429041 -0.0363385 -0.0407331 -0.0374328 0.0412955
internal_weight=243.02 168.889 110.141 101.367 96.2704 70.2051 51.8726 16.2849 35.5876 29.9431 74.1307 26.0653 58.748 18.4681 19.997 48.6105 18.3325 67.2733 14.0417 11.8701 64.2443 5.84117 42.2963 37.0692 32.3544 8.35861 58.4031 7.74666 21.0925 25.9639
internal_count=1350 693 467 401 374 257 199 58 141 121 657 117 226 92 87 195 58 621 69 61 606 46 175 155 135 40 560 41 154 113
is_linear=0
shrinkage=0.05


Tree=74
num_leaves=31
num_cat=0
split_feature=9 23 98 10 5 98 59 73 61 106 63 126 81 44 0 64 89 9 124 56 126 50 105 113 0 1 104 68 77 2
split_gain=38.5201 5.90096 5.80442 3.83428 3.38799 6.55879 3.10008 3.00396 4.58563 2.79901 2.40945 2.09097 2.00338 1.76549 1.73716 1.52423 1.02098 0.924624 0.433343 0.384295 0.61996 0.31369 0.293594 0.0718268 0.00409672 0.00180728 0.00086613 0.000402077 0.000331808 0.000140779
threshold=0.030697572976350788 0.0089139491319656389 3.3142837285995488 0.021428364329040054 0.68797659873962413 3.425417542457581 0.017192757688462738 3.5918815135955815 0.0022241041297093038 0.0089807976037263888 0.14949062466621402 0.00074751372449100028 0.0010456861346028747 0.0015495117986574771 0.055901421234011657 0.63848379254341137 -0.39756168425083155 0.027691047638654712 0.26303672790527349 -0.32944145798683161 0.0010470050037838521 0.034653251990675933 0.0051396312192082414 0.13722137361764911 0.01103473547846079 0.070456393063068404 0.020180154591798786 0.014775333460420372 0.017482966184616092 0.0075340820476412782
decision_type=2 2 2 2 2 2 2 2 2 2 2 2 2 2 2 2 2 2 2 2 2 2 2 2 2 2 2 2 2 2
left_child=2 3 14 4 12 6 22 -7 -9 13 18 -11 -2 -4 17 -5 -14 21 -3 20 -17 24 -6 -21 27 26 -26 29 -28 -1
right_child=1 10 9 15 5 7 -8 8 -10 11 -12 -13 16 -15 -16 19 -18 -19 -20 23 -22 -23 -24 -25 25 -27 28 -29 -30 -31
leaf_value=-0.035079966893758717 0.0063639695872648797 -0.040246827283426441 0.034302045332089443 0.014899671737715501 -0.027622180654135436 0.050522579185769814 0.002706529154292937 0.034312444898416873 -0.011651566623194691 -0.04063053821987047 0.022873995069687028 0.0064628941129291646 0.022610627483769075 -0.0059486609466912407 0.017094063863738993 0.044302491280657462 0.048714752674048664 -0.013476926624522526 -0.016145710118249255 0.043487348561955491 0.022014137860643837 -0.017750425498758386 -0.046273699515561595 0.05055071499329461 -0.035661877948062443 -0.037486777461463346 -0.036557077285491943 -0.035571037960033559 -0.035943471857884671 -0.03557898650023654
leaf_weight=27.41468703746796 5.9529072418808964 4.9070888534188253 5.8826392367482203 7.0651285499334326 4.1975029483437556 7.4650177657604244 11.77654781937599 12.163703680038454 9.7966250926256162 5.7105859592556936 2.8007024973630905 4.0137024894356728 5.5950561687350318 5.0742648988962173 1.7699027806520451 7.1166741102933884 11.332582458853718 5.5291475653648368 3.0085708424448967 8.7938034832477552 5.5554644018411636 2.5852583274245253 4.2422618269920349 6.0929127037525186 14.91859014332295 1.9272351786494244 4.9613004475831968 5.5300240814685813 3.9630398973822594 1.4901471957564343
leaf_count=388 23 32 25 24 26 23 38 37 30 37 16 22 22 23 10 26 38 37 17 33 19 24 17 20 166 14 42 64 40 17
internal_value=-0.000462218 0.0183919 -0.0249437 0.0219301 0.0153946 0.00805768 -0.0138688 0.023122 0.0138076 -0.00166734 -0.016984 -0.0211927 0.0313129 0.0156615 -0.0318118 0.0356191 0.0400866 -0.0330788 -0.0310865 0.0409308 0.0345313 -0.0348049 -0.0369974 0.0463783 -0.0355372 -0.036014 -0.035895 -0.0351804 -0.0362846 -0.0351057
internal_weight=208.633 117.863 90.7705 107.146 72.5222 49.6417 20.2163 29.4253 21.9603 20.6812 10.7164 9.72429 22.8805 10.9569 70.0893 34.624 16.9276 68.3194 7.91566 27.5589 12.6721 62.7903 8.43976 14.8867 60.205 25.7702 23.8429 34.4349 8.92434 28.9048
internal_count=1350 441 909 376 254 171 81 90 67 107 65 59 83 48 802 122 60 792 49 98 45 755 43 53 731 262 248 469 82 405
is_linear=0
shrinkage=0.05


Tree=75
num_leaves=31
num_cat=0
split_feature=0 0 105 74 90 42 46 0 81 77 73 52 112 12 71 51 96 96 78 56 5 5 94 81 35 12 94 95 16 68
split_gain=51.821 8.22752 4.96091 4.42657 4.87181 3.10841 2.65143 2.61217 3.70145 2.91396 2.58875 3.08513 2.57256 1.8863 1.66971 3.63337 4.63817 5.95604 3.27104 0.879452 1.15588 1.59484 0.863748 0.742654 0.450059 0.298622 0.164796 0.0392677 0.0160518 0.0108131
threshold=0.011098390910774471 0.017798197455704216 0.0052455514669418344 -0.26985935866832728 0.15326531976461413 0.0017863023094832899 0.70328950881958019 0.0092785228043794649 0.001885744044557214 0.010474473237991335 1.4747042655944826 0.30316881835460668 0.21602680534124377 -0.016163634136319157 0.24022635817527774 0.014601084403693678 0.092496465891599669 0.032355159521102912 0.0051064051222056159 -0.29185524582862848 0.79975429177284252 0.74408382177352916 0.08937022835016252 0.0035925848642364149 0.067942660301923766 0.10963109135627748 0.30827431380748754 0.80319374799728405 0.0042615584097802648 0.013215954881161453
decision_type=2 2 2 2 2 2 2 2 2 2 2 2 2 2 2 2 2 2 2 2 2 2 2 2 2 2 2 2 2 2
left_child=7 2 3 -2 6 -3 -5 23 9 -9 -4 13 -6 -12 15 16 17 -7 -19 20 21 -17 -16 29 28 -24 -21 -27 -10 -1
right_child=1 5 10 4 12 14 -8 8 24 -11 11 -13 -14 -15 22 19 -18 18 -20 26 -22 -23 25 -25 -26 27 -28 -29 -30 -31
leaf_value=0.037447527415859674 -0.046726438596713014 0.019574811170020839 -0.017831922825905934 -0.044431773637552026 0.032887424219352791 -0.032009333565129153 -0.0074318350848391196 -0.023077227728649112 0.038774846546307029 0.026651179877607595 -0.013185309000286817 0.03840687107053059 -0.0056203637504593168 0.018699194966369331 -0.016769240476523128 -0.032100785351348166 -0.04304054906754972 0.049924274061025717 0.0030254209568406436 -0.039766747397145606 -0.03936340172552704 0.00368129736774308 -0.025629338901807932 0.012396731055254614 0.021040857056303885 -0.038821383686584353 -0.027932270420050281 -0.044487338382421165 0.042775419837834221 0.039312599017610514
leaf_weight=51.127176538109779 8.341851666569708 4.0087426602840415 6.4116737246513358 8.5251741558313388 8.3518889248371142 8.3429141044616753 11.207072570919989 7.1247084289789218 6.2478788495063764 5.0225753337144852 8.1357388049364108 10.879572451114653 9.0227684974670392 10.79155318439007 6.0212854146957389 6.1425256878137606 7.3479881435632697 5.8382802903652218 10.237154394388197 17.733894765377048 6.9907691627740851 6.3160717487335205 4.4916392564773586 3.0385234802961341 4.2266695052385321 21.986954376101497 3.526614546775817 3.5519453287124625 4.1881320178508759 9.1644183546304685
leaf_count=354 29 14 24 27 27 37 38 29 36 20 26 38 30 34 29 31 32 20 38 92 37 28 21 15 19 128 19 16 17 50
internal_value=-0.000353284 -0.0148955 -0.00281463 -0.0138156 -0.00641705 -0.0236625 -0.0234174 0.0309775 0.0178956 -0.00251587 0.0109899 0.0171897 0.0128901 0.00499391 -0.0252596 -0.0208855 -0.00821212 0.00226848 0.0200582 -0.0307747 -0.0230912 -0.0139605 -0.0340529 0.0365155 0.0348055 -0.0375184 -0.0378037 -0.0396094 0.0403803 0.037731
internal_weight=284.344 194.204 81.6673 45.4488 37.1069 112.537 19.7322 90.1401 26.81 12.1473 36.2185 29.8069 17.3747 18.9273 108.528 72.4762 31.7663 24.4183 16.0754 40.7099 19.4494 12.4586 36.0518 63.3301 14.6627 30.0305 21.2605 25.5389 10.436 60.2916
internal_count=1355 815 273 151 122 542 65 540 121 49 122 98 57 60 528 334 127 95 58 207 96 59 194 419 72 165 111 144 53 404
is_linear=0
shrinkage=0.05


Tree=76
num_leaves=31
num_cat=0
split_feature=14 1 26 106 53 46 59 59 116 7 88 62 98 73 75 77 66 122 116 75 44 46 93 58 56 58 86 86 30 77
split_gain=38.0951 7.93527 6.26523 5.79011 3.40207 3.13375 3.36954 2.81044 2.80315 3.9146 2.65402 3.7466 4.14316 3.20232 2.59835 2.76263 2.28688 1.99252 3.07354 1.79667 4.10432 1.73995 1.72672 1.28496 1.21703 0.768095 0.442636 0.335255 0.274728 0.185359
threshold=1.8972181677818301 0.003720689564943314 0.0058445495087653407 0.029804139398038391 0.14407315850257876 0.61047473549842846 0.018567066639661792 0.021766169928014282 0.066748127341270461 1.3473607897758486 0.00087959133088588725 0.0042099973652511844 2.7678861618041997 1.8176344633102419 0.0039568305946886548 0.017603849060833458 1.985359311103821 -0.23613493144512174 -0.015557400882244108 0.070319600403308882 0.08729813247919084 0.82928195595741283 0.15287186205387118 0.42031744122505194 -0.22689500451087949 1.7739202976226809 0.0040870034135878095 0.0035465648397803311 1.6489333510398867 0.021290818229317669
decision_type=2 2 2 2 2 2 2 2 2 2 2 2 2 2 2 2 2 2 2 2 2 2 2 2 2 2 2 2 2 2
left_child=2 17 4 5 26 22 10 16 9 -4 -7 12 13 -12 -10 -16 -6 18 -2 24 -21 -8 -3 -14 -17 28 -1 -19 29 -26
right_child=1 3 8 -5 7 6 21 -9 14 -11 11 -13 23 -15 15 19 -18 27 -20 20 -22 -23 -24 -25 25 -27 -28 -29 -30 -31
leaf_value=-0.017185233109626604 -0.036764345298471356 -0.040806745570312782 0.032403685943304825 -0.037804436527562629 -0.0033002796495125693 0.053308715669134137 -0.040013896161339851 -0.017970232383175407 0.066037942111639714 -0.021063987134639202 -0.0070488534619636131 0.036444400954197563 -0.0067220151478766593 0.045242277166731161 0.0012101644239673477 0.01537738412214012 0.042070880701408603 -0.036087044001808379 0.03605475779173381 -0.013260701202042974 0.043073393599018767 -0.0002091471754745267 0.0037937809736337536 -0.040296795180624484 0.0311765258897325 0.0233969093276283 -0.042216709214157488 -0.015090866121886199 0.052498065882557544 0.04158711142741274
leaf_weight=3.4438467845320728 3.2663533091545105 6.4040575698018056 7.1465920209884626 12.213216111063955 4.4611884430050868 3.674956649541854 5.0891442745923978 5.6330608427524558 5.0336101651191703 6.5707679763436317 5.9239245131611877 8.6765145659446699 5.6863660067319852 5.7890307456254959 8.023980185389517 6.1193032115697781 7.3580631911754608 47.917092680931091 2.6045153439044944 6.3167929351329786 6.6234531104564667 5.9613001942634583 3.2824006453156471 5.7125877067446709 4.9815542548894944 6.6920624971389762 3.6251765936613083 1.9797837808728207 5.1301105022430411 30.173610299825668
leaf_count=25 28 39 24 85 18 12 29 22 15 26 28 29 20 19 28 24 26 493 16 20 21 35 17 31 21 26 17 14 16 131
internal_value=0.00128964 -0.0180129 0.0217188 -0.00660142 -0.000759205 0.000179492 0.00556745 0.0110936 0.0276576 0.00679208 0.0130796 0.00842884 -0.00208857 0.0187956 0.0312763 0.0289137 0.0249455 -0.0320121 -0.00445934 0.0322799 0.0155739 -0.0185407 -0.0256932 -0.023548 0.0363513 0.0390834 -0.030022 -0.035254 0.0416892 0.0401119
internal_weight=241.514 124.181 117.333 68.4135 24.5213 56.2003 46.5138 17.4523 92.8118 13.7174 35.4634 31.7884 23.1119 11.713 79.0945 74.0609 11.8193 55.7677 5.87087 66.0369 12.9402 11.0504 9.68646 11.399 53.0966 46.9773 7.06902 49.8969 40.2853 35.1552
internal_count=1355 895 460 344 108 259 203 66 352 50 139 127 98 47 302 287 44 551 44 259 41 64 56 51 218 194 42 507 168 152
is_linear=0
shrinkage=0.05


Tree=77
num_leaves=31
num_cat=0
split_feature=104 110 47 104 68 9 74 105 59 59 106 87 84 120 1 92 78 69 124 118 0 79 0 9 0 68 77 31 31 2
split_gain=37.2437 9.03859 4.7568 2.68167 2.51211 2.16967 2.66652 2.14402 1.95265 2.31572 1.54574 1.33926 2.53823 1.53128 1.14216 1.29208 1.66237 2.75459 0.77963 0.230971 0.098806 0.0137922 0.0123574 0.00843637 0.00433548 0.0010211 0.00092049 0.00106933 0.000437315 0.000313137
threshold=0.034006925299763686 0.27633507549762731 0.79899582266807567 0.043419489637017257 0.021996379829943184 0.04089003428816796 -0.15623436868190763 0.0014868517173454168 0.018060047179460529 0.020986271090805534 0.013748851604759695 0.00081710354425013076 0.0010480252676643433 0.33435478806495672 0.081375382840633406 0.57760959863662731 0.003814709023572505 0.0078454972244799154 0.11245038360357286 0.044083144515752799 0.033216228708624847 0.012561960611492397 0.013424635864794256 0.061993530020117767 0.010952100157737734 0.014683276414871218 0.046787796542048461 0.34647962450981146 0.14154534786939624 0.0060353102162480363
decision_type=2 2 2 2 2 2 2 2 2 2 2 2 2 2 2 2 2 2 2 2 2 2 2 2 2 2 2 2 2 2
left_child=1 4 3 10 -1 6 -4 -3 -7 -10 -2 20 -13 -14 15 19 18 -18 -17 -9 23 -15 25 -11 29 -20 27 28 -26 -21
right_child=2 7 5 -5 -6 8 -8 14 9 11 -12 12 13 21 -16 16 17 -19 22 24 -22 -23 -24 -25 26 -27 -28 -29 -30 -31
leaf_value=-0.013584391758030388 -0.001256945223612842 0.014962042540802226 0.028702754714660796 0.016739816277259453 0.026295806916889982 0.050925945726653293 -0.011476605643188316 -0.022362720428099694 0.00034891031832415959 0.046241215029678116 -0.040985193826943815 -0.0024114138772883425 0.016332060147209906 0.046799913172490056 0.0060292564167533065 -0.015151721019531087 0.020862677626657181 -0.039983394770777642 -0.035609665670776489 -0.034955066922425525 0.036713858068493616 0.043326637625826322 -0.039915418046369909 0.043558812978512773 -0.035552512236796625 -0.037031313819976486 -0.036861290321430484 -0.036918654037793715 -0.036012442947000498 -0.035471161169458268
leaf_weight=6.2551552057266262 5.5257685929536837 2.775327816605567 9.3266946375370043 11.331155888736246 10.709646746516226 10.438930764794348 7.4100782573223105 3.5914880558848372 6.9405113309621802 5.9023512303829211 4.3963210508227348 6.6176065951585796 7.7466830164194134 5.9050311893224698 2.1795199736952773 5.6693012788891854 4.9258930832147589 2.988630935549736 2.0623800083994848 24.791689932346348 5.3588160276412955 5.5394934713840485 5.1538843885064125 5.8230454325675964 14.513718903064737 3.2589370459318161 2.2985967248678199 2.0144502222537986 8.0265860408544523 3.3344127610325804
leaf_count=29 28 21 29 36 33 33 24 38 22 20 24 22 29 20 11 38 36 19 24 375 21 21 29 22 168 26 19 17 81 40
internal_value=-0.00104043 -0.0218126 0.0210608 0.000120067 0.0115914 0.0268401 0.0109137 -0.0282828 0.0312627 0.0271437 -0.0188599 0.0314793 0.0242911 0.0334988 -0.029698 -0.0306404 -0.0208849 -0.00211362 -0.0300872 -0.0346476 0.0423385 0.0451187 -0.0381704 0.0449091 -0.0354501 -0.0364803 -0.0359045 -0.0358149 -0.0357163 -0.0350163
internal_weight=202.812 104.55 98.2625 21.2532 16.9648 77.0092 16.7368 87.5848 60.2725 49.8335 9.92209 42.893 25.8088 19.1912 84.8095 82.63 24.059 7.91452 16.1445 58.5709 17.0842 11.4445 10.4752 11.7254 54.9795 5.32132 26.8534 24.5548 22.5403 28.1261
internal_count=1355 1004 351 88 62 263 53 942 210 177 52 155 92 70 921 910 172 55 117 738 63 41 79 42 700 50 285 266 249 415
is_linear=0
shrinkage=0.05


Tree=78
num_leaves=31
num_cat=0
split_feature=59 77 33 10 108 1 12 62 24 52 114 87 46 60 46 59 26 96 33 82 64 124 82 38 38 68 44 77 65 42
split_gain=43.7441 9.2731 5.05087 4.34764 4.22882 3.77897 3.33887 3.14002 3.76402 3.84869 2.86374 2.82256 1.83547 1.65631 3.96517 3.65271 2.45461 2.69151 2.39471 1.48929 1.24905 1.1268 0.843732 0.690058 0.432241 0.333628 0.218336 0.135432 0.125495 0.0433534
threshold=0.0072306965012103328 0.016662770882248882 0.021449035033583645 0.0048742650542408237 0.0021522961324080829 0.0020422787638381128 0.14032394438982013 0.0041484734974801549 0.003302100696600974 0.24650671333074572 0.064513068646192565 0.0007556832570116968 0.58945265412330639 0.0098134651780128496 0.77277255058288585 0.015033232979476454 0.068941213190555586 0.032355159521102912 0.013694169465452434 0.0046608943957835445 0.79058972001075756 0.16011484712362292 0.002416208386421204 -0.13586139678955075 0.26691915094852453 0.0029952215263620023 0.00095181335927918564 0.012474546674638988 0.83255451917648327 0.0099941734224557894
decision_type=2 2 2 2 2 2 2 2 2 2 2 2 2 2 2 2 2 2 2 2 2 2 2 2 2 2 2 2 2 2
left_child=6 3 5 -2 7 -3 24 8 9 10 -5 -10 -6 14 15 18 20 -18 -7 22 25 -13 23 -16 26 -15 -1 -28 29 -27
right_child=1 2 -4 4 12 13 -8 -9 11 -11 -12 21 -14 16 19 -17 17 -19 -20 -21 -22 -23 -24 -25 -26 28 27 -29 -30 -31
leaf_value=0.027163797388686801 0.037429212010776904 0.027841171598510791 0.028876784231503833 0.024992103670537554 0.039111971788901551 -0.037074788386016744 -0.013838467514441522 -0.034134746140772561 0.035072629558551643 -0.042414260411446254 -0.019297397253150279 -0.018357455235322482 0.006063989860818954 -0.025586714839050298 -0.03342385518815736 0.032755895745389209 -0.029282375384895389 0.01466793012973798 0.0056336653691182823 -0.0085196169300689045 -0.013263851754092327 0.012905647433432484 -0.040874812470468744 -0.004696650960847747 0.017862028582847515 -0.042223048202653192 0.037579714905541906 0.04802186735058675 -0.029708186500623464 -0.038279390289390515
leaf_weight=4.8842008113861075 7.6128698587417594 3.6460343897342673 5.020370587706565 6.1716653108596828 6.8825873434543636 6.0700720846653002 3.4755490571260443 10.260256111621855 8.255171403288843 9.0636174380779249 8.9321632981300336 5.9521172344684583 10.785244077444075 5.8182572126388541 4.9797081649303436 6.1145509183406821 8.1802364736795408 6.0670825988054267 7.1463801860809326 7.5438345074653617 6.4196026772260657 5.5881411582231522 15.637477993965147 3.6029265075922066 2.9896800816059104 9.3088059574365598 54.99725978076458 3.2909559458494178 3.7813590764999381 27.724303781986237
leaf_count=35 35 12 18 20 28 24 13 34 32 30 29 20 35 37 24 20 38 27 25 29 32 21 76 17 15 44 385 13 18 169
internal_value=-0.000340728 -0.0118941 -0.0202741 0.00149852 -0.00230635 -0.022296 0.0339299 -0.00922852 -0.00341579 -0.0166568 -0.0012 0.0127496 0.018938 -0.02384 -0.0170528 0.000801886 -0.028993 -0.0105666 -0.0139815 -0.0279188 -0.0339414 -0.00321892 -0.0339611 -0.0213644 0.0364392 -0.036788 0.0373184 0.0381693 -0.0383847 -0.0392707
internal_weight=276.202 206.565 127.061 79.5038 71.891 122.041 69.6376 54.2231 43.9629 24.1674 15.1038 19.7954 17.6678 118.395 51.095 19.331 67.2996 14.2473 13.2165 31.7639 53.0523 11.5403 24.2201 8.58263 66.1621 46.6327 63.1724 58.2882 40.8145 37.0331
internal_count=1355 894 610 284 249 592 461 186 152 79 49 73 63 580 215 69 365 65 49 146 300 41 117 41 448 268 433 398 231 213
is_linear=0
shrinkage=0.05


Tree=79
num_leaves=31
num_cat=0
split_feature=16 2 68 104 95 21 27 26 126 18 59 38 18 28 129 19 122 24 58 64 124 65 51 93 39 129 129 101 53 68
split_gain=33.8925 10.9926 6.80429 5.52902 4.5835 3.76913 3.32534 3.47223 4.04758 3.17088 3.11009 2.83916 2.76409 5.2426 5.98868 2.08529 2.07918 1.77006 2.50381 1.1542 0.581724 0.521813 0.982105 0.506168 0.381794 0.23118 0.0955604 0.0559171 0.0190876 0.0104165
threshold=0.0033069900237023835 0.019968081265687946 0.042277758941054351 0.015509157441556455 0.79780831933021557 0.014867836609482767 -0.25748941302299494 0.0031035091960802679 0.0014694079873152079 0.025174147449433807 0.0096606980077922362 -0.094538819044828401 0.018543904647231105 0.76764607429504406 0.33053664863109594 0.031129637733101848 -0.09587195515632628 0.060260916128754623 1.2739882469177248 0.67024084925651561 0.1191682703793049 0.75078919529914867 0.0084591694176197069 0.042490098625421531 0.0058166042435914287 0.051979720592498786 0.097931921482086196 0.25122675299644476 0.16632162034511569 0.013852826319634916
decision_type=2 2 2 2 2 2 2 2 2 2 2 2 2 2 2 2 2 2 2 2 2 2 2 2 2 2 2 2 2 2
left_child=12 2 3 -2 16 19 7 -6 -9 -8 -11 15 23 20 -15 -10 24 21 -19 -4 -14 27 -23 -1 -5 -21 -25 -3 -27 -28
right_child=1 17 5 4 6 -7 9 8 11 10 -12 -13 13 14 -16 -17 -18 18 -20 25 -22 22 -24 26 -26 28 29 -29 -30 -31
leaf_value=-0.0053085448317319482 -0.032149798114793474 0.040533045849918264 -0.0088846758282335042 0.049603900121669632 0.030612214475482808 0.011162646080553201 0.051056851392834404 -0.040999384069118239 0.031868695434762187 -0.024144214933473851 0.031244092205105461 -0.028760813409998445 -0.013694449983817102 0.047500248308361408 -0.036963945177687772 -0.0080989719530201523 0.0068853453341735918 0.0023771909597061739 0.036648862226070306 -0.023839772888370931 -0.037026653583923728 0.043609751417487089 0.014049019640255787 -0.04830386917386751 0.034269785428451084 -0.037787273847057289 -0.035320562615079529 0.046782432498824536 -0.042325909206618724 -0.036923461021223326
leaf_weight=1.3446142300963391 6.5918629318475714 21.41456159949303 5.4763543233275476 9.8683261871337944 6.5113177672028533 8.5120036303997022 6.9893988817930248 7.5738207176327732 7.5779594630002993 4.4414573535323125 5.9025641977787018 5.2508573457598677 3.4043265432119396 5.6038001477718336 3.3550068810582161 5.7321618422865868 5.1176408380269995 10.631496474146845 10.685853391885756 3.1895302906632415 12.409100472927092 5.5568618625402433 5.6835604161024094 1.6383046209812153 6.8959231674671164 8.3802736997604352 24.166520580649376 4.2977567017078391 3.2015453428030005 17.457470662891865
leaf_count=8 38 100 25 32 25 31 23 39 26 21 19 26 23 27 28 22 20 37 39 22 110 22 21 8 26 59 306 16 14 142
internal_value=0.00125164 0.0135502 0.00404977 0.0116763 0.0156964 -0.0167544 0.00734103 -0.0020566 -0.0101958 0.0250407 0.00746177 0.00237359 -0.0280828 -0.0146907 0.015869 0.0146561 0.0347806 0.0310303 0.0195567 -0.0284906 -0.0320037 0.0376491 0.0286628 -0.0355201 0.0432963 -0.0357593 -0.036459 0.0415776 -0.0390419 -0.0359928
internal_weight=234.862 165.483 107.213 78.4533 71.8614 28.7597 49.9795 32.6461 26.1348 17.3334 10.344 18.561 69.3791 24.7722 8.95881 13.3101 21.8819 58.2701 21.3173 20.2477 15.8134 36.9527 11.2404 44.6069 16.7642 14.7713 43.2623 25.7123 11.5818 41.624
internal_count=1355 703 468 317 279 151 201 138 113 63 40 74 652 188 55 48 78 235 76 120 133 159 43 464 58 95 456 116 73 448
is_linear=0
shrinkage=0.05


Tree=80
num_leaves=31
num_cat=0
split_feature=104 11 6 104 93 44 75 15 6 84 85 99 51 122 105 1 17 64 56 97 96 93 93 31 73 4 104 73 0 75
split_gain=34.2547 8.63651 4.37966 4.47252 3.53406 3.31545 2.71454 2.26635 2.79822 2.571 4.12021 3.1499 2.76185 2.17879 1.61549 1.18466 1.1514 1.06469 1.45297 2.2269 3.2916 0.982322 0.293892 0.276805 0.265505 0.0525379 0.00505452 0.00417323 0.00409028 0.00140554
threshold=0.034006925299763686 0.26779538393020635 0.8297448754310609 0.043796766549348838 0.12906669825315478 0.0015495117986574771 0.0019801133312284951 -0.2715333998203277 0.83907368779182445 0.00076444668229669343 0.0023586640600115065 0.27844640612602239 0.013871215283870699 -0.25254660844802851 0.0049872286617755899 0.081375382840633406 0.57788169384002697 0.42278811335563665 -0.17182645201683042 0.24475169181823733 0.071966424584388747 0.169571228325367 0.1271622106432915 0.45856362581253057 4.849358558654786 -0.42547106742858881 0.026927137747406963 1.9881870150566103 0.010952100157737734 0.083818580955266966
decision_type=2 2 2 2 2 2 2 2 2 2 2 2 2 2 2 2 2 2 2 2 2 2 2 2 2 2 2 2 2 2
left_child=1 4 3 14 5 -1 -7 24 -9 -10 -11 -12 -13 -5 -2 17 -14 28 22 20 -20 -6 26 -18 25 -4 -19 -28 -3 -30
right_child=2 15 7 13 21 6 -8 8 9 10 11 12 16 -15 -16 -17 23 18 19 -21 -22 -23 -24 -25 -26 -27 27 -29 29 -31
leaf_value=0.036195008908396352 0.00025875346044568583 -0.034907889794875906 0.041692650222787966 0.047351885272788323 -0.041746518355137985 -0.028621718215176069 0.021946237551575994 0.056615720956231769 0.047728372405544985 -0.024886304413722624 -0.0093201415500284556 -0.0022949795787885296 0.021997683767746683 0.0034321453070364038 -0.041411175066660276 0.0061463561349015599 0.050329697758701622 -0.035931945589046103 -0.021842646704880481 -0.036335357594360504 0.053391571823604538 -0.004613101320917635 -0.015937255011988106 0.03590063033662854 0.031117845964029035 0.047871092413942107 -0.036814901209238214 -0.039438428224569624 -0.035708578295338876 -0.037167075898572925
leaf_weight=9.0131746754050308 3.8721423670649546 25.190306548029184 8.1188457459211349 4.7265943586826324 4.3915322050452223 5.6813217140734178 4.9803696125745773 4.9847649931907645 6.1273085027933112 6.129539653658866 7.71487122029066 6.5879911929368999 10.728493660688402 7.0144833698868734 5.8248155638575554 2.174342803657054 7.5177366435527784 3.9276072010397929 3.2660970017313939 4.1042951792478561 2.6201508119702339 2.9960666708648205 1.9111769422888745 5.9580661654472351 5.2284022420644751 5.97147260606289 2.8071861490607262 3.2950021848082542 22.854646034538749 1.7805444672703732
leaf_count=33 20 395 32 16 29 28 17 15 22 20 26 21 36 27 32 11 24 42 28 41 16 33 17 20 19 21 23 18 259 14
internal_value=-0.00101192 -0.0213671 0.02029 0.000358118 0.00279985 0.0138717 -0.00500003 0.0259822 0.020868 0.0173577 0.0131887 0.0192495 0.0264075 0.0211129 -0.0247717 -0.0302134 0.0342198 -0.0313152 -0.0221352 -0.00806535 0.0116464 -0.0266869 -0.0339069 0.0439502 0.0407405 0.0443111 -0.037331 -0.0382315 -0.0353559 -0.035814
internal_weight=197.499 100.994 96.5055 21.438 27.0625 19.6749 10.6617 75.0675 55.7488 50.764 44.6367 38.5072 30.7923 11.7411 9.69696 73.9314 24.2043 71.757 21.9315 9.99054 5.88625 7.3876 11.941 13.4758 19.3187 14.0903 10.0298 6.10219 49.8255 24.6352
internal_count=1355 1004 351 95 140 78 45 256 184 169 147 127 101 43 52 864 80 853 185 85 44 62 100 44 72 53 83 41 668 273
is_linear=0
shrinkage=0.05


Tree=81
num_leaves=31
num_cat=0
split_feature=0 0 105 74 24 127 86 0 81 124 73 52 71 50 58 93 97 38 123 74 95 44 94 35 56 38 87 35 6 95
split_gain=43.9035 7.11129 4.38335 4.12867 3.26694 3.46808 2.57556 2.5727 3.54177 3.54206 2.35066 2.68255 2.23242 3.44381 3.85921 2.66595 2.05282 2.01609 2.00665 1.60326 1.4564 1.44158 0.884319 0.858181 0.846618 1.17506 0.751412 0.452588 0.347453 0.0327341
threshold=0.011098390910774471 0.017798197455704216 0.0052455514669418344 -0.26985935866832728 0.004758137511089445 0.0019119837670587005 0.0020835914183408026 0.0092785228043794649 0.001885744044557214 0.28417378664016729 1.4747042655944826 0.30316881835460668 0.24022635817527774 0.042049808427691467 1.3053950667381289 0.065765623003244414 0.20088887214660647 -0.076564326882362352 0.10998449474573137 -0.036826418712735169 0.80659857392311107 0.0046680693048983821 0.08937022835016252 0.059583678841590888 -0.29185524582862848 -0.13586139678955075 0.0011095960508100691 0.067942660301923766 0.87098124623298656 0.80392816662788402
decision_type=2 2 2 2 2 2 2 2 2 2 2 2 2 2 2 2 2 2 2 2 2 2 2 2 2 2 2 2 2 2
left_child=7 2 3 -2 5 6 -5 23 9 -9 -4 17 13 14 15 20 24 -12 -6 21 -3 -17 -14 -1 25 26 -15 -10 29 -24
right_child=1 12 10 4 18 -7 -8 8 27 -11 11 -13 22 16 -16 19 -18 -19 -20 -21 -22 -23 28 -25 -26 -27 -28 -29 -30 -31
leaf_value=0.037222088601615431 -0.045392539638113433 0.0010425873931449484 -0.017229862587456714 0.013465481024079707 -0.037737489865432711 0.031749245242566781 -0.032143551722851493 0.017444358134318681 0.039870965935511149 -0.039353520465593629 -0.0074194212193544511 0.036910693865192863 -0.015187276525832287 -0.038613765294373853 -0.041837890549654123 -0.0060947166022226199 0.0078489751164112498 0.026608701618099723 -0.00077238484723782285 0.014526740029493938 0.039437157015455929 -0.041453741278262041 -0.038214516530323747 0.0079652380133926892 -0.038929911276889245 -0.0024537010271055391 -0.010892915955027054 0.019912227079000502 -0.022687596299325003 -0.043375374403062245
leaf_weight=54.455970577895641 8.0606769621372205 4.3552686125040072 6.2489494234323493 6.0731462538242358 9.3882058858871442 8.4610121846199018 6.3129176944494247 7.543933257460596 9.7564164921641332 4.3149795234203339 11.71686899662018 10.406674385070799 5.7363266348838797 9.4148784130811709 6.0304428935050955 7.798967972397806 3.7151411324739447 6.9258280396461513 6.0291408300399771 4.9418668597936621 5.7055934965610504 4.5726311728358269 20.182898722589023 2.627410687506198 17.735799327492714 4.8331556320190421 3.3019366860389701 4.0069123208522788 3.7830046564340583 3.624267876148223
leaf_count=405 29 20 24 19 32 29 21 34 53 15 39 38 29 55 28 26 15 21 21 19 20 25 129 14 102 21 17 19 19 17
internal_value=-0.000325362 -0.013842 -0.00255636 -0.0130253 -0.00583093 0.0070748 -0.00978049 0.0299673 0.0168047 -0.0032221 0.0105899 0.0165743 -0.0223408 -0.0174117 -0.00562925 0.00234735 -0.0275036 0.00522215 -0.0232818 -0.00954725 0.0228164 -0.0191637 -0.0330497 0.0358755 -0.0312257 -0.02344 -0.031416 0.0340604 -0.0367635 -0.0390002
internal_weight=268.061 185.356 79.6234 44.3251 36.2644 20.8471 12.3861 82.7056 25.6222 11.8589 35.2983 29.0494 105.732 72.4057 33.4048 27.3743 39.0009 18.6427 15.4173 17.3135 10.0609 12.3716 33.3265 57.0834 35.2858 17.55 12.7168 13.7633 27.5902 23.8072
internal_count=1355 815 273 151 122 69 40 540 121 49 122 98 542 348 138 110 210 60 53 70 40 51 194 419 195 93 72 72 165 146
is_linear=0
shrinkage=0.05


Tree=82
num_leaves=31
num_cat=0
split_feature=14 1 23 106 79 106 46 10 24 28 33 113 44 41 107 0 58 23 122 113 73 93 75 61 129 3 28 83 37 68
split_gain=32.0678 7.30309 5.84946 5.30441 4.02824 3.89863 2.87677 3.49415 2.70588 4.28832 2.51297 2.44328 2.34946 2.8292 2.09911 4.38888 2.10172 4.06749 2.00699 3.00761 1.96616 1.64007 1.23391 0.883949 0.477319 0.383425 0.168631 0.0717081 0.034604 0.0100821
threshold=1.8972181677818301 0.003720689564943314 0.0075177061371505269 0.029804139398038391 0.0079666562378406542 0.0086995009332895296 0.61047473549842846 0.016291688196361068 0.0025391005910933022 0.75940749049186718 0.017521318048238758 0.16795724630355838 0.0018487548804841938 0.014394755940884353 0.0053401589393615731 0.018880328163504604 1.2739882469177248 0.073337458074092879 -0.23613493144512174 -0.019428485073149201 1.9786138534545901 0.15287186205387118 0.0054164612665772447 0.010551348328590395 0.287612795829773 0.0031236687209457163 0.094501778483390822 0.067203622311353697 1.3489899635314944 0.016836104914546016
decision_type=2 2 2 2 2 2 2 2 2 2 2 2 2 2 2 2 2 2 2 2 2 2 2 2 2 2 2 2 2 2
left_child=2 18 4 6 5 -1 21 8 -8 12 14 -6 -10 -14 15 -4 17 26 19 -2 -9 -3 -16 -24 28 29 -17 -18 -25 -20
right_child=1 3 10 -5 11 -7 7 20 9 -11 -12 -13 13 -15 22 16 27 -19 25 -21 -22 -23 23 24 -26 -27 -28 -29 -30 -31
leaf_value=-0.010089681312473788 -0.036450167247835334 -0.040546140084420451 -0.018017799464423081 -0.037417018154297509 -0.042527544973950872 0.038749540821972968 -0.022891700966503968 0.0049040881785904914 -0.019243134442459797 0.050636636741581226 -0.0034471588229265226 0.00050066709869703134 0.036626412696620307 -0.0053570189892429166 0.05873939503368867 0.040338170997058297 0.040833575290991263 -0.017175008524173373 -0.035278068762447053 0.037113699606404177 -0.038277064878360877 0.0039393900541185986 0.017434050712189134 0.04072767700960081 0.027238172973635778 -0.01223230715964828 0.027100144849706177 0.048543922733455737 0.045565782396893753 -0.036859620189950669
leaf_weight=7.154298283159739 3.0751561298966408 6.0115421935915929 6.018138922750949 11.242857195436953 6.0548155978322011 9.5280765071511251 4.5002154707908621 4.6773691251873952 5.9980387985706392 7.7766593694686881 6.1617567092180243 7.2491353452205658 8.7617978677153605 7.4035325944423667 5.8819429427385321 6.4646098166704231 8.781368359923361 5.7199786305427542 27.418649412691593 2.5345928892493239 6.0406321659684181 3.1615000292658806 6.5518373697996131 15.20176543295384 7.665500506758689 1.787948504090308 3.8314013332128525 4.5925970971584311 4.8830306828021994 15.932217001914976
leaf_count=36 29 39 25 85 33 33 19 20 31 26 23 30 34 30 18 31 41 17 360 15 43 17 22 70 29 17 19 15 18 130
internal_value=0.00119898 -0.017177 0.0203285 -0.00615557 0.00143922 0.0178047 0.000313405 0.00549884 0.0132577 0.0186912 0.0272569 -0.0190821 0.00748222 0.0173985 0.0297597 0.0208835 0.0288493 0.016631 -0.0314181 -0.00321259 -0.0194327 -0.0252141 0.0375809 0.0339527 0.0378528 -0.0349235 0.035412 0.0434813 0.0419039 -0.0358593
internal_weight=228.063 116.323 111.74 65.5741 29.9863 16.6824 54.3313 45.1582 34.4402 29.94 81.7539 13.304 22.1634 16.1653 75.5922 35.4081 29.39 16.016 50.7486 5.60975 10.718 9.17304 40.1841 34.3021 27.7503 45.1388 10.296 13.374 20.0848 43.3509
internal_count=1355 895 460 344 132 69 259 203 140 121 328 63 95 64 305 148 123 67 551 44 63 56 157 139 117 507 50 56 88 490
is_linear=0
shrinkage=0.05


Tree=83
num_leaves=31
num_cat=0
split_feature=104 11 47 58 33 70 4 62 69 12 129 98 62 30 2 1 64 106 102 68 43 4 104 10 55 77 92 75 46 7
split_gain=31.4754 8.27589 4.02035 3.42557 4.91553 3.99995 2.37889 2.15387 2.01392 2.6303 2.0269 2.51226 1.81075 1.73498 1.58714 1.16152 1.0856 1.2647 2.92168 1.03072 0.398501 0.311662 0.037262 0.00973364 0.00406972 0.00344354 0.00162634 0.00135545 0.00111749 0.000852179
threshold=0.034006925299763686 0.26779538393020635 0.79899582266807567 0.60214176774024974 0.0090640732087194937 0.27232871949672705 -0.40828216075897211 0.0023245378397405152 0.023937880061566833 -0.13014315813779828 0.26113136112689977 2.2342483997344975 0.0044448063708841809 2.2899681329727177 0.0083115436136722582 0.081375382840633406 0.42278811335563665 0.0084393257275223749 0.095867563039064421 0.016964895650744442 0.0024313875474035744 -0.19424584507942197 0.019322340376675132 0.024455205537378791 3.3784452676773076 0.010388526134192945 0.57439687848091137 0.083818580955266966 0.71866205334663402 4.7853283882141122
decision_type=2 2 2 2 2 2 2 2 2 2 2 2 2 2 2 2 2 2 2 2 2 2 2 2 2 2 2 2 2 2
left_child=1 3 6 -1 5 7 -2 -5 9 -4 11 -11 13 -13 -8 16 25 18 21 -19 -15 -18 29 -10 26 -3 -21 28 -27 -7
right_child=2 15 8 4 -6 22 14 -9 23 10 -12 12 -14 20 -16 -17 17 19 -20 24 -22 -23 -24 -25 -26 27 -28 -29 -30 -31
leaf_value=-0.044148883633747582 0.01728230898910189 -0.034777654460682983 -0.012032756818559125 -0.015381769779641029 0.045917943370843511 -0.03498628792551918 0.001805177453426586 0.029904133136071882 0.044705973034546868 -0.010547934490976591 0.04364080262155582 0.016118529168142524 0.0076696354110708234 0.030827089023928014 -0.037203153894054451 0.006080419030696789 -0.036845574076740543 -0.0044190889049236697 0.042373469549278377 -0.035736628661771928 0.047354530577378595 -0.010239759036703624 -0.04401453237969688 0.041913918113126336 -0.03900747033304363 -0.035448656555419567 -0.037138348541494934 -0.036997067260966368 -0.036814751710597907 -0.036591949993465898
leaf_weight=3.3993535749614265 10.164830490946771 21.353373099118471 5.4086287915706626 4.259301416575914 6.6546606346964827 1.7124831750988954 5.5014528632163984 6.8455550149083138 5.4831041395664197 5.9357266426086417 11.071171849966047 11.102588787674906 11.436313301324843 5.5170104205608395 4.9572470858693123 2.1765907853841773 2.8995135724544525 3.0657016746699801 2.2721771225333214 3.2191070355474931 10.761182546615599 1.7742355205118681 2.3305675685405731 7.247560977935791 2.2675225064158431 22.54952950030566 5.7936083152890205 1.7074170261621464 1.6034447848796833 1.5969394892454145
leaf_count=19 38 361 17 19 28 26 23 23 20 25 38 37 38 20 27 11 25 34 13 36 38 18 11 30 14 278 45 14 15 14
internal_value=-0.000969583 -0.0209077 0.0195786 0.00275228 0.00956583 -0.00488106 5.71005e-05 0.0125346 0.0250219 0.0212599 0.0244855 0.0197468 0.0243793 0.0313585 -0.0166841 -0.0298782 -0.0310207 -0.0216479 -0.00413508 -0.0301272 0.041753 -0.0267455 -0.0391716 0.0431165 -0.0371141 -0.0352476 -0.0366377 -0.0356356 -0.0355393 -0.0357611
internal_weight=192.068 97.4811 94.5868 26.7989 23.3995 16.7448 20.6235 11.1049 73.9633 61.2326 55.824 44.7528 38.8171 27.3808 10.4587 70.6822 68.5056 21.2919 6.94593 14.3459 16.2782 4.67375 5.63999 12.7307 11.2802 47.2138 9.01272 25.8604 24.153 3.30942
internal_count=1355 1004 351 140 121 93 88 42 263 213 196 158 133 95 50 864 853 185 56 129 58 43 51 50 95 668 81 307 293 40
is_linear=0
shrinkage=0.05


Tree=84
num_leaves=31
num_cat=0
split_feature=59 77 33 10 108 1 12 19 115 21 3 103 26 46 71 51 56 58 93 1 4 59 69 26 89 76 57 46 77 47
split_gain=37.4241 7.8113 4.4757 3.83606 3.67228 3.37252 3.16577 2.82952 3.62245 2.31879 2.71065 2.20012 2.78267 1.68861 1.54668 2.69907 3.02336 2.31645 2.76585 1.53232 1.52617 1.3793 2.7993 0.975042 0.488619 0.451093 0.268357 0.227521 0.121427 0.0797425
threshold=0.0072306965012103328 0.016662770882248882 0.021449035033583645 0.0048742650542408237 0.0021522961324080829 0.0020422787638381128 0.14032394438982013 0.020621444098651413 0.17575959116220477 0.0079606124199926871 0.0013917898177169266 0.23981384187936786 0.0029348889365792279 0.58945265412330639 0.24022635817527774 0.014601084403693678 -0.025373105891048905 0.92236703634262096 0.068947359919548049 0.0090166288428008574 0.077179659157991423 0.020986271090805534 0.014757091179490091 0.068941213190555586 0.14447721093893054 0.29639886319637304 0.00088210628018714498 0.88613927364349376 0.012474546674638988 0.83318495750427257
decision_type=2 2 2 2 2 2 2 2 2 2 2 2 2 2 2 2 2 2 2 2 2 2 2 2 2 2 2 2 2 2
left_child=6 3 5 -2 7 -3 24 8 11 10 -10 12 -5 -6 15 16 17 18 -7 -16 -18 22 -17 29 26 -23 -1 -27 -28 -21
right_child=1 2 -4 4 13 14 -8 -9 9 -11 -12 -13 -14 -15 19 21 20 -19 -20 23 -22 25 -24 -25 -26 27 28 -29 -30 -31
leaf_value=0.02375765591976654 0.036137482151878862 0.02604621724011353 0.027741533842314793 -0.024069189533607951 0.038006922948723876 0.020637345195469402 -0.013687253592470153 -0.036933844008311338 -0.0016559118629294084 0.0034657457785232841 -0.044452929921967171 0.031675452594146711 0.023463411257464886 0.0056465726104900221 -0.0042911627420594758 -0.041556182986735357 -0.042827879224558468 0.035655481426739709 -0.023476122500882105 -0.03817148715643718 -0.0093169599156509627 -0.02002091416776566 0.0038512558366344228 -0.017529103109983936 0.013966003365859424 -0.038557238529034699 0.037094155879753898 -0.024336787478525187 0.047595510610733673 -0.046424515447460887
leaf_weight=3.7091514542698851 7.1927065402269355 3.6837147921323767 4.9061894267797461 6.5614015311002749 6.4928561747074154 6.1634676307439831 3.4116092771291724 7.6101831793785086 5.9211547672748592 8.94580429792404 9.8624906688928586 8.1695479303598386 5.801535926759243 10.633209705352781 4.6942618563771239 5.6351804584264746 6.6719228774309141 4.6768297329545012 8.3902350887656194 22.237952724099163 6.9230225905776024 5.1242476403713253 8.5349499732255918 6.4667360857129088 2.4504225477576247 19.11417226493359 50.778408788144588 3.2981115877628318 2.9105123579502097 3.3704770803451529
leaf_count=28 35 12 18 24 28 23 13 25 19 35 32 29 22 35 22 27 31 20 35 146 29 29 35 33 13 116 395 19 12 15
internal_value=-0.000299667 -0.0110399 -0.0190272 0.00136571 -0.00220729 -0.0210227 0.0331608 -0.00872522 -0.00398232 -0.0168713 -0.0283978 0.0115412 -0.00176364 0.0179151 -0.0225805 -0.0184406 -0.00771546 0.00504313 -0.00479415 -0.0309722 -0.0257629 -0.0268819 -0.0142064 -0.034877 0.0358314 -0.0334046 0.0367648 -0.0364646 0.0376634 -0.0392577
internal_weight=260.342 197.082 119.891 77.1909 69.9982 114.985 63.2601 52.8721 45.2619 24.7294 15.7836 20.5325 12.3629 17.1261 111.302 74.5321 32.8255 19.2305 14.5537 36.7694 13.5949 41.7067 14.1701 32.0752 59.8485 27.5365 57.3981 22.4123 53.6889 25.6084
internal_count=1355 894 610 284 249 592 461 186 161 86 51 75 46 63 580 364 138 78 58 216 60 226 62 194 448 164 435 135 407 161
is_linear=0
shrinkage=0.05


Tree=85
num_leaves=31
num_cat=0
split_feature=14 1 39 106 79 106 32 46 10 92 4 5 104 0 122 113 113 45 83 94 18 38 75 2 57 86 97 24 130 68
split_gain=29.154 7.0511 5.27555 5.07941 3.75589 3.42985 2.79971 2.69302 3.24728 2.18704 3.76943 3.50887 2.15735 4.41012 1.98681 2.78995 1.92072 1.86519 3.41727 1.58227 1.58217 1.53487 1.20654 0.828448 0.49678 0.358218 0.194714 0.0594833 0.017837 0.008978
threshold=1.8972181677818301 0.003720689564943314 0.011153506115078928 0.029804139398038391 0.0079666562378406542 0.0086995009332895296 0.042539980262517936 0.61047473549842846 0.016291688196361068 0.72006115317344677 -0.10350101813673972 0.75817406177520763 0.014620225410908462 0.018637041561305526 -0.23613493144512174 -0.019428485073149201 0.16795724630355838 0.12125642970204355 0.06676370278000833 0.40152582526206976 0.023404140025377277 -0.1647720858454704 0.0072660569567233333 0.018160754814743999 0.023185046389698986 0.0035465648397803311 0.12540441751480105 0.080131627619266524 0.73876452445983898 0.015754552558064464
decision_type=2 2 2 2 2 2 2 2 2 2 2 2 2 2 2 2 2 2 2 2 2 2 2 2 2 2 2 2 2 2
left_child=2 14 4 7 5 -1 12 19 9 10 20 -11 13 -4 15 -2 -6 18 26 -3 -9 -10 -14 -24 28 29 -15 -19 -25 -16
right_child=1 3 6 -5 16 -7 -8 8 21 11 -12 -13 22 17 25 -17 -18 27 -20 -21 -22 -23 23 24 -26 -27 -28 -29 -30 -31
leaf_value=-0.0079518528176873212 -0.036303107107076647 -0.040268074462243016 -0.019680053571337688 -0.037211871713843457 -0.037307254905237661 0.037658560957315124 -0.0052140604291187019 -0.040427501992743704 -0.038815438009010474 0.045297704366330738 0.027674867699562934 -0.0044723161785196882 0.056588934155161696 0.040013418672328473 -0.035134817640800474 0.034925687326110254 0.00025142707158252222 0.040190297787168122 -0.012039866623663202 0.0038365807377578444 -0.0017059915084344382 -0.00046567809676756734 0.019367938653612828 0.040840493028342494 0.023315099209287607 -0.012818182290197024 0.025545152601169061 0.047393976114569317 0.044286260849648658 -0.036668530023082069
leaf_weight=7.3123382702469888 2.9292050004005432 5.7450454831123334 5.7647055834531775 10.739686772227286 6.4777836948633176 9.446673355996607 6.4220924451947203 4.4586973488330788 5.0268720388412476 9.6492405533790571 7.9908423721790376 5.5946669280529013 6.8129330873489371 6.6316617131233269 25.982615366578102 2.5905897617340079 7.1735024303197861 8.088463142514227 6.2331734150648108 3.1477057933807373 6.4607261493802071 5.4245681837201101 7.8928387165069607 12.970351845026022 4.5148642212152472 1.7850970178842533 3.5812186300754547 4.438029170036315 5.2864405214786521 15.07966837286949
leaf_count=37 29 39 24 85 35 33 24 23 34 32 34 21 21 33 364 15 30 40 19 17 30 29 30 60 20 14 19 15 20 129
internal_value=0.00115633 -0.0166884 0.0195834 -0.00583173 0.00189859 0.0177577 0.0264224 0.000467772 0.00547668 0.0129395 0.00157954 0.0270316 0.0292358 0.0202594 -0.0311076 -0.0028735 -0.0175709 0.0282062 0.0171343 -0.0246567 -0.017517 -0.0189109 0.037556 0.0333273 0.0381657 -0.0347448 0.03494 0.0427425 0.0418383 -0.0356981
internal_weight=221.652 112.605 109.047 64.2381 30.4103 16.759 78.6368 53.4984 44.6056 34.1542 18.9103 15.2439 72.2147 34.7373 48.3672 5.51979 13.6513 28.9725 16.4461 8.89275 10.9194 10.4514 37.4774 30.6645 22.7717 42.8474 10.2129 12.5265 18.2568 41.0623
internal_count=1355 895 460 344 135 70 325 259 203 140 87 53 301 150 551 44 65 126 71 56 53 63 151 130 100 507 52 55 80 493
is_linear=0
shrinkage=0.05


Tree=86
num_leaves=31
num_cat=0
split_feature=104 11 6 104 45 33 70 15 12 121 29 95 12 122 62 106 44 1 104 77 56 92 42 9 104 73 80 77 7 92
split_gain=28.8843 7.89238 3.69543 3.98342 3.23372 4.46889 3.753 2.15264 2.51676 3.04897 2.44497 3.09336 3.04945 2.00346 1.94962 1.54049 1.45394 1.13501 1.03728 2.41906 0.535398 1.25139 0.337449 0.036236 0.0354102 0.00567605 0.00238399 0.00152415 0.000757642 0.000531577
threshold=0.034006925299763686 0.26779538393020635 0.8297448754310609 0.043796766549348838 -0.24832693487405774 0.0090640732087194937 0.27232871949672705 -0.2715333998203277 0.1284611597657204 0.76970559358596813 0.95342072844505321 1.0020259618759157 -0.13014315813779828 -0.25254660844802851 0.0023245378397405152 0.012319141533225776 0.0021845001028850679 0.081375382840633406 0.022959772497415546 0.013618088793009521 0.0051097241230309018 0.43262344598770147 0.0041635839734226474 0.061993530020117767 0.019776188768446449 1.9881870150566103 0.074552170932292952 0.0089214970357716101 4.7853283882141122 0.58851850032806408
decision_type=2 2 2 2 2 2 2 2 2 2 2 2 2 2 2 2 2 2 2 2 2 2 2 2 2 2 2 2 2 2
left_child=1 4 3 15 -1 6 14 22 9 -9 16 -12 -13 -5 -6 -2 -11 18 26 -20 25 -22 -4 -24 28 29 27 -3 -8 -21
right_child=2 17 7 13 5 -7 24 8 -10 10 11 12 -14 -15 -16 -17 -18 -19 19 20 21 -23 23 -25 -26 -27 -28 -29 -30 -31
leaf_value=-0.043696751880762719 0.00048958310676011586 -0.034673532538100973 0.029276818497151198 0.046024162761715955 -0.014979527419019534 0.043554028650974741 -0.03490774536132054 -0.0094778876183197313 0.046404772168014155 0.050892563184645467 -0.018635598575588466 -0.0023017325366878165 0.043912932208560677 0.0030652242015148691 0.028236135705516544 -0.040966185690306571 0.020623820226747427 0.0059360844985561264 0.0095199241888097239 -0.035763740674064987 -0.035433157194683887 0.015916097931396232 0.046836146348610212 0.041361376815291478 -0.043887240481751591 -0.038689381561068797 -0.037115943293492777 -0.035277375826000261 -0.036442641498146772 -0.036608139190061853
leaf_weight=3.2972725220024612 3.7764949724078196 18.10227869823575 5.8971194028854397 4.4869915246963501 4.2027695477008873 6.7298914082348338 1.6947023905813687 10.063835501670836 7.3347990065813056 8.2602132707834226 6.3940026313066509 6.4827657788991893 7.9428123533725756 6.8686350360512716 6.8855330571532249 5.5112830698490143 7.6337974667549124 2.1807335019111624 4.8149945437908199 3.22620937228203 3.4207341074943534 1.8165837451815603 5.5324123054742795 6.6616888344287872 2.178862027823925 3.4732084050774574 1.404023379087447 24.720894649624825 1.529671750962734 4.4137911424040794
leaf_count=19 20 327 23 16 19 28 27 36 23 28 20 21 29 27 23 32 27 11 32 36 42 14 20 29 10 21 11 332 14 38
internal_value=-0.000953718 -0.0204772 0.0188317 0.000176163 0.00263857 0.00921784 -0.00479412 0.0241654 0.0191735 0.0149036 0.021587 0.0103131 0.0231443 0.0200398 0.0118562 -0.0241099 0.0363547 -0.0295489 -0.0307322 -0.0216293 -0.0308022 -0.0176225 0.0390964 0.0438453 -0.0389633 -0.0370135 -0.0350886 -0.0350221 -0.0356359 -0.0362516
internal_weight=186.939 94.0922 92.8469 20.6434 26.5187 23.2214 16.4915 72.2034 54.1122 46.7774 36.7136 20.8196 14.4256 11.3556 11.0883 9.28778 15.894 67.5735 65.3927 21.1655 16.3505 5.23732 18.0912 12.1941 5.40324 11.1132 44.2272 42.8232 3.22437 7.64
internal_count=1355 1004 351 95 140 121 93 256 184 161 125 70 50 43 42 52 55 864 853 183 151 56 72 49 51 95 670 659 41 74
is_linear=0
shrinkage=0.05


Tree=87
num_leaves=31
num_cat=0
split_feature=0 20 33 74 128 59 0 81 124 109 0 43 41 74 24 26 71 77 75 20 48 39 41 127 124 46 109 78 77 95
split_gain=37.2803 6.37493 4.04547 3.15001 3.47328 2.58338 2.49297 3.36811 3.14513 2.30955 2.40478 2.01528 2.29361 1.94173 1.81723 3.30517 1.81022 2.01412 3.18184 3.17816 1.10472 0.893978 0.823699 0.657285 0.653338 0.609246 0.50032 0.444726 0.0629734 0.0483754
threshold=0.011098390910774471 0.020807153545320037 0.021449035033583645 -0.15434127300977704 0.7574516534805299 0.0093010021373629587 0.0092785228043794649 0.001885744044557214 0.28417378664016729 0.003724289708770812 0.016407825052738193 0.0021083935862407093 0.019499979913234714 -0.31224004924297327 0.070493806153535857 0.089722838252782836 0.21946811676025393 0.027686448767781261 0.0050915232859551915 0.022447787225246433 3.6605819463729863 0.017800794914364818 0.036619715392589576 0.0021258812630549078 0.32502280175685888 0.87791678309440624 0.0069561311975121507 0.0086690965108573454 0.018680174835026268 0.88709893822669994
decision_type=2 2 2 2 2 2 2 2 2 2 2 2 2 2 2 2 2 2 2 2 2 2 2 2 2 2 2 2 2 2
left_child=6 3 5 9 -5 -3 21 8 -8 -2 20 12 -6 -12 16 -16 17 18 19 -7 -11 -1 29 -15 25 28 -21 -9 -18 -19
right_child=1 2 -4 4 11 14 7 27 -10 10 13 -13 -14 23 15 -17 24 22 -20 26 -22 -23 -24 -25 -26 -27 -28 -29 -30 -31
leaf_value=0.036731643856649537 -0.029568656461890105 0.002463407709742179 0.025835801728960741 0.035238741379367576 0.0031532977919410329 0.0038633282427377198 0.016462881211760753 0.03916263965881258 -0.037353315814535069 0.030864688998616271 0.0094163691126019598 0.02340740157264173 -0.040557713641260242 -0.037326687725349646 0.022295656802265376 -0.032964611126473226 -0.042530065962508294 -0.037933580884950843 0.013827263937767795 -0.048197991204711091 0.00020174626227684921 0.0049882335483763208 -0.013708019895545121 -0.011144654216835387 -0.016201931048111934 -0.015447184380846572 -0.026003344667249358 0.018423627631745831 -0.037555456627330376 -0.044997106807804055
leaf_weight=49.056465059518814 11.017082676291464 9.5474313944578153 4.5488495081663123 10.115051411092283 8.8564744740724581 6.6087845563888612 7.2685796245932597 9.3882574960589391 4.3335016220808029 5.5311017185449618 5.2653013318777075 5.9029109925031653 4.539234220981597 6.6288038790225965 5.3729627877473813 5.4510953277349472 8.4592048823833448 9.621897719800474 8.456997022032736 6.9226233512163144 6.264084130525589 2.3230216205120078 3.989568553864955 3.7549759447574615 4.2593047618865958 3.0450652614235869 4.0100140497088432 3.5671641528606406 25.658148817718029 3.2402078360319129
leaf_count=408 37 34 16 36 29 24 34 56 15 21 21 20 23 31 24 23 38 62 32 26 20 11 24 18 20 18 21 16 182 15
internal_value=-0.000274972 -0.0128441 -0.020324 -0.000810908 0.0115062 -0.0223306 0.0290332 0.0159292 -0.00363804 -0.0102305 -0.00246754 -0.000932816 -0.0116585 -0.0153171 -0.0248198 -0.00553392 -0.027297 -0.020092 -0.0113646 -0.02351 0.0145805 0.0352964 -0.0335564 -0.0278588 -0.0347504 -0.0368763 -0.0400572 0.0334523 -0.0387889 -0.039713
internal_weight=253.004 177.067 109.192 67.875 29.4137 104.643 75.937 24.5575 11.6021 38.4613 27.4443 19.2986 13.3957 15.6491 95.0959 10.8241 84.2718 42.8501 25.9984 17.5414 11.7952 51.3795 16.8517 10.3838 41.4217 37.1624 10.9326 12.9554 34.1174 12.8621
internal_count=1355 815 559 256 108 543 540 121 49 148 111 72 52 70 509 47 462 204 103 71 41 419 101 49 258 238 47 72 220 77
is_linear=0
shrinkage=0.05


Tree=88
num_leaves=31
num_cat=0
split_feature=16 2 68 107 95 21 15 18 18 27 43 18 59 44 23 9 122 75 107 32 123 18 35 23 21 50 34 119 1 15
split_gain=26.9091 8.58817 5.33234 4.50372 3.83965 3.27439 3.01034 3.31368 3.53101 2.82495 3.10796 2.64776 3.55754 2.12236 2.11763 3.04363 2.08699 1.77359 3.87936 1.17199 0.985489 2.02453 0.783164 0.372449 0.361033 0.337711 0.315331 0.0693762 0.0344961 0.0179845
threshold=0.0033069900237023835 0.019968081265687946 0.042277758941054351 0.0053401589393615731 0.79780831933021557 0.014867836609482767 -0.26505288481712336 0.018543904647231105 0.024343323893845085 -0.25748941302299494 0.0042384099215269097 0.025174147449433807 0.0097351591102778929 0.003417015192098916 0.0070890283677726993 0.034204712137579925 -0.09587195515632628 0.070319600403308882 -0.01219648029655218 0.034778313711285598 0.040404209867119796 0.018543904647231105 0.088205475360155119 0.0041155896615237006 0.06551732495427133 0.07318259030580522 0.40344966948032385 1.4005743861198428 0.0045424639247357854 -0.19735021144151685
decision_type=2 2 2 2 2 2 2 2 2 2 2 2 2 2 2 2 2 2 2 2 2 2 2 2 2 2 2 2 2 2
left_child=6 2 3 -2 16 22 7 26 -9 10 14 -11 -13 -12 15 -6 23 19 -19 24 21 -8 -4 -5 27 29 -1 -3 -22 -24
right_child=1 17 5 4 9 -7 20 8 -10 11 13 12 -14 -15 -16 -17 -18 18 -20 -21 28 -23 25 -25 -26 -27 -28 -29 -30 -31
leaf_value=-0.037318475360564714 -0.030434010925385627 0.039181149758337815 -0.01313131569040412 0.04767908027291342 -0.027633805240226433 0.010746729455482572 -0.035953042723567259 0.055457393012467229 -0.01784074146809898 0.046714647214743367 -0.036144696228078012 -0.02573892576332348 0.034326412003334604 0.0058853519024052586 0.032555666708206664 0.024316043103755312 0.003775888437523767 0.040467644511188526 -0.015987957288526304 0.01497547051655972 -0.035781885566541598 0.013344756332193631 -0.037305656280963648 0.031960824874827015 0.027588750971736895 -0.019936981849854145 -0.012657172330468855 0.046700965094669304 -0.041603042892433599 -0.041760711483075114
leaf_weight=4.8618500605225545 6.144256141036748 22.861030474305156 6.4698151648044648 9.2679699808359164 5.8153613507747703 8.2456102445721609 5.654472813010214 3.3358607739210129 3.2378451153635979 6.9453514814376858 8.3369140550494176 4.5993939042091352 5.3124645948410034 4.6950970441102973 7.0008688122034064 5.4727908819913864 4.8621757030487052 6.003104493021965 6.1707727611064893 6.9885791540145865 36.306788515299559 3.2969067022204399 4.6383533999323863 6.3516009002923957 7.243338629603385 2.9227604642510405 1.7674109563231466 3.5424290299415579 2.7368690818548194 4.4278575181961024
leaf_count=52 38 123 37 32 33 31 64 14 27 23 38 22 18 17 30 20 20 20 21 25 441 22 36 26 33 26 16 13 16 21
internal_value=0.00111253 0.0122386 0.0037308 0.0105779 0.014248 -0.0154492 -0.0269431 -0.00579981 0.0193548 0.00653853 -0.00234376 0.023042 0.00645433 -0.0210024 0.0109516 -0.00244716 0.0323825 0.028592 0.0118511 0.0336074 -0.0327594 -0.017796 -0.0271511 0.0412873 0.0374773 -0.0347168 -0.0307436 0.04019 -0.0361899 -0.0394815
internal_weight=215.516 154.318 101.509 74.8042 68.66 26.7044 61.198 13.203 6.57371 48.1782 31.321 16.8572 9.91186 13.032 18.289 11.2882 20.4817 52.8093 12.1739 40.6354 47.995 8.95138 18.4588 15.6196 33.6468 11.989 6.62926 26.4035 39.0437 9.06621
internal_count=1355 703 468 317 279 151 652 109 41 201 138 63 40 55 83 53 78 235 41 194 543 86 120 58 169 83 68 136 457 57
is_linear=0
shrinkage=0.05


Tree=89
num_leaves=31
num_cat=0
split_feature=104 11 47 58 33 70 4 38 69 12 130 74 62 2 70 1 64 56 97 96 124 73 93 77 104 94 104 119 0 125
split_gain=26.5496 7.55471 3.4665 3.06417 4.09884 3.53993 2.09183 2.04926 1.95231 2.30274 1.90233 2.49202 1.78819 1.61625 2.30336 1.11074 1.12537 1.46575 2.1358 2.80438 0.887769 0.975076 0.300001 0.257867 0.0315673 0.00512846 0.00380975 0.00314704 0.0030021 0.00106471
threshold=0.034006925299763686 0.26779538393020635 0.79899582266807567 0.60214176774024974 0.0090640732087194937 0.27232871949672705 -0.40828216075897211 -0.16036669909954068 0.023937880061566833 -0.13014315813779828 0.85342681407928478 -0.11265825480222701 0.0023245378397405152 0.0090705836191773432 0.22921372205019 0.081375382840633406 0.42278811335563665 -0.17182645201683042 0.24475169181823733 0.071966424584388747 0.17072059214115146 2.1938000917434697 0.1271622106432915 0.023342340253293518 0.019776188768446449 0.17263332754373553 0.026927137747406963 2.3223983049392705 0.010952100157737734 0.079708371311426177
decision_type=2 2 2 2 2 2 2 2 2 2 2 2 2 2 2 2 2 2 2 2 2 2 2 2 2 2 2 2 2 2
left_child=1 3 6 -1 5 12 -2 -8 9 -4 11 13 -5 14 -11 16 28 22 19 -19 21 -16 26 -22 -7 -10 -18 -28 -3 -30
right_child=2 15 8 4 -6 24 7 -9 25 10 -12 -13 -14 -15 20 -17 17 18 -20 -21 23 -23 -24 -25 -26 -27 27 -29 29 -31
leaf_value=-0.04327468996359865 0.016001057227898761 -0.034637244481038984 -0.011508256714925879 -0.014627067529939284 0.041706641791097197 -0.035509788543907399 0.010367098154750261 -0.035391551297987475 0.041052611203277301 0.0082331261170998319 0.049320837966578296 -0.0075602081224132563 0.026909817628508838 0.0038057083904934649 0.013184791045529895 0.0058344501461077732 -0.03561559367424047 -0.020175155810405802 -0.035990755610479284 0.050427716102682943 0.054476868745108847 0.041806916842518638 -0.014298312792338475 0.039375238286898151 -0.043451186591354288 0.043162197349073401 -0.036545265896650317 -0.038928978862616176 -0.035382183340447806 -0.036774496828388466
leaf_weight=3.1948868483305004 10.010604284703733 21.077251937240362 5.3875792920589438 4.1447565257549339 6.7570591494441024 3.0604581087827674 4.2011884823441505 5.8590238243341428 6.733159586787222 9.3796228170394809 5.9977915734052649 7.2458082363009515 6.912466898560524 7.7853619679808608 5.7340545356273669 2.1830569654703131 3.4838312491774577 2.9814235195517522 3.6399186886847019 2.6625011339783669 6.171430438756941 6.1854376941919327 1.7514635995030392 5.215771347284317 2.1169431880116463 5.0354649573564529 2.7955894470214844 2.743426539003849 19.889485202729706 1.4749117195606221
leaf_count=19 38 395 17 19 28 41 18 32 30 34 22 27 23 29 22 11 42 28 41 16 19 22 17 21 10 20 25 16 260 13
internal_value=-0.000936132 -0.0200506 0.018163 0.0026076 0.00898333 -0.00463653 -0.000180638 -0.0162825 0.0233579 0.0196548 0.0227804 0.0194445 0.0113399 0.0242792 0.0291557 -0.0292237 -0.0304482 -0.0206887 -0.00612788 0.0131315 0.0375758 0.0280378 -0.0332352 0.0475597 -0.0387569 0.0419552 -0.0369111 -0.0377259 -0.0350606 -0.0354783
internal_weight=181.812 90.8694 90.9423 26.1866 22.9917 16.2346 20.0708 10.0602 70.8715 59.1029 53.7153 47.7175 11.0572 40.4717 32.6863 64.6829 62.4998 20.0582 9.28384 5.64392 23.3067 11.9195 10.7743 11.3872 5.1774 11.7686 9.02285 5.53902 42.4416 21.3644
internal_count=1355 1004 351 140 121 93 88 50 263 213 196 174 42 147 118 864 853 185 85 44 84 44 100 40 51 50 83 41 668 273
is_linear=0
shrinkage=0.05


Tree=90
num_leaves=31
num_cat=0
split_feature=59 41 65 115 15 2 105 1 112 120 113 91 101 130 57 119 66 70 73 18 15 18 100 63 95 43 18 95 69 93
split_gain=32.4869 7.24891 3.81229 2.78339 2.67304 2.63062 2.52588 3.74722 2.38959 3.41301 2.48079 4.49873 3.59213 2.18887 2.66733 4.12026 1.90616 1.89673 2.44281 1.42452 1.10201 1.07385 0.945681 0.833744 1.26308 0.377612 0.313894 0.730155 0.138172 0.112799
threshold=0.0072306965012103328 0.019393526948988441 0.72589007019996654 0.07332788780331613 -0.26505288481712336 0.0088230273686349409 0.00374091265257448 0.0085671860724687594 0.18575364351272586 0.18643628805875781 0.038597814738750465 0.29268373548984533 0.55990806221961986 0.11650401353836061 0.0016036276356317105 6.5140833854675302 2.7665492296218877 0.38610970973968511 4.3627963066101083 0.030899018049240116 0.12876095622777942 0.013851197902113201 0.66549956798553478 -0.54273474216461171 0.81084209680557262 0.00073816769872792076 0.032528335228562362 0.80659857392311107 0.0058626183308660993 0.13623640686273578
decision_type=2 2 2 2 2 2 2 2 2 2 2 2 2 2 2 2 2 2 2 2 2 2 2 2 2 2 2 2 2 2
left_child=5 2 6 -4 -5 25 22 -8 17 -10 12 -12 -11 -3 15 -15 -13 18 -6 -9 21 -16 -2 24 -23 -1 29 -28 -27 -25
right_child=1 13 3 4 8 -7 7 19 9 10 11 16 -14 14 20 -17 -18 -19 -20 -21 -22 23 -24 26 -26 28 27 -29 -30 -31
leaf_value=0.016062105519257502 -0.017500676439631626 0.0068422648288999997 -0.029080985415711781 -0.020526362841478706 -0.0056544035278311942 -0.010915704925406632 0.019702457503285316 -0.036038623903572077 -0.042857929981523872 -0.027173849785172267 -0.018514997332205557 0.047487332257696323 0.01547509958059004 0.028455706040017847 -0.0037110140710077642 -0.032463593064430606 0.012437398045113339 0.04215068329720096 0.038127055575070255 -0.00074374232369560334 -0.0057332811690634297 -0.037759167574269552 -0.043770166947690758 -0.038721674292420349 0.0061434790280067908 0.037064075033819387 -0.038715008623426667 -0.0076934486103477544 0.024230169492375296 -0.027922225029797094
leaf_weight=2.3661092221736899 5.8609030023217192 5.7835003137588492 6.165430285036563 8.5108598768711072 8.1581171974539775 3.2290610074996939 8.6645143181085604 7.8535623401403409 3.7660120800137511 9.9370704889297503 5.9673471748828915 9.0284870415925962 9.8122846782207471 5.4170097857713682 3.255047842860221 5.6921415030956268 6.8010876029729834 8.0551404878497106 5.2275780066847792 4.4950911104679108 4.4890263304114333 3.4239711984992018 8.2462461888790113 32.523932337760925 3.1413437128067017 47.933747470378876 5.0148488730192167 3.0507479310035706 2.1931654065847388 2.6121081709861746
leaf_count=19 27 29 22 31 32 12 32 46 20 36 22 36 33 20 15 27 26 37 24 22 28 23 35 208 17 405 32 17 11 19
internal_value=-0.000703319 -0.0105052 -0.00272157 0.00321719 0.00586298 0.0328867 -0.0164911 -0.00550429 0.00922755 0.00272013 0.00685161 0.0184816 -0.00598411 -0.022698 -0.0251877 -0.00275831 0.0324283 0.0229801 0.0114438 -0.0231908 -0.0295203 -0.0315342 -0.0328563 -0.033354 -0.0167528 0.0355812 -0.0358768 -0.0269813 0.0365026 -0.0379188
internal_weight=246.675 190.953 116.55 81.4294 75.264 55.7221 35.1203 21.0132 66.7531 45.3123 41.5463 21.7969 19.7494 74.4037 68.6202 11.1092 15.8296 21.4408 13.3857 12.3487 57.511 53.022 14.1071 49.767 6.56531 52.493 43.2016 8.0656 50.1269 35.136
internal_count=1363 916 481 319 297 447 162 100 266 173 153 84 69 435 406 47 62 93 56 68 359 331 62 316 40 435 276 49 416 227
is_linear=0
shrinkage=0.05


Tree=91
num_leaves=31
num_cat=0
split_feature=14 1 0 72 75 92 72 39 15 122 110 54 102 102 130 37 86 123 18 114 106 100 102 41 122 94 0 54 123 52
split_gain=23.5658 5.77755 4.40628 3.83498 3.35849 3.31807 3.92716 3.00849 2.96922 2.85534 2.81784 2.53954 2.41718 2.08712 3.83118 2.08459 1.93172 1.37356 1.32981 1.00305 0.871234 0.590701 0.583136 0.348047 0.316626 0.294807 0.143536 0.0725266 0.05591 0.0356087
threshold=1.8972181677818301 0.004020657856017352 0.024909842759370807 0.14913352578878405 0.0070254034362733373 0.70624157786369335 0.043486943468451507 0.068149846047163024 0.045337868854403503 -0.26525790989398951 0.33005625009536749 0.093603804707527175 0.053374847397208221 0.063796669244766249 0.5382116734981538 1.3741891384124758 0.005312184104695917 0.040404209867119796 0.039378585293889053 0.083474658429622664 0.017991398461163047 0.30568277835845953 0.039009822532534606 0.011357425246387722 -0.23613493144512174 0.19731672853231433 0.014039092697203161 0.15305338799953463 0.065795518457889571 0.32720082998275762
decision_type=2 2 2 2 2 2 2 2 2 2 2 2 2 2 2 2 2 2 2 2 2 2 2 2 2 2 2 2 2 2
left_child=3 9 5 4 16 6 -3 15 17 -2 -7 -5 -12 14 19 21 -1 -8 24 20 25 -6 -4 -15 -11 27 -19 -13 -25 -24
right_child=1 2 22 11 7 10 8 -9 -10 18 12 13 -14 23 -16 -17 -18 26 -20 -21 -22 -23 29 28 -26 -27 -28 -29 -30 -31
leaf_value=0.0067456852032490803 0.014383000226946614 0.032960222790566027 -0.014600120703150249 -0.0033486437280447461 0.020663410844416547 -0.014284319002033904 -0.0043148358006438172 -0.013552296952954707 0.011054145581753494 -0.017094032544133702 0.0047391217042278356 0.04797891419394279 0.047278590178122172 0.052736527728462559 -0.011238528939435933 0.0038922862884392811 -0.034301104840674557 -0.030307911531833251 0.0095798890415321296 0.007180225401858701 0.020204192955109026 0.043004792844804837 -0.036139704314830746 0.033505807839919154 -0.035609464174435189 0.029032408256483334 -0.041842893672474082 0.040216750514322587 0.040638235292187783 -0.043137691930811503
leaf_weight=4.8268628269433957 3.4340154603123656 4.3867130652070072 3.7151316553354254 7.1650327965617171 4.4308294057846132 5.1824977695941952 3.9716516956687036 7.4481327384710303 6.0777326449751845 2.4441462382674208 5.848291449248789 6.1933162212371915 7.7841160148382187 5.7830805629491833 7.1465765833854666 8.4960950687527639 7.0569513067603111 3.9815407246351233 1.7727456316351879 4.234229862689971 8.1853804141283018 8.9042995125055295 7.4190207719802839 4.7261799052357656 41.751164339482784 4.3585395216941825 8.3587731346487981 5.8536276519298553 6.5631600767374039 2.4077655896544456
leaf_count=27 21 16 26 35 21 27 18 24 26 25 23 22 26 22 31 33 31 33 10 21 39 39 72 26 536 19 40 30 32 12
internal_value=-0.000784725 -0.0169756 -0.00643144 0.0165502 0.00478857 0.00100712 -0.0102999 0.0138874 -0.0187756 -0.0295968 0.0170986 0.0245913 0.0290292 0.0283654 0.0215327 0.0232489 -0.0176291 -0.02989 -0.0328823 0.0296576 0.0335279 0.0355815 -0.0314747 0.0427619 -0.0345855 0.0401757 -0.0381212 0.0442073 0.0376523 -0.0378544
internal_weight=209.908 108.535 59.1332 101.372 41.1632 45.5913 26.7764 29.2794 22.3897 49.4021 18.8149 60.2091 13.6324 53.0441 35.9717 21.8312 11.8838 16.312 45.9681 28.8251 24.5909 13.3351 13.5419 17.0724 44.1953 16.4055 12.3403 12.0469 11.2893 9.82679
internal_count=1363 911 319 452 175 209 133 117 117 592 76 277 49 242 162 93 58 91 571 131 110 60 110 80 561 71 73 52 58 84
is_linear=0
shrinkage=0.05


Tree=92
num_leaves=31
num_cat=0
split_feature=68 34 10 1 69 10 92 50 41 109 6 84 76 130 107 69 105 8 35 122 94 9 105 51 51 107 9 73 92 2
split_gain=26.5868 6.46695 3.60099 3.3003 3.08092 4.85921 3.03979 3.39958 3.02383 2.99728 2.31542 2.60209 2.15007 2.43399 3.35168 3.28823 2.0214 1.05015 0.903042 0.842036 0.741519 1.34006 0.414967 0.39172 0.230069 0.0394515 0.0226314 0.00452668 0.00300215 0.00233999
threshold=0.022793401032686237 0.61604920029640209 0.015020539518445732 0.081375382840633406 0.0087237535044550913 0.010639644227921964 0.57760959863662731 0.013756055384874346 0.0079324087128043192 0.0025361231528222565 0.8249243199825288 0.001030489744152874 0.87856528162956249 0.30884391069412237 0.016561169177293781 0.018816167488694194 0.0084910579025745409 0.55004683136940014 -0.0086312526836991293 -0.21739499270915982 0.16464677453041079 0.056965444236993797 0.018750065937638286 0.019737962633371357 0.027593506500124935 0.020914060063660148 0.028356975875794891 3.7016382217407231 0.54248046875000011 0.00464888894930482
decision_type=2 2 2 2 2 2 2 2 2 2 2 2 2 2 2 2 2 2 2 2 2 2 2 2 2 2 2 2 2 2
left_child=3 2 4 6 -2 17 22 8 -8 -7 -11 -12 13 14 -4 -15 19 -6 -14 -9 21 -16 29 -20 -23 -22 27 -21 -3 -1
right_child=1 28 12 -5 5 9 7 16 -10 10 11 -13 18 15 20 -17 -18 -19 23 26 25 24 -24 -25 -26 -27 -28 -29 -30 -31
leaf_value=-0.034585308959681919 0.039497237978890827 -0.035376094587390765 -0.0067556584299603099 0.041379063058426563 -0.010661864004582923 -0.029038525859645999 -0.011408606847135303 -0.0064564751145736376 0.074893032442138269 -0.012499942188811879 0.044959190877732161 0.0090948563529347267 0.026135313637771457 0.026935195748197124 0.010145712689694997 -0.019152375612716266 0.014702755613747254 -0.044367624872799903 0.056731995862315837 -0.035816653855392552 0.047569145966405824 0.044458445225884657 -0.0056458525954201253 0.038684482707544571 0.029721771353505368 0.041450837068030391 -0.042633718154447706 -0.038557566922621175 -0.037847917052474138 -0.035344229899612528
leaf_weight=19.311267111450434 6.3058391734957686 3.9860078394412986 6.0268200784921637 1.8355012908577908 4.1308704838156682 3.8850949034094837 2.0843304917216328 2.6834260597825041 1.9783729948103426 4.9617965370416668 9.3650809973478335 10.995496101677416 8.1117095500230807 7.520845562219618 6.5712099969387117 7.9732198566198349 3.0879793316125861 5.2451725751161575 6.0231936126947385 3.7176744826138002 5.7405622154474241 6.7100973129272443 1.2419875003397454 6.0033910721540451 4.3755207508802414 4.8699062913656235 2.4064048454165459 2.5325025618076324 1.7755858674645422 21.426057878881693
leaf_count=382 29 52 22 9 28 23 30 18 10 27 28 37 33 26 23 28 14 21 20 42 20 28 14 26 20 21 12 16 14 290
internal_value=0.00184933 0.0155533 0.0181472 -0.0246714 0.00709553 0.00180001 -0.0266763 -0.00978505 0.0306168 0.0118535 0.0181273 0.0255911 0.0252419 0.0196659 0.0270967 0.00321861 -0.0211616 -0.0295176 0.0390275 -0.0309278 0.0343143 0.0280367 -0.0341165 0.0477231 0.0386418 0.044761 -0.0385136 -0.0369272 -0.0361379 -0.0349845
internal_weight=182.883 120.577 114.816 62.3055 44.8894 38.5835 60.47 18.4907 4.0627 29.2075 25.3224 20.3606 69.9265 49.7882 34.2941 15.4941 14.428 9.37604 20.1383 11.34 28.2673 17.6568 41.9793 12.0266 11.0856 10.6105 8.65658 6.25018 5.76159 40.7373
internal_count=1363 526 460 837 193 164 828 142 40 115 92 65 267 188 134 54 102 49 79 88 112 71 686 46 48 41 70 58 66 672
is_linear=0
shrinkage=0.05


Tree=93
num_leaves=31
num_cat=0
split_feature=0 0 95 113 37 60 111 89 115 28 122 112 105 129 41 111 105 115 19 110 112 78 111 130 113 5 15 115 35 0
split_gain=30.608 6.22998 3.83241 4.82668 3.58453 3.54119 2.83123 3.09827 3.63881 2.58435 2.44796 2.24301 2.44545 2.13032 2.60988 3.29597 2.1167 1.55031 1.43924 1.21612 1.15456 2.57142 1.33292 1.38128 0.816504 0.89003 0.741852 0.609128 0.276556 0.0655647
threshold=0.013244625646620991 0.0092785228043794649 0.882013499736786 0.039592806249856956 2.1325706243515019 0.0023039497900754218 0.10218735411763193 -0.12191516160964964 0.12298445403575899 0.54128625988960277 -0.021464969962835308 0.24903288483619693 0.0077274802606552848 0.045721443369984634 0.012750911526381971 0.060199560597538955 0.0060740609187632808 0.12418519705533983 0.016659087501466278 0.561010241508484 0.17679535597562793 0.0061718327924609193 0.053202241659164436 0.24768923223018649 0.15085581690073016 0.75274449586868297 -0.13078072667121884 0.15255232900381091 0.060333738103508956 0.011967515107244255
decision_type=2 2 2 2 2 2 2 2 2 2 2 2 2 2 2 2 2 2 2 2 2 2 2 2 2 2 2 2 2 2
left_child=1 28 13 6 9 -6 7 17 -9 10 -3 -5 -13 -2 15 -15 -7 -4 -16 -17 21 22 24 -24 25 -20 -8 -11 -1 -29
right_child=2 4 3 11 5 16 26 8 -10 27 -12 12 -14 14 18 19 -18 -19 20 -21 -22 -23 23 -25 -26 -27 -28 29 -30 -31
leaf_value=0.03638968270317592 0.0041535341286555814 -0.020073508512357893 -0.0063764847644299533 -0.0070060064511834018 0.017647747419235752 -0.045201997003356802 -0.021081685558418571 -0.025225554036669453 0.030580901757771117 0.021479936021063999 0.026487281091301162 0.0034910368601288504 0.046826394889002781 0.027515330263135841 -0.001259160847829191 -0.0057578072290780128 -0.00068984580383811686 -0.043595621800946546 -0.004294082407656729 -0.039663783444223687 -0.038700827898559734 0.010859087850874799 0.0097658464765482053 -0.033280290934454171 -0.038834416698538668 -0.039197003286187554 -0.046469246768871285 0.038192315564260754 0.018277479643300117 0.046757251549500445
leaf_weight=42.261740580201149 7.7018824294209471 5.8685734868049622 5.6057528257369977 7.5124455615878132 8.0977245345711726 6.1952253282070142 5.0120220631361008 4.4948667213320759 8.3421102464199048 6.5781499147415188 5.4395305067300814 5.9393492341041547 7.204298734664917 5.2128771543502799 4.827470436692237 5.8919260501861555 4.6947470158338547 5.5857066884636879 4.1671002879738834 4.7983885928988457 22.421514235436916 4.5484575778245917 4.0129693299531928 3.4794234409928322 21.46286702901125 3.2518363744020462 6.7565818727016431 6.6908630952239019 2.2181816622614852 3.3547028601169586
leaf_count=390 38 20 27 29 35 22 24 23 27 33 23 21 24 16 20 22 19 25 21 28 152 23 22 22 137 21 26 45 15 13
internal_value=-0.000677631 0.0220793 -0.0147097 -0.00445883 0.00936926 -0.00739261 -0.0155647 -0.00572378 0.0110403 0.0207638 0.0023236 0.0147876 0.027244 -0.0210151 -0.0233208 -0.00508154 -0.0260125 -0.0249527 -0.0275757 -0.0209766 -0.0295812 -0.0245846 -0.0290167 -0.0102245 -0.0338917 -0.0195926 -0.0356572 0.0333075 0.0354864 0.0410526
internal_weight=239.629 91.3994 148.23 56.4531 46.9195 18.9877 35.797 24.0284 12.837 27.9318 11.3081 20.6561 13.1436 91.7767 84.0748 15.9032 10.89 11.1915 68.1716 10.6903 63.3442 40.9227 36.3742 7.49239 28.8818 7.41894 11.7686 16.6237 44.4799 10.0456
internal_count=1363 615 748 226 210 76 152 102 50 134 43 74 45 522 484 66 41 52 418 50 398 246 223 44 179 42 50 91 405 58
is_linear=0
shrinkage=0.05


Tree=94
num_leaves=31
num_cat=0
split_feature=1 10 2 26 77 38 126 84 122 0 22 71 61 17 18 5 81 3 9 6 96 22 26 59 122 1 110 2 53 22
split_gain=20.6251 8.45292 4.84169 5.90918 3.88464 3.50264 2.88734 3.75732 2.76769 2.68811 2.50187 2.4722 2.27399 1.94722 1.60354 1.55307 1.51364 2.50685 1.25483 1.32139 1.9973 1.19161 0.664664 0.54372 0.317177 0.180086 0.0513302 0.0217001 0.0109969 0.00942158
threshold=0.004020657856017352 0.016291688196361068 0.0083115436136722582 0.0031881218310445551 0.046787796542048461 -0.073772817850112901 0.0012775652576237919 0.0054855633061379203 -0.26525790989398951 0.012707091867923738 0.0068510244600474843 0.25319051742553716 0.0042846417054533967 0.86400035023689281 0.041070666164159782 -0.30604645609855646 0.001101078116334975 0.0038039522478356962 0.03529785946011544 0.92569851875305187 0.1015085317194462 0.0065227756276726731 0.080628175288438811 0.033835718408226974 -0.23613493144512174 0.010894244071096184 0.44325980544090277 0.019968081265687946 0.15056238323450091 0.066151622682809844
decision_type=2 2 2 2 2 2 2 2 2 2 2 2 2 2 2 2 2 2 2 2 2 2 2 2 2 2 2 2 2 2
left_child=8 2 3 10 9 16 21 12 -1 -4 11 -2 13 -8 24 -11 17 -3 19 22 -21 -5 25 26 -10 -17 28 -27 -18 -29
right_child=1 5 4 6 -6 -7 7 -9 14 15 -12 -13 -14 -15 -16 18 23 -19 -20 20 -22 -23 -24 -25 -26 27 -28 29 -30 -31
leaf_value=0.013820285044217576 -0.0096367263302589434 -0.037321402407641306 -0.0079546517975539934 -0.010941357043790447 -0.0090300925657820306 0.011812390859935094 -0.023979673595062444 -0.039953220253787204 -0.016925119874923098 1.3975191681603176e-05 0.049972139241473243 0.038942237961063983 0.035771772753380435 0.02133348061416384 0.018430258484693384 0.050357367755531304 -0.036251296960621064 0.021122914352080902 0.011026905731053034 -0.003290407423689658 0.037682219443959893 -0.042101217024030725 0.020119630808002692 -0.014982620414693873 -0.035508202651433909 0.041893868819470791 -0.044462224251574672 0.038278299666146064 -0.040215265698210129 0.041081709429788726
leaf_weight=3.4419071525335303 6.2607649266719836 3.5756552517414155 5.3442808240652075 5.1958704218268377 8.9660446196794492 8.5167197212576848 5.1120524890720862 4.3684099540114394 2.4331001415848723 4.2854512035846701 6.498997136950492 4.5023206993937492 6.2875132858753195 4.4214386865496635 1.4820572361350048 4.4442324191331855 5.8462120890617353 3.7685412913560867 6.7619205713272086 5.3282356858253461 6.7328152656555176 7.4926089346408844 4.3091169148683539 2.7448606714606276 40.803099572658539 7.3409073799848583 3.7782866507768622 17.953958138823513 2.4969281852245331 3.5975633412599555
leaf_count=21 33 31 24 27 30 35 29 26 26 18 23 16 22 21 8 14 55 20 26 20 25 38 17 19 550 32 16 109 15 17
internal_value=-0.000783266 0.00805022 0.0138173 0.00178682 0.0218532 -0.0154491 -0.0106508 0.00109576 -0.0293841 0.0260424 0.0254758 0.0106844 0.01243 -0.00296436 -0.0327095 0.029033 -0.0259026 -0.00733176 0.0312353 0.0339843 0.0195817 -0.0293414 0.0385987 -0.0350769 -0.0344624 0.0409873 -0.0396272 0.039546 -0.0374376 0.0387463
internal_weight=204.092 155.932 125.205 50.14 75.0645 30.7272 32.8779 20.1894 48.1602 66.0985 17.2621 10.7631 15.821 9.53349 44.7183 60.7542 22.2105 7.3442 56.4687 49.7068 12.0611 12.6885 37.6458 14.8663 43.2362 33.3367 12.1214 28.8924 8.34314 21.5515
internal_count=1363 758 567 235 332 191 163 98 605 302 72 49 72 50 584 278 156 51 260 234 45 65 189 105 576 172 86 158 70 126
is_linear=0
shrinkage=0.05


Tree=95
num_leaves=31
num_cat=0
split_feature=104 92 89 106 5 0 52 0 32 94 89 105 101 38 0 41 116 68 81 25 38 15 107 14 9 0 104 101 23 99
split_gain=25.0215 5.34536 4.90752 4.38423 3.38988 5.11313 3.91441 3.09005 2.8423 4.94797 2.74065 2.64232 4.37175 2.16107 2.08742 1.69639 1.18632 0.996022 0.712768 0.441661 0.749151 0.429474 0.0557601 0.0251462 0.00298137 0.00266937 0.000905214 0.000759991 0.000846989 0.000687688
threshold=0.03183750435709954 0.57760959863662731 -0.26446498930454249 0.0083564659580588358 0.72185564041137706 0.0095069422386586683 0.26796053349971777 0.055901421234011657 0.036792030557990081 0.16636672616004947 -0.42796756327152247 0.0045872151385992774 0.37769986689090734 -0.20635826885700223 0.035840332508087165 0.019815634004771713 0.10978710651397706 0.032930392771959312 0.001120848464779556 0.0054820973891764888 -0.12749283760786054 0.39805488288402563 0.018102329224348072 3.3582575321197514 0.061616595834493644 0.010788351763039829 0.025882851332426075 0.3811867237091065 0.0816374607384205 0.93048182129859935
decision_type=2 2 2 2 2 2 2 2 2 2 2 2 2 2 2 2 2 2 2 2 2 2 2 2 2 2 2 2 2 2
left_child=1 7 23 -2 5 29 -7 21 9 10 -5 -11 -13 -14 16 -12 17 -10 -15 20 22 25 -19 26 -24 -1 -3 28 -27 -4
right_child=3 2 4 8 -6 6 -8 -9 14 11 15 12 13 18 -16 -17 -18 19 -20 -21 -22 -23 24 -25 -26 27 -28 -29 -30 -31
leaf_value=-0.034496985093569903 -0.026416764533031534 -0.035585593462100107 -0.034856667979686388 -0.044984005463767601 -0.018339229811969698 0.015018090904059259 0.074840304787900117 0.025986088509104346 0.013933042955632325 0.063502922451857832 -0.018157745558411816 -0.025728179275312235 -0.00033217891369596283 0.02369351741587241 0.0048114170958673654 0.020655515842377927 0.016169388726523178 0.046655782243589787 0.043291475200571687 0.053334811328487691 0.020987634012676379 -0.010949951454544313 0.04161289066972134 -0.042496388751863859 0.040033762807546572 -0.035065573276591003 -0.036898542510612059 -0.035969893689632604 -0.036253902010664002 -0.036367483910028128
leaf_weight=19.323250487446785 5.2798349484801284 2.3362607210874584 1.7237270176410704 4.3636513948440543 8.0045584440231305 7.4329881556332094 4.3260262496769428 2.2726259268820277 3.9062616974115363 3.5594616606831542 5.5057179331779462 4.8055327050387886 5.7777245640754726 8.3144019097089785 7.5579148679971686 5.7607855722308159 8.0121746286749822 5.7298788875341442 10.496523171663283 5.676910698413848 5.1661219596862855 1.9568775072693814 5.0931492596864683 2.3886743932962418 7.2347463220357895 16.550788011401899 2.9966892972588539 3.58304863795638 1.6488803923130024 1.3377259559929369
leaf_count=405 31 28 29 18 36 36 21 13 14 12 20 33 20 29 32 24 32 20 38 18 21 23 22 12 35 246 25 40 16 14
internal_value=0.00180908 -0.0199434 -0.00377655 0.0179536 0.00787994 0.022041 0.0370261 -0.0308365 0.0203697 0.0118273 -0.0113418 0.0228165 0.0178896 0.0264141 0.0289486 0.00168824 0.0334177 0.0376301 0.0346292 0.0408331 0.0377771 -0.0338353 0.0425804 -0.038233 0.0406862 -0.0349248 -0.0363234 -0.0353043 -0.0351732 -0.0355168
internal_weight=178.123 75.8821 30.5467 102.241 22.825 14.8205 11.759 45.3355 96.961 48.5838 15.6302 32.9536 29.3942 24.5886 48.3772 11.2665 40.8192 32.8071 18.8109 28.9008 23.2239 43.0628 18.0578 7.72162 12.3279 41.106 5.33295 21.7827 18.1997 3.06145
internal_count=1363 944 201 419 136 100 57 743 388 194 62 132 120 87 194 44 162 130 67 116 98 730 77 65 57 707 53 302 262 43
is_linear=0
shrinkage=0.05


Tree=96
num_leaves=31
num_cat=0
split_feature=0 0 95 116 37 60 111 41 62 89 41 40 18 129 41 111 76 19 112 78 111 130 60 56 116 5 77 17 35 41
split_gain=27.7968 6.08149 3.64659 4.46092 3.37222 3.27207 2.68493 2.94987 2.44193 2.42239 2.26478 2.08723 4.5799 2.03195 2.50153 3.04659 1.61646 1.42025 1.15744 2.53456 1.30923 1.33473 1.13173 1.07968 0.817581 0.863995 0.666306 0.571052 0.301633 0.047801
threshold=0.013244625646620991 0.0092785228043794649 0.882013499736786 0.026395205408334736 2.1325706243515019 0.0023039497900754218 0.10218735411763193 0.019393526948988441 0.0028342343866825108 -0.26635426282882685 0.016183379106223587 0.56540265679359447 0.025470101274549965 0.045721443369984634 0.012750911526381971 0.060199560597538955 1.1117101907730105 0.016659087501466278 0.17679535597562793 0.0061718327924609193 0.053202241659164436 0.24768923223018649 0.0077978181652724752 -0.24754551053047177 0.10057054832577707 0.75274449586868297 0.012361655011773111 0.82038399577140819 0.062606833875179305 0.0088419886305928248
decision_type=2 2 2 2 2 2 2 2 2 2 2 2 2 2 2 2 2 2 2 2 2 2 2 2 2 2 2 2 2 2
left_child=1 28 13 6 11 -6 7 10 -5 -10 -4 26 -13 -2 15 -15 -7 -16 19 20 24 -22 -17 -9 25 -19 29 -8 -1 -3
right_child=2 4 3 8 5 16 27 23 9 -11 -12 12 -14 14 17 22 -18 18 -20 -21 21 -23 -24 -25 -26 -27 -28 -29 -30 -31
leaf_value=0.036200150097323198 0.0042280975834234026 0.037016574809408918 -0.010405740660860696 -0.018939484428965835 0.017002271428754216 -0.0020886429223196654 -0.022146904971571235 -0.0076551660574704639 0.048562544750869775 0.0085192352694740021 0.03175673484141333 -0.029285044304331244 0.036526935377879634 0.026712371434037853 -0.00069174571289324347 -0.0027530041356854029 -0.041293518232848853 -0.003969417399513198 -0.038411887123179757 0.011286752669662715 0.0098952082178118128 -0.032900001894547129 -0.035805545271141999 -0.039217089203847373 -0.03855785318199316 -0.038896329902890936 0.020004804942406973 -0.044702242257787773 0.016560455809746893 0.044266152655369512
leaf_weight=39.999162703752518 7.6509592607617369 5.3161904066801124 6.268404498696329 4.3277105614542988 7.9714364558458355 4.4638799652457219 4.9832467734813672 5.0985407903790456 5.9957694113254592 10.2051518112421 6.4750687479972839 5.4201223254203779 5.1604140996932983 5.1606771796941748 4.7632737457752219 4.8835965543985349 6.3970672637224197 4.1137384697794941 21.393774442374706 4.5142003446817389 3.9731445461511603 3.3651640042662621 5.5139573439955711 5.782969743013382 20.562431566417217 3.108691580593586 7.397065393626689 6.4233161956071854 2.0554754436016074 3.9731594547629356
leaf_count=391 38 42 21 17 35 18 22 24 21 36 21 20 22 16 20 18 23 21 152 23 22 22 32 36 137 21 32 28 14 18
internal_value=-0.000638468 0.0214905 -0.0141326 -0.00408164 0.00894715 -0.00732506 -0.0149272 -0.00530886 0.014426 0.0233388 0.0110174 0.0201858 0.00281324 -0.0204068 -0.0227236 -0.00469339 -0.0251802 -0.0269872 -0.0290395 -0.0239808 -0.0285136 -0.0097296 -0.0202812 -0.0244287 -0.0334747 -0.0190027 0.0312015 -0.0348484 0.0352402 0.0401173
internal_weight=232.718 88.154 144.564 55.5602 46.0993 18.8324 35.0315 23.625 20.5286 16.2009 12.7435 27.267 10.5805 89.0036 81.3526 15.5582 10.8609 65.7944 61.0311 39.6374 35.1232 7.33831 10.3976 10.8815 27.7849 7.22243 16.6864 11.4066 42.0546 9.28935
internal_count=1363 615 748 226 210 76 152 102 74 57 42 134 42 522 484 66 41 418 398 246 223 44 50 60 179 42 92 50 405 60
is_linear=0
shrinkage=0.05


Tree=97
num_leaves=31
num_cat=0
split_feature=1 34 68 77 46 40 32 122 57 28 126 41 23 15 3 29 81 92 39 69 18 65 18 6 3 122 38 46 6 0
split_gain=19.114 7.87264 3.93439 3.66984 3.35496 3.30711 2.94194 2.66453 2.57957 2.52615 5.48631 2.50783 4.26252 2.1674 2.06158 1.95533 1.8617 3.11397 1.81108 1.77173 2.02207 1.7582 1.58616 0.592585 0.428853 0.32528 0.284802 0.277772 0.221272 0.169441
threshold=0.004020657856017352 0.63947951793670665 0.046965561807155616 0.046787796542048461 0.61047473549842846 0.58467736840248119 0.040040852501988418 -0.26525790989398951 0.0029524863930419092 0.72663879394531261 0.0012775652576237919 0.025308492593467239 0.0066236769780516633 0.11883807554841043 0.0046677759382873782 0.91639411449432384 0.001101078116334975 0.7615153193473817 0.0051663231570273646 0.0068037835881114015 0.030498318374156955 0.73154562711715709 0.041070666164159782 0.93667101860046398 0.0073382698465138682 -0.23613493144512174 0.030368939042091373 0.8817221224308015 0.8727247714996339 0.028834655880928043
decision_type=2 2 2 2 2 2 2 2 2 2 2 2 2 2 2 2 2 2 2 2 2 2 2 2 2 2 2 2 2 2
left_child=7 2 4 8 5 28 9 -1 -3 10 18 29 16 23 -12 -7 17 -13 -6 20 -15 -11 25 24 -10 -9 -26 -18 -2 -4
right_child=1 3 11 -5 6 15 -8 22 13 21 14 12 -14 19 -16 -17 27 -19 -20 -21 -22 -23 -24 -25 26 -27 -28 -29 -30 -31
leaf_value=0.013155956407936193 -0.045070981429007048 -0.01116632569614281 -0.037714004168202135 -0.0088552676402449161 -0.0015944393172158313 0.02654905516542426 -0.023323115579099427 -0.016248914805463848 0.055087596846839754 0.046671699034453042 0.0099313842568190137 0.038433351948771483 0.043245429789887407 0.028520586826150829 0.049703545077088351 -0.016660088244608028 -0.038506767287986007 -0.036111893550312621 -0.046061782789201804 0.037272819672683748 -0.013643714262237268 0.012358322386613163 0.018425351869261059 0.019740132464974566 0.03940684323237692 -0.035401921109293397 0.02720049527797588 -0.018893244207790115 -0.027839412671474318 -0.053762721361377476
leaf_weight=3.4597736969590178 4.5745454952120808 4.3980908319354048 4.9669224619865444 8.9580550193786603 4.6920071728527564 5.2701418697833997 5.0839039608836165 2.3514811918139449 3.5027622431516674 9.1854562461376172 7.6010181307792646 2.9436204805970219 3.2608885020017615 4.7643349319696444 5.7027510926127434 5.2032174840569496 6.967366009950636 2.6731067895889282 4.4723924696445465 5.71145474910736 7.0525650680065155 6.2893289998173705 1.4774877279996861 4.8114274293184272 19.750232055783275 38.700033035129309 6.3040220588445655 2.4364123642444611 3.1430469788610935 2.4588508978486061
leaf_count=21 22 18 37 30 23 20 24 26 12 33 35 14 10 23 20 26 52 27 21 26 30 26 8 20 111 550 35 20 28 15
internal_value=-0.000792677 0.00774385 -0.00210947 0.0208697 0.00478379 -0.013218 0.0123946 -0.0290402 0.0255997 0.0171804 0.00647352 -0.0185247 -0.00857165 0.0287155 0.02698 0.00508254 -0.0198209 0.00295586 -0.0232953 0.0144075 0.00335608 0.0327259 -0.0324729 0.0360128 0.0386617 -0.0343048 0.0364534 -0.0334251 -0.0380533 -0.0430281
internal_weight=198.167 152.178 86.925 65.2529 61.2178 18.191 43.0269 45.9888 56.2949 37.943 22.4682 25.7072 18.2814 51.8968 13.3038 10.4734 15.0205 5.61673 9.1644 17.5284 11.8169 15.4748 42.529 34.3684 29.557 41.0515 26.0543 9.40378 7.71759 7.42577
internal_count=1363 758 453 305 278 96 182 605 275 158 99 175 123 257 55 46 113 41 44 79 53 59 584 178 158 576 146 72 50 52
is_linear=0
shrinkage=0.05


Tree=98
num_leaves=31
num_cat=0
split_feature=104 92 89 106 1 5 0 52 32 93 89 108 119 0 45 53 98 95 104 34 38 115 107 14 0 9 104 7 24 98
split_gain=22.9639 5.17106 4.66733 4.03208 3.62096 3.17103 4.64011 3.51053 2.64803 4.57216 2.5598 2.43531 3.51896 2.01872 1.92557 1.77267 3.32604 1.10604 0.885802 0.485033 0.703356 0.343085 0.0332074 0.0230982 0.00244 0.00240584 0.000808104 0.000694607 0.000819273 0.00062025
threshold=0.03183750435709954 0.57760959863662731 -0.26446498930454249 0.0083564659580588358 0.081375382840633406 0.72185564041137706 0.0095069422386586683 0.26796053349971777 0.036792030557990081 0.061854962259531028 -0.42796756327152247 0.0020569423213601117 5.7593898773193368 0.035840332508087165 -0.30709643661975855 0.036824403330683715 2.2342483997344975 0.80534580349922191 0.039586836472153671 0.47426362335681921 -0.12749283760786054 0.066124714910984053 0.018102329224348072 3.3582575321197514 0.010788351763039829 0.061616595834493644 0.025882851332426075 2.2456551790237431 0.08082181960344316 3.4551857709884648
decision_type=2 2 2 2 2 2 2 2 2 2 2 2 2 2 2 2 2 2 2 2 2 2 2 2 2 2 2 2 2 2
left_child=1 4 23 -2 21 6 29 -8 9 10 -5 -11 15 17 -12 -13 -17 -10 -19 20 22 -1 -20 26 -23 -24 -3 28 -26 -4
right_child=3 2 5 8 -6 -7 7 -9 13 11 14 12 -14 -15 -16 16 -18 18 19 -21 -22 24 25 -25 27 -27 -28 -29 -30 -31
leaf_value=-0.01544247222761406 -0.025827024957775224 -0.035458044952841362 -0.034654149563681722 -0.044359813145702087 0.036074274643282937 -0.017930450553448784 0.014217440590388791 0.070438003486751707 0.016037444049629725 0.048191936411015025 0.02723996506291906 -0.025772169893456577 0.042097104365497004 0.0041795716096006772 -0.016095118625925092 -0.024495810320292719 0.028215031048108637 0.015378206140100459 0.044939102387096114 0.053859113277938957 0.020807454331721206 -0.03444782659309608 0.04109771253986233 -0.042202428424043974 -0.034998185815352634 0.039629046845968324 -0.036729300566176598 -0.035875348556428092 -0.036223127489704805 -0.036117566556310002
leaf_weight=2.4150667600333682 5.137884020805358 2.2142685540020492 1.4364532157778769 4.2645017951726905 1.9454473704099644 7.8796656206250182 7.4422304667532426 4.4291588477790356 8.1064859852194768 6.8870287388563147 4.3148565143346778 4.2576570957899156 8.1066615432500821 7.4631467014551154 6.3152814358472815 4.4227613396942607 9.2558741867542249 4.2102173119783428 5.4938367158174612 5.1378224641084662 5.246492162346839 18.447614781558514 4.6656123995780927 2.3130485638976097 15.355463616549974 6.9305183440446854 2.8708778396248817 3.5642304085195056 1.4981968849897374 1.459952440112829
leaf_count=34 31 28 27 18 9 36 36 21 33 23 16 13 35 32 25 31 33 15 20 16 22 406 21 12 238 35 25 41 15 16
internal_value=0.00176188 -0.0195127 -0.00358054 0.0173164 -0.0305868 0.00768279 0.0213493 0.0351931 0.0196478 0.0113534 -0.0116338 0.0217508 0.0147584 0.0280423 0.00149493 0.0024022 0.0111718 0.032518 0.0367345 0.0400072 0.036821 -0.0337283 0.041737 -0.03806 -0.0348646 0.04022 -0.0361757 -0.0352412 -0.0351071 -0.0353918
internal_weight=173.488 73.2717 30.0457 100.217 43.226 22.6475 14.7678 11.8714 95.0788 47.8246 14.8946 32.93 26.043 47.2541 10.6301 17.9363 13.6786 39.791 31.6845 27.4743 22.3365 41.2806 17.09 7.39819 38.8655 11.5961 5.08515 20.4179 16.8537 2.89641
internal_count=1363 944 201 419 743 136 100 57 388 194 59 135 112 194 41 77 64 162 129 114 98 734 76 65 700 56 53 294 253 43
is_linear=0
shrinkage=0.05


Tree=99
num_leaves=31
num_cat=0
split_feature=59 0 129 77 2 0 46 128 120 56 2 123 108 34 103 5 88 64 83 71 4 44 57 33 41 123 45 43 109 43
split_gain=25.7692 6.39561 3.69586 3.17649 2.48969 2.32824 2.90527 2.79373 3.93705 2.64004 3.59402 2.8593 2.75862 2.38282 1.92912 1.7446 1.6203 1.38632 1.38274 1.26181 2.87858 1.49859 3.22399 2.77823 1.23258 0.762744 0.732072 0.414484 0.23245 0.181978
threshold=0.0072306965012103328 0.020457126200199131 0.60359555482864391 0.046787796542048461 0.0088230273686349409 0.013244625646620991 0.55576762557029735 0.59595113992691051 0.60645267367362987 -0.27842397987842554 0.0083115436136722582 0.049832681193947799 0.0013842332409694793 0.42146946489810949 0.22337387502193454 0.69001454114913952 0.0014147465117275717 0.71276938915252697 0.013138487935066225 0.24022635817527774 0.12725208699703219 0.0020730188116431241 0.0038609075127169494 0.014435219578444959 0.016855156049132351 0.10339330509305002 -0.62361341714858998 0.00073816769872792076 0.013321896083652975 0.0030780684901401405
decision_type=2 2 2 2 2 2 2 2 2 2 2 2 2 2 2 2 2 2 2 2 2 2 2 2 2 2 2 2 2 2
left_child=4 2 5 19 27 6 -2 -8 -9 17 11 15 -13 14 -10 -11 -14 -7 -12 20 21 -3 23 -23 -18 -21 -24 -1 -28 -29
right_child=1 3 -4 -5 -6 9 7 8 13 10 18 12 16 -15 -16 -17 24 -19 -20 25 -22 22 26 -25 -26 -27 28 29 -30 -31
leaf_value=0.013076935762396481 0.035471564627521837 -0.037147548342823876 0.041145717291586559 0.011747503898214029 -0.011232236018676144 -0.043734902025681949 0.032999690735373295 -0.03948091161959498 0.012469033755844579 0.0064204869753426127 -0.047084010688078867 -0.016804678319460965 0.0018449566132754979 0.026903090036754312 -0.030814329980302313 -0.029844299934581178 0.048988534676123741 -0.0068564069959304724 -0.013300085542628258 -0.037834646240854926 0.022167421360298905 0.03484165565727057 -0.013224009541746545 -0.016295599978872727 0.017044410833465758 -0.011831045593532284 -0.038022200351792212 0.036584127122723908 -0.020758562534503477 0.020797499138177557
leaf_weight=2.0893195569515219 7.0203042700886717 12.863709375262259 4.8899584710597983 6.9465682208538047 3.1387019306421271 7.4723280742764455 5.200584530830386 6.8643025085330036 4.8834801092743891 5.655885934829711 5.2965234592556936 5.5811338797211674 5.8565864413976696 7.347135327756404 5.4441212490200996 8.0176386684179288 6.3833562582731229 3.8672045692801476 7.07371436804533 18.109504975378517 3.8687090203165999 4.5350594148039836 5.2612709626555434 6.4103722274303436 5.7308367639780045 3.340147651731967 11.583227723836901 41.050523467361927 2.3445370793342581 1.910447522997855
leaf_count=19 39 81 24 30 12 33 22 25 24 20 22 21 21 34 18 33 21 19 38 141 21 20 33 39 20 20 81 405 16 11
internal_value=-0.000607899 -0.00939568 -0.0012742 -0.0204654 0.0318246 -0.00339745 0.00654043 -0.000289017 -0.00734393 -0.00939261 -0.00441619 0.00334284 0.0139015 0.00513705 -0.0103475 -0.0148438 0.0234378 -0.031158 -0.0277652 -0.0237409 -0.0191438 -0.0228608 -0.0167621 0.00489228 0.0338768 -0.0337854 -0.0291137 0.0348245 -0.0351161 0.0358821
internal_weight=226.037 177.848 102.585 75.2631 48.189 97.6951 36.7599 29.7396 24.539 60.9352 49.5957 37.2254 23.5519 17.6747 10.3276 13.6735 17.9708 11.3395 12.3702 68.3165 46.8669 42.9982 30.1345 10.9454 12.1142 21.4497 19.189 45.0503 13.9278 42.961
internal_count=1363 916 434 482 447 410 162 123 101 248 196 136 83 76 42 53 62 52 60 452 291 270 189 59 41 161 130 435 97 416
is_linear=0
shrinkage=0.05


Tree=100
num_leaves=31
num_cat=0
split_feature=14 1 0 92 62 72 2 64 44 23 33 120 47 70 68 102 93 19 122 44 105 126 104 111 62 57 109 52 38 68
split_gain=18.1213 5.05039 3.46488 3.62566 3.84345 3.16576 2.7666 2.74294 3.41887 2.60014 3.54835 2.38884 2.21598 1.99485 2.8927 1.9355 3.00132 2.16202 1.90954 2.6366 1.33068 1.86371 0.99178 0.746923 0.451593 0.320239 0.283353 0.0824192 0.0699953 0.0657708
threshold=1.8972181677818301 0.003720689564943314 0.024909842759370807 0.70624157786369335 0.0050794614944607028 0.14913352578878405 0.0083115436136722582 0.67733782529830944 0.0020352599676698451 0.073337458074092879 0.012195213232189419 0.16607288271188739 0.8282780945301057 0.39960107207298284 0.030128642916679386 0.063796669244766249 0.083295159041881575 0.024858359247446064 -0.23613493144512174 0.0016243899590335789 0.0065216559451073417 0.0069557991810143003 0.014620225410908462 0.033443158492445953 0.0042311535216867932 0.0043036630377173432 0.0032991971820592885 0.50316688418388378 -0.11613047868013381 0.019508228637278083
decision_type=2 2 2 2 2 2 2 2 2 2 2 2 2 2 2 2 2 2 2 2 2 2 2 2 2 2 2 2 2 2
left_child=5 18 3 4 13 6 -1 -5 -9 10 22 -12 15 14 -3 16 20 -18 19 -2 27 -22 -8 -4 -20 -17 -15 -7 -27 -28
right_child=1 2 23 7 -6 12 9 8 -10 -11 11 -13 -14 26 -16 25 17 -19 24 -21 21 -23 -24 -25 -26 28 29 -29 -30 -31
leaf_value=-0.030527982854027996 -0.036228841198511649 0.013623617143532413 -0.0080626262874596236 0.045913492446858065 0.022990764403344174 0.047507276411973304 0.016945041682680854 -0.026809954318964876 0.025548317708169534 -0.024124160459523498 0.014117523257577572 -0.028910885652387388 -0.0040269948810430934 -0.020880844022286668 -0.039249678387490543 0.053920909558570235 -0.016807254295898588 0.025767984731421684 -0.0352464391818939 0.035716182516678123 -0.0078858616984837839 0.04024582753090495 0.042408335041542788 -0.037208352415589015 -0.0060685500807015312 0.031449465519838925 -0.03631647474766065 0.038793401853000509 0.039771340989839171 -0.045004194929346035
leaf_weight=5.0458198711276046 2.6177296154201022 6.964869882911449 2.8741602823138228 5.6251250803470638 6.2984018474817267 3.9842990338802364 6.8412861973047283 5.2870865240693075 7.598997563123703 4.9958149492740622 7.6277232840657216 5.5892698392271996 6.8156539089977732 2.5182837694883338 4.1153474301099777 3.7265412509441367 7.4535353407263738 4.9702254235744476 32.474348176270723 2.4798108674585819 4.1383776292204839 3.9127533882856369 8.6707785427570325 9.3465491235256177 1.3825688660144795 3.752555549144744 5.3596610650420171 8.508547827601431 7.735362395644187 3.6704185158014297
leaf_count=35 29 33 21 21 24 15 35 27 30 15 30 22 35 13 27 14 34 26 499 14 20 21 38 91 12 22 56 46 44 14
internal_value=-0.000792513 -0.0157564 -0.00661301 -0.000497114 -0.0115548 0.0149445 0.00400236 0.0167825 0.00406602 0.0091687 0.0149581 -0.00407855 0.0226581 -0.0211702 -0.00601426 0.0264329 0.0196251 0.000225313 -0.0297595 -0.0012296 0.0313569 0.0155056 0.0311783 -0.0303536 -0.0340549 0.0411845 -0.0357117 0.0415725 0.037053 -0.0398477
internal_weight=192.382 98.6134 59.6589 47.4382 28.927 93.7685 38.7707 18.5112 12.8861 33.7249 28.7291 13.217 54.9979 22.6286 11.0802 48.1822 32.9677 12.4238 38.9545 5.09754 20.544 8.05113 15.5121 12.2207 33.8569 15.2145 11.5484 12.4928 11.4879 9.03008
internal_count=1363 911 357 245 167 452 175 78 57 140 125 52 277 143 60 242 162 60 554 43 102 41 73 112 511 80 83 61 66 70
is_linear=0
shrinkage=0.05


Tree=101
num_leaves=31
num_cat=0
split_feature=104 92 37 106 46 122 1 9 32 94 108 14 130 45 25 28 27 73 130 122 123 15 81 87 107 9 1 80 7 104
split_gain=21.0714 5.02293 3.76621 3.68757 3.49923 3.50782 3.42664 2.77616 2.42601 4.48966 2.52893 2.84125 2.11014 1.65519 1.47876 3.17747 1.36223 1.29991 1.96057 1.14589 1.13382 0.452959 0.275827 0.0960037 0.00602713 0.00283778 0.00190335 0.00109872 0.000776952 0.000430496
threshold=0.03183750435709954 0.57760959863662731 2.0131978988647465 0.0075606708414852628 0.76840984821319591 -0.11302292346954344 0.081375382840633406 0.019805597141385082 0.036792030557990081 0.16636672616004947 0.0022466513328254227 4.9907948970794687 0.31311623752117163 -0.064452838152647005 0.0025563271483406429 0.71314892172813427 -0.4443837702274322 2.1938000917434697 0.26413328945636755 -0.17437862604856488 0.046842629089951522 0.39805488288402563 0.00092787560424767445 0.001283850579056889 0.020341739058494571 0.028764861635863784 0.0044307946227490911 0.074552170932292952 2.4371333122253422 0.02342028729617596
decision_type=2 2 2 2 2 2 2 2 2 2 2 2 2 2 2 2 2 2 2 2 2 2 2 2 2 2 2 2 2 2
left_child=1 6 25 -2 5 7 21 19 9 14 -11 12 -12 17 -5 -16 -14 18 20 -4 -10 26 -19 24 -24 29 -1 28 -28 -3
right_child=3 2 4 8 -6 -7 -8 -9 13 10 11 -13 16 -15 15 -17 -18 22 -20 -21 -22 -23 23 -25 -26 -27 27 -29 -30 -31
leaf_value=-0.034382500722322129 -0.029696517904952691 -0.035103767965214937 -0.035833708232705937 0.012384263288119677 -0.032837000834535716 -0.023088404176477711 0.033419700735239935 0.041129466760845751 0.019922369751624151 0.044214090299976368 0.024903657540377998 0.035030950719544776 0.0081660079725812146 -0.0026346126351279356 0.0094938317607375349 -0.045217971371903545 -0.031258218008973597 0.030498795237620488 0.004283404945848869 0.021555938522910781 0.047996355669235269 -0.0094161799843388624 0.041889792954784816 0.049656664019522477 0.039233589849881172 -0.037751169371383758 -0.034925662180216865 -0.036513489620909216 -0.036133919394117323 -0.036165677449881029
leaf_weight=16.044237811118364 4.0990985892713061 1.8322980813682108 1.9474420696497019 4.582159996032714 4.582937639206647 4.3726030960679045 2.0046333894133559 10.472051873803137 7.3509651869535464 8.83452256023884 5.0148564912378815 8.8032208234071714 3.6547610908746702 4.3292295038700095 4.6828697286546213 6.1243816018104553 5.4712053351104259 5.68342196941376 9.3844418451189977 1.5718303844332702 7.0415825545787811 1.8450501188635815 4.4085066020488721 4.4528796672821036 4.142336905002594 2.8031552210450172 18.618031311780221 1.2972220256924618 1.4329006187617768 1.9920022934675214
leaf_count=380 27 27 27 17 26 27 9 39 30 29 23 38 12 17 22 25 30 28 37 14 28 23 19 15 22 21 304 12 15 20
internal_value=0.00171648 -0.0190667 -0.00334152 0.0167255 0.00624755 0.0160016 -0.030343 0.0282181 0.0187506 0.0107484 0.0214833 0.0127309 -0.00115178 0.0268169 -0.0114187 -0.0215109 -0.0154696 0.0298195 0.022064 -0.0102015 0.0336576 -0.0336007 0.0396873 0.0437033 0.040603 -0.0365427 -0.034794 -0.0351032 -0.035012 -0.0356569
internal_weight=168.877 70.8164 29.5743 98.0604 22.9469 18.3639 41.2421 13.9913 93.9613 47.168 31.7786 22.944 14.1408 46.7934 15.3894 10.8073 9.12597 42.4641 23.777 3.51927 14.3925 39.2374 18.6871 13.0037 8.55084 6.62746 37.3924 21.3482 20.0509 3.8243
internal_count=1363 944 201 419 133 107 743 80 392 196 132 103 65 196 64 47 42 179 95 41 58 734 84 56 41 68 711 331 319 47
is_linear=0
shrinkage=0.05


Tree=102
num_leaves=31
num_cat=0
split_feature=59 0 129 23 125 0 37 45 5 16 27 93 55 110 101 4 46 51 59 122 91 121 53 95 64 82 23 43 77 9
split_gain=23.7429 5.9285 3.44127 3.01677 2.37572 2.10063 2.93748 3.74912 2.39009 2.02448 2.49175 2.7356 2.36584 2.51242 1.9256 1.88348 1.68713 2.63373 4.87331 1.51879 1.45524 1.44423 1.31999 0.802263 1.07092 1.63806 1.35538 0.567507 0.551895 0.263213
threshold=0.0072306965012103328 0.020457126200199131 0.60359555482864391 0.073337458074092879 0.007506029214709998 0.012976728379726412 2.1325706243515019 -0.18190880119800565 0.48932008445262914 0.0073566448409110316 -0.52395394444465626 0.090902246534824385 2.6427917480468754 0.30396142601966863 0.61015301942825328 -0.094734746962785707 0.38495446741580969 0.014601084403693678 0.021359125152230266 -0.17023761570453641 0.33600950241088873 0.99520641565322887 0.22843403369188311 0.82004314661026012 0.72372722625732433 0.0035851807333529 0.0029879574431106453 0.00069948742748238157 0.017835336737334732 0.067218817770481123
decision_type=2 2 2 2 2 2 2 2 2 2 2 2 2 2 2 2 2 2 2 2 2 2 2 2 2 2 2 2 2 2
left_child=4 2 5 16 27 6 8 -8 -2 10 11 28 -12 14 -14 -9 -3 18 20 -15 -18 22 -11 -19 29 26 -26 -1 -7 -25
right_child=1 3 -4 -5 -6 9 7 15 -10 21 12 -13 13 19 -16 -17 17 23 -20 -21 -22 -23 -24 24 25 -27 -28 -29 -30 -31
leaf_value=0.0046805805656217206 0.002141596524488695 -0.037549431438678643 0.040376980150158864 0.0078842995346181666 -0.010498203946494422 -0.039125008145779953 -0.048933859740750207 0.028504493351226148 0.038753108121519254 0.0029973901677849846 0.027984692243976997 0.014268667275831684 0.033120328200795149 -0.03936689535278496 -0.0058358026766575071 -0.012270185340903593 -0.004298599434947893 -0.037019114913128599 0.040334947377502185 -0.0031908253863102715 -0.042724359035019359 -0.048862087739298156 -0.037780708076394769 -0.037860784848877282 0.0047055483939386512 0.019867143538577527 -0.037092937041667245 0.035657137252220715 -0.017579418259549083 -0.01918738015412625
leaf_weight=1.5337508693337429 8.7651710733771342 16.193700224161148 4.7523325011134139 8.6363444626331312 3.1434830278158179 8.0710324570536631 4.2600491046905509 5.1334044411778441 9.0711796805262548 4.8140182644128782 7.861050456762313 4.4662998318672171 5.7760429382324237 5.5246851146221161 7.0365661680698395 6.317784570157527 5.6298568397760373 11.991696342825888 4.7604875937104216 6.1100224405527097 4.3815268501639366 4.584154561161994 3.3764033913612366 7.2857938781380671 3.0181967839598638 3.1973482221364966 5.4263687655329704 41.104152746498585 4.7047758325934401 2.5467673093080521
leaf_count=14 37 136 24 37 12 39 15 21 48 22 29 15 18 21 25 32 29 95 21 21 21 17 24 51 15 17 42 421 26 18
internal_value=-0.000582366 -0.0090254 -0.00115381 -0.0198657 0.0314502 -0.00321246 0.00687537 -0.00888892 0.0207614 -0.00864242 -0.00406685 -0.0194152 0.00412413 -0.00354825 0.011726 0.00600852 -0.0235852 -0.0188974 -0.00131225 -0.0203689 -0.0211158 -0.0263903 -0.0138129 -0.0266594 -0.0208744 -0.010613 -0.0221536 0.0345429 -0.0311907 -0.0330241
internal_weight=219.474 173.693 100.625 73.0681 45.7814 95.8726 33.5476 15.7112 17.8364 62.3251 49.5505 17.2421 32.3084 24.4473 12.8126 11.4512 64.4317 48.238 14.7719 11.6347 10.0114 12.7746 8.19042 33.4662 21.4745 11.6419 8.44457 42.6379 12.7758 9.83256
internal_count=1363 916 434 482 447 410 153 68 85 257 194 80 114 85 43 53 445 309 71 42 50 63 46 238 143 74 57 435 65 69
is_linear=0
shrinkage=0.05


Tree=103
num_leaves=31
num_cat=0
split_feature=14 1 0 92 62 71 2 23 32 9 43 120 53 70 68 122 44 102 93 83 106 104 102 3 103 57 109 38 100 68
split_gain=16.5955 4.8198 3.2523 3.32389 3.57224 2.95206 2.55038 3.015 3.70843 2.40986 2.75076 2.26927 2.10823 1.92266 2.71136 1.89559 2.47528 1.77988 2.9492 1.69581 1.29658 0.881811 0.638392 0.556529 0.472593 0.301175 0.272165 0.0705603 0.0572631 0.0558282
threshold=1.8972181677818301 0.003720689564943314 0.024909842759370807 0.70624157786369335 0.0050794614944607028 0.22370028495788577 0.0083115436136722582 0.074364125728607192 0.034056251868605621 0.037061622366309173 0.0037436055717989807 0.16607288271188739 0.14210175722837451 0.39960107207298284 0.030128642916679386 -0.23613493144512174 0.0016243899590335789 0.063796669244766249 0.083295159041881575 0.020038043148815635 0.017991398461163047 0.014620225410908462 0.037503559142351157 0.003125645220279694 0.25275196135044103 0.0043036630377173432 0.0033501524012535815 -0.11613047868013381 0.30568277835845953 0.019508228637278083
decision_type=2 2 2 2 2 2 2 2 2 2 2 2 2 2 2 2 2 2 2 2 2 2 2 2 2 2 2 2 2 2
left_child=5 15 3 4 13 6 -1 8 21 -5 -11 -10 -7 14 -3 16 -2 18 20 -20 28 -8 -4 -17 -23 -19 -15 -27 -14 -28
right_child=1 2 22 9 -6 12 7 -9 11 10 -12 -13 17 26 -16 23 -18 25 19 -21 -22 24 -24 -25 -26 27 29 -29 -30 -31
leaf_value=-0.02995231407987195 -0.036108863892676618 0.012959471483076527 -0.010897223123319668 0.044378511338613855 0.022011790469808064 -0.0029310993409830711 0.017683822410570336 -0.028865171183400942 0.012742778415736164 -0.022810278443923762 0.023877931947311751 -0.030181703682408925 0.038698373134269881 -0.020967254357124279 -0.038929643065414229 -0.035177741384249124 0.034231785605813671 0.05350714517333921 -0.016258350527644051 0.021380475981459507 0.014029027954415175 0.030841253868701943 -0.037083890386241339 0.00013373396968214372 0.054029459254992709 0.030844584441557604 -0.036210128131829708 0.039406239602283788 0.046010551242737348 -0.044399340548800723
leaf_weight=4.8779823146760455 2.4928174316883078 6.9647054709494167 3.2007894888520232 5.3402578532695797 6.2892969697713843 7.3030812181532374 7.1635286509990754 4.588203400373458 7.2402969375252706 5.3974021151661855 7.5931071192026138 5.3573115691542625 8.82761955261231 2.540800377726554 3.9427042081952095 30.963638346642256 2.5100186802446842 3.4535053744912139 6.8950532153248769 5.2874021530151367 6.9395439848303786 4.888763412833212 8.5291320569813234 1.1575383841991413 3.9912317916750908 3.612217664718627 5.0311796888709051 7.2096169441938391 3.8430680781602851 3.5494187325239182
leaf_count=35 29 33 24 18 24 38 37 13 28 30 30 21 49 14 27 497 14 13 30 30 36 25 88 14 16 22 55 43 16 14
internal_value=-0.000782065 -0.0153607 -0.00640343 -0.000485573 -0.0112238 0.0144379 0.00380821 0.00876417 0.0147923 0.0161032 0.00447954 -0.00551147 0.0220276 -0.0207126 -0.0057969 -0.0294463 -0.000817613 0.0259843 0.0193987 7.75691e-05 0.0314015 0.030735 -0.0299382 -0.0339052 0.0412635 0.0406511 -0.0353413 0.0365484 0.0409162 -0.0395976
internal_weight=186.981 95.5028 58.3788 46.6489 28.3181 91.4784 38.1073 33.2293 28.6411 18.3308 12.9905 12.5976 53.3711 22.0288 10.9074 37.124 5.00284 46.068 31.7927 12.1825 19.6102 16.0435 11.7299 32.1212 8.88 14.2753 11.1214 10.8218 12.6707 8.5806
internal_count=1363 911 357 245 167 452 175 140 127 78 60 49 277 143 60 554 43 239 161 60 101 78 112 511 41 78 83 65 65 69
is_linear=0
shrinkage=0.05


Tree=104
num_leaves=31
num_cat=0
split_feature=68 9 48 68 10 15 92 50 41 0 0 64 32 19 3 105 102 129 47 92 94 106 51 104 55 7 18 0 34 68
split_gain=19.5262 3.90825 3.90657 4.45123 3.80898 2.44646 2.12466 3.20762 2.78547 2.78457 2.02481 2.76542 2.64745 6.50923 2.55459 1.66795 1.60142 1.35906 2.36842 0.888016 0.497667 0.451989 0.206159 0.203197 0.177025 0.0114542 0.0075095 0.00177705 0.000820171 0.000744939
threshold=0.022793401032686237 0.040278268977999694 3.193116426467896 0.025182599201798442 0.010639644227921964 -0.13327695429325101 0.57760959863662731 0.013756055384874346 0.0081852339208126085 0.055901421234011657 0.036422198638319976 0.52831771969795238 0.036792030557990081 0.017818933352828029 0.003935042768716813 0.0084910579025745409 0.044032419100403793 0.097931921482086196 0.84023064374923717 0.70355200767517101 0.17386324703693393 0.050191540271043784 0.026274546049535278 0.05889235436916352 2.7648731470108037 4.2818799018859872 0.017123711295425895 0.0097145969048142451 0.74817654490470897 0.017952208407223228
decision_type=2 2 2 2 2 2 2 2 2 2 2 2 2 2 2 2 2 2 2 2 2 2 2 2 2 2 2 2 2 2
left_child=6 2 16 -4 -5 -6 9 8 -8 21 11 -3 13 20 -15 19 -2 22 -19 25 -13 27 24 -20 -14 29 -18 -1 -28 -9
right_child=1 10 3 4 5 -7 7 15 -10 -11 -12 12 17 14 -16 -17 26 18 23 -21 -22 -23 -24 -25 -26 -27 28 -29 -30 -31
leaf_value=-0.034283218743233569 0.0026079348324598794 0.056799980916211801 0.05389400717893137 -0.027448722978632295 0.032007196559555251 -0.0054630145543616863 -0.010027318232409531 -0.035116970515958863 0.075143227962670922 0.022513427359855433 -0.006182987645019072 0.021896709988111898 0.05034865977024329 -0.040563858329038915 0.0036043524018485847 0.012023187620996911 -0.039185351221037168 -0.0027549069700794839 0.042063484385553594 -0.0012694407647378732 0.04242515379467944 -0.0004882992112236862 0.03137813470246148 0.026961066067382983 0.037742220005635825 -0.039579706995366892 -0.036104618519527225 -0.035021678016185852 -0.034793556812687088 -0.03641360446704317
leaf_weight=14.84039245918393 3.9461456350982171 5.7029353864490977 5.0356961712241199 7.5012220069766071 9.6564844064414554 7.9363891333341554 1.9654325582087069 2.0837118886411172 1.8765269145369528 2.3575445041060439 6.2773514911532393 4.8473725691437739 5.6361651420593279 5.8846161738038045 7.3785319030284882 3.0739182345569125 2.1248898394405842 6.763656139373782 5.648275211453436 2.1344623416662207 7.5519091188907623 0.99529210105538268 4.4396210610866538 3.6772416234016418 5.5045015513896942 3.6703385189175606 3.7021002508699894 18.062157399952412 1.7599823847413061 2.364897832274437
leaf_count=377 27 21 19 36 34 27 32 32 8 12 32 21 20 22 29 14 15 25 25 11 33 12 23 19 28 22 39 294 31 23
internal_value=0.00166695 0.013623 0.00152037 0.0109929 0.00238388 0.0151039 -0.0231684 -0.00867887 0.0315725 -0.0300301 0.0208977 0.0235946 0.0202915 0.00835558 -0.0159923 -0.0202824 -0.0232263 0.0299635 0.0197708 -0.0299675 0.0343998 -0.0336844 0.0404891 0.0361083 0.0441199 -0.0375121 -0.0366633 -0.0346886 -0.0356822 -0.0358063
internal_weight=164.4 110.975 41.6629 30.1298 25.0941 17.5929 53.4247 17.1693 3.84196 36.2554 69.3122 63.0348 57.3319 25.6624 13.2631 13.3273 11.5331 31.6695 16.0892 10.2534 12.3993 33.8978 15.5803 9.32552 11.1407 8.11895 7.58697 32.9025 5.46208 4.44861
internal_count=1363 526 228 116 97 61 837 142 40 695 298 266 245 105 51 102 112 140 69 88 54 683 71 44 48 77 85 671 70 55
is_linear=0
shrinkage=0.05


Tree=105
num_leaves=31
num_cat=0
split_feature=0 0 93 33 4 55 0 29 71 39 77 115 44 97 124 130 25 74 25 33 48 124 35 34 44 108 109 35 9 4
split_gain=22.5055 5.01508 3.89035 3.41939 2.69475 3.95222 2.24604 2.18079 2.13762 3.74683 2.58234 2.40062 2.60683 2.77597 2.10564 1.97105 1.90075 2.973 1.73755 1.58647 1.53321 1.49557 1.1743 1.09063 0.882823 0.844831 0.39707 0.339708 0.154034 0.0203074
threshold=0.011098390910774471 0.017798197455704216 0.08697798848152162 0.013361783698201181 -0.026684483513236042 2.6029773950576787 0.0092785228043794649 0.93981224298477184 0.24022635817527774 0.068149846047163024 0.027273166924715046 0.087761484086513533 0.0020723849302157764 0.15246304869651797 0.26568438112735754 0.9590551257133485 0.0050488470587879428 -0.14195977896451947 0.0032793348655104641 0.0075033220928162345 3.2904140949249272 0.27589794993400579 0.062606833875179305 0.44994056224823004 0.0016991510055959227 0.0062530504073947677 0.012731014750897886 0.16831681132316592 0.052010703831911094 -0.1375804394483566
decision_type=2 2 2 2 2 2 2 2 2 2 2 2 2 2 2 2 2 2 2 2 2 2 2 2 2 2 2 2 2 2
left_child=6 2 16 4 7 -6 22 20 9 10 11 28 15 -14 19 23 17 18 -2 -8 -4 26 -1 29 -9 27 -10 -12 -3 -13
right_child=1 8 3 -5 5 -7 14 24 21 -11 25 12 13 -15 -16 -17 -18 -19 -20 -21 -22 -23 -24 -25 -26 -27 -28 -29 -30 -31
leaf_value=0.035784635730836865 -0.032261701546115219 -0.041483356376770614 0.018786191719234083 0.041304043448743721 0.021825954318649053 -0.036571463174306068 0.00045222307332579636 0.013259484881667484 -0.037618904561588423 0.023664214758651284 -0.037422353623158856 -0.037260368841386476 0.034493539813006478 -0.010341209589754725 -0.0074248960779225472 0.014892604473249103 -0.035896662772482497 0.024051672112963648 0.0024485900980808638 0.038455969852671551 -0.019675209298501681 -0.0039258585935352088 -0.0046455261798754189 -0.0054130126637432045 0.041287668154298456 -0.0039063553299672404 -0.01526180829208746 -0.017778292085693762 -0.026195403967033778 -0.042698348126305768
leaf_weight=35.401137158274651 8.9514637142419833 4.0309097394347182 4.6402390450239199 7.0834314823150626 4.552026264369486 7.9702894315123558 4.1154317483305958 5.0370814651250821 19.647769011557109 6.2848663404583922 15.793530642986303 3.3877370133995983 7.2751787155866605 6.5704489499330521 7.7522791698575011 3.5017907395958892 7.5318095684051505 5.7341444492340097 6.0370911806821832 8.253396697342394 5.8677497804164886 4.5765073820948592 1.8919967189431179 3.4064722880721092 6.3527596965432167 2.5378614366054526 2.2093000933527938 2.5571530759334555 2.7866534292697906 3.4807105883956
leaf_count=406 38 22 19 26 19 26 19 19 160 25 121 25 33 31 38 15 31 21 23 59 21 28 13 16 26 14 19 21 20 17
internal_value=-0.000336101 -0.0100888 -7.47393e-05 0.00966771 0.00315717 -0.0153432 0.0264694 0.0137367 -0.0180227 -0.0129198 -0.0170754 -0.00866293 -0.00210471 0.0132172 0.0130059 -0.0175033 -0.0143856 -0.00656726 -0.0182811 0.0258111 -0.00269098 -0.029917 0.0337335 -0.0285441 0.0288924 -0.0309455 -0.0353591 -0.034685 -0.0352345 -0.0400162
internal_weight=215.219 157.805 69.7581 41.5036 34.4201 12.5223 57.4142 21.8978 88.0469 61.6133 55.3284 34.4399 27.6223 13.8456 20.1211 13.7767 28.2545 20.7227 14.9886 12.3688 10.508 26.4336 37.2931 10.2749 11.3898 20.8885 21.8571 18.3507 6.81756 6.86845
internal_count=1371 836 269 156 130 45 535 85 567 360 335 179 137 64 116 73 113 82 61 78 40 207 419 58 45 156 179 142 42 42
is_linear=0
shrinkage=0.05


Tree=106
num_leaves=31
num_cat=0
split_feature=61 32 121 114 2 16 18 65 83 18 47 23 4 74 56 74 107 26 74 129 123 22 64 62 60 25 123 126 47 62
split_gain=15.4211 6.35447 3.39012 3.36379 2.84195 2.78488 3.31425 6.01085 2.74625 2.52405 2.87391 2.64948 2.58968 2.7172 2.33047 2.26045 2.25014 2.19705 3.0222 2.03625 1.12021 1.01231 0.788898 0.639149 1.78725 0.476253 0.336537 0.251281 0.106179 0.059163
threshold=0.0034296839730814104 0.040040852501988418 0.28726223111152654 0.078464437276124968 0.004400388104841114 0.017817711457610134 0.03016054350882769 0.83565759658813488 0.06676370278000833 0.016714574769139293 0.80081477761268627 0.0029326303629204635 0.016182028688490394 -0.023285504430532452 -0.27047373354434961 -0.41045285761356348 0.016561169177293781 0.0069254911504685887 -0.21412688493728635 0.096497654914855971 0.097425773739814772 0.027352689765393737 0.23951906710863116 0.0018600389012135567 0.0022183046676218514 0.0047239982523024091 0.073505185544490828 0.0053194360807538041 0.82099229097366344 0.0069787064567208299
decision_type=2 2 2 2 2 2 2 2 2 2 2 2 2 2 2 2 2 2 2 2 2 2 2 2 2 2 2 2 2 2
left_child=4 5 -3 14 15 6 9 20 21 10 -2 -11 13 17 16 -1 -4 18 19 -13 -8 -7 27 24 -17 -25 -18 -23 -16 -29
right_child=1 2 3 -5 -6 8 7 -9 -10 11 -12 12 -14 -15 28 23 26 -19 -20 -21 -22 22 -24 25 -26 -27 -28 29 -30 -31
leaf_value=0.010862086384128963 0.015241859805227199 0.031330268999383071 0.025042468485680133 0.024414600769855951 0.014205675738377943 0.0058685587857090424 -0.01710277094358871 0.035469231122429994 -0.00033836759679767769 0.048436998607934365 -0.03880584381207302 0.0026254213031172476 0.044554028380794544 -0.02826378762181446 -0.049127594634381995 -0.034685034472528409 -0.036251657474910222 0.038034415790427913 -0.020229084267126315 0.044850692819458624 -0.048510535693237503 0.025622433018172849 0.012702413134750807 -0.035428988470941981 0.040015875206127788 -0.016102954009036798 -0.010259236875308235 0.045535875304378415 -0.039223948210332121 0.038327138283525131
leaf_weight=3.3918419107794753 5.4397330060601217 3.6801565289497402 3.1514342874288612 3.58310493081808 4.2997534051537505 3.5969906523823765 5.9646073617041129 4.6395851857960215 9.0816235840320569 6.4061481654644004 4.4894667193293571 6.5927313342690486 5.6672449186444274 4.469936944544318 4.4042603522539121 2.6428471952676769 3.7863541580736637 6.9319319874048224 7.2448946051299599 5.03614292293787 5.4176493100821972 3.860751233994967 3.7541863918304434 33.709535714238882 1.1487472802400587 3.5207591988146296 1.855622313916683 3.4145913273096111 7.0203138031065464 17.099997326731682
leaf_count=22 23 13 12 16 27 19 30 23 32 26 38 30 24 20 17 52 38 31 32 20 25 27 22 520 9 32 19 14 50 108
internal_value=-0.000455512 0.00815844 -0.0133303 -0.0202358 -0.0246085 0.0135709 0.00739627 -0.0124993 0.0239052 0.0134937 -0.0091957 0.0188135 0.0135337 0.00772701 -0.0281489 -0.0283661 -0.00879968 0.0139612 0.00511957 0.020912 -0.032052 0.0308448 0.0340386 -0.0316097 -0.0120527 -0.0336014 -0.0277029 0.0373247 -0.0430419 0.039527
internal_weight=185.303 136.589 27.4812 23.8011 48.7135 109.108 68.3001 16.0218 40.8081 52.2782 9.9292 42.349 35.9429 30.2756 20.218 44.4137 8.79341 25.8057 18.8738 11.6289 11.3823 31.7265 28.1295 41.0219 3.79159 37.2303 5.64198 24.3753 11.4246 20.5146
internal_count=1371 709 165 152 662 544 322 78 222 244 61 183 157 133 136 635 69 113 82 50 55 190 171 613 61 552 57 149 67 122
is_linear=0
shrinkage=0.05


Tree=107
num_leaves=31
num_cat=0
split_feature=68 10 95 15 38 1 95 46 31 10 108 62 71 92 58 31 37 74 24 87 77 42 34 28 0 98 1 7 0 77
split_gain=18.4024 4.42618 4.25088 3.71547 3.49891 2.62748 2.61206 2.32016 4.06282 4.53392 2.61545 3.13259 2.56942 2.19661 2.1204 1.70165 2.82074 1.58878 1.54616 1.09608 2.60012 1.04122 0.810551 1.3307 0.0741975 0.0740956 0.0196049 0.0065995 0.00161049 0.000947963
threshold=0.021573975682258609 0.014455114025622608 0.99621400237083446 -0.13327695429325101 -0.18989472091197965 0.081375382840633406 1.0581051111221316 0.77043896913528453 0.38433708250522619 0.018586721271276477 0.0023772128624841575 0.0045701214112341413 0.24568489193916324 0.57760959863662731 0.66315418481826793 0.45325842499732977 2.3883414268493657 -0.31765265762805933 0.0057094553485512742 0.00082125572953373205 0.026774263940751556 0.0049501548055559405 0.54907718300819408 0.41812129318714147 0.020964942872524265 3.2297818660736088 0.0090166288428008574 3.9290770292282109 0.0097145969048142451 0.046787796542048461
decision_type=2 2 2 2 2 2 2 2 2 2 2 2 2 2 2 2 2 2 2 2 2 2 2 2 2 2 2 2 2 2
left_child=5 2 3 4 17 13 -4 10 9 -9 -3 -12 19 28 -6 16 21 -2 -11 24 -21 27 25 -24 -10 -5 -26 -15 -1 -30
right_child=1 7 6 22 14 -7 -8 8 12 18 11 -13 -14 15 -16 -17 -18 -19 -20 20 -22 -23 23 -25 26 -27 -28 -29 29 -31
leaf_value=-0.034231911317284106 0.0068596699962393225 0.061834308227584858 0.04271326872815509 -0.038014654079829846 0.0037389966589187716 0.030171601236503288 0.002249897844517893 -0.033963658259524486 0.044957312335956671 0.034211933221577485 0.047399045362742684 -0.0075592446091572374 -0.011035551692117127 -0.035232541299722496 0.051009893095378712 -0.038345594065993402 0.029566284652847198 -0.041013407624837475 -0.0021390289817539527 -0.0055728639834210537 0.040157978284383722 0.0092697430968963646 -0.03524755773663079 0.025212528564428616 0.039295255309919203 -0.047802153172207699 0.034612888633160026 -0.039299444139604761 -0.034813659152234534 -0.035973922703824726
leaf_weight=14.439326737076046 2.8068387880921364 6.263122811913493 7.2749218791723278 4.5949054844677431 5.8460682183504122 2.0778755396604529 8.8285553753375989 7.4260138273239162 5.38135194778443 5.834602475166319 5.3825307935476285 5.0027564391493797 4.1387160047888747 2.3795471973717195 3.9923938699066639 4.1011425405740729 4.4803762100636959 4.5303801111876991 5.8665097653865814 5.490245580673216 7.164163812994957 1.7356586307287214 2.6707942970097065 1.3804977387189863 6.3687872588634473 3.3387765660881996 3.4445748031139374 1.7175220698118208 15.465057183057072 1.9865624532103527
leaf_count=389 12 19 24 38 33 9 29 30 22 25 20 26 17 35 16 37 33 32 22 22 38 15 42 11 34 13 20 11 275 22
internal_value=0.000971083 0.0120168 -8.94941e-05 -0.0114761 0.00343263 -0.0248329 0.0205297 0.0201036 0.0148234 -0.00340617 0.0363149 0.0209248 0.0257238 -0.0273011 0.0229213 -0.0111028 -0.000269363 -0.0226997 0.0159869 0.0311867 0.0203172 -0.0231874 -0.0328418 -0.0146455 0.0402391 -0.0421336 0.0376517 -0.0369374 -0.0346225 -0.0349457
internal_weight=161.411 113.028 45.2641 29.1607 17.1757 48.3831 16.1035 67.7634 51.115 19.1271 16.6484 10.3853 31.9878 46.3052 9.83846 14.4142 10.3131 7.33722 11.7011 27.8491 12.6544 5.83273 11.985 4.05129 15.1947 7.93368 9.81336 4.09707 31.8909 17.4516
internal_count=1371 545 250 197 93 826 53 295 230 77 65 46 153 817 49 131 94 44 47 136 60 61 104 53 76 51 54 46 686 297
is_linear=0
shrinkage=0.05


Tree=108
num_leaves=31
num_cat=0
split_feature=59 42 18 19 93 6 95 28 127 90 114 91 44 129 123 23 59 93 50 124 87 70 90 78 63 92 26 15 5 43
split_gain=19.4353 4.91 4.39492 3.9544 2.95224 2.87544 2.58179 2.5169 2.68216 2.77853 2.4983 2.22701 2.21523 2.14885 1.99893 2.15653 1.62887 1.61083 1.44746 2.0988 3.04122 1.27947 1.18501 1.12495 1.04917 2.07336 1.1921 0.947498 0.488625 0.510585
threshold=0.0072306965012103328 0.0086878570728003996 0.028148368000984195 0.019264219328761104 0.10187094286084176 0.83738514780998241 1.3719584941864016 0.75940749049186718 0.003507965244352818 0.095599275082349791 0.065582383424043669 0.060555219650268562 0.0023717540316283707 0.33053664863109594 0.067185640335083022 0.0028080904157832269 0.0097351591102778929 0.18470481783151629 0.035519976168870933 0.14142662286758426 0.0019344455213285985 0.39422456920146948 0.1763778626918793 0.01689879130572081 -0.54273474216461171 0.79360145330429088 0.080628175288438811 -0.19360946863889691 0.0400476772338152 0.00073816769872792076
decision_type=2 2 2 2 2 2 2 2 2 2 2 2 2 2 2 2 2 2 2 2 2 2 2 2 2 2 2 2 2 2
left_child=5 2 3 6 21 -1 7 8 9 -2 13 -3 16 22 15 -11 -6 24 19 -5 -21 -4 -9 -14 25 -13 -26 -12 -7 -30
right_child=1 11 4 18 12 28 -8 10 -10 14 27 17 23 -15 -16 -17 -18 -19 -20 20 -22 -23 -24 -25 26 -27 -28 -29 29 -31
leaf_value=-0.015274060986466312 -0.013291148909011941 0.010793588879610062 -0.024847475623773919 -0.039553113630249014 0.026200910531908667 0.0075348870458433297 0.03250524767316966 -0.0041922101435796309 -0.024654265101690775 -0.017804044105265527 -0.05080087233566527 0.020261089891632573 0.057080330649651817 0.020646586019468265 0.042235122364228543 0.02783588132745219 -0.013614269893977135 0.01004773980474662 -0.036352389759936932 0.023955409361309701 -0.027014737948732017 0.011735769260769763 -0.043894819662190804 0.023176063331244352 -0.035435468557023966 -0.037053194321544913 -0.0069772771869407377 -0.020217371600421852 0.0089881162750953016 0.03635110436841129
leaf_weight=3.2284961417317382 7.571907237172133 4.7261309772729865 5.4289321452379244 5.4211144223809304 5.8507027626037615 1.6891724541783322 5.2878067493438712 4.9307194650173205 6.1120013892650595 4.4553835466504115 4.9514860436320305 3.0405498445034018 5.4142174497246724 5.8168812692165375 7.6419911533594123 6.1760884374380112 4.5794409215450287 2.9749147593975058 12.228191837668417 5.7640521824359876 5.9449414610862732 4.2697751745581627 3.0370466560125351 4.4637157171964645 28.353896915912628 3.2802956998348236 4.2287394702434531 5.1837061122059804 1.7912133261561383 35.350196301937103
leaf_count=16 32 25 20 21 31 9 28 25 27 20 20 17 20 26 34 27 18 21 83 21 28 20 16 21 246 26 20 23 18 412
internal_value=-0.000314853 -0.00796004 -0.00263107 -0.00812809 0.0139521 0.0300657 -0.000888 -0.00404809 0.00513269 0.0121768 -0.0163138 -0.021742 0.0247904 -0.00245799 0.0227299 0.00870933 0.00871973 -0.0254138 -0.0232121 -0.0138319 -0.00192338 -0.00874201 -0.0193255 0.0417594 -0.0281255 -0.009483 -0.031742 -0.0351588 0.0338353 0.0350315
internal_weight=209.194 167.135 120.53 90.5233 30.0068 42.0591 61.165 55.8772 31.9574 25.8454 23.9198 46.6045 20.3081 13.7846 18.2735 10.6315 10.4301 41.8784 29.3583 17.1301 11.709 9.69871 7.96777 9.87793 38.9035 6.32085 32.5826 10.1352 38.8306 37.1414
internal_count=1371 916 561 431 130 455 278 250 140 113 110 355 90 67 81 47 49 330 153 70 49 40 41 41 309 43 266 43 439 430
is_linear=0
shrinkage=0.05


Tree=109
num_leaves=31
num_cat=0
split_feature=61 32 121 114 2 16 18 65 83 18 47 23 4 74 28 71 122 56 74 107 123 108 109 62 60 123 82 44 108 47
split_gain=14.308 5.79942 3.11684 3.13288 2.70152 2.57658 3.06365 5.54601 2.62905 2.37958 2.69595 2.47783 2.42204 2.48475 2.56243 2.77275 2.62433 2.24194 2.1989 2.09773 1.09034 0.989324 3.52894 0.639976 1.77991 0.34079 0.329581 0.793956 0.282858 0.088248
threshold=0.0034296839730814104 0.040040852501988418 0.28726223111152654 0.078464437276124968 0.004400388104841114 0.017817711457610134 0.03016054350882769 0.83565759658813488 0.06676370278000833 0.016714574769139293 0.80081477761268627 0.0029326303629204635 0.016182028688490394 -0.023285504430532452 0.55388644337654125 0.25851196050643926 -0.20942316204309461 -0.27047373354434961 -0.41045285761356348 0.016561169177293781 0.097425773739814772 0.0019505704985931518 0.0039746661204844722 0.0018600389012135567 0.002260406501591206 0.073505185544490828 0.0068190647289156922 0.0019607498543336992 0.0057805706746876248 0.82099229097366344
decision_type=2 2 2 2 2 2 2 2 2 2 2 2 2 2 2 2 2 2 2 2 2 2 2 2 2 2 2 2 2 2
left_child=4 5 -3 17 18 6 9 20 21 10 -2 -11 13 14 -13 16 -16 19 -1 -4 -8 22 -7 24 -20 -21 -25 -28 -23 -19
right_child=1 2 3 -5 -6 8 7 -9 -10 11 -12 12 -14 -15 15 -17 -18 29 23 25 -22 28 -24 26 -26 -27 27 -29 -30 -31
leaf_value=0.010607600979754238 0.014339097772761038 0.030026091616132195 0.02406978498817261 0.023442008628538201 0.013591296553484671 0.040900520589813867 -0.016393900789337338 0.033924878968041132 -0.00044078042890787617 0.047113566226258334 -0.038632796252284114 0.039246137835313395 0.043222795017150956 -0.027299744036029739 0.0078811686552624043 0.023593871052960871 -0.045308803573827723 -0.048132816126604694 -0.0346126309294639 -0.036111796703123394 -0.047727564234739867 0.038437720871431443 -0.02351947778598508 -0.03529802613588514 0.041087619447219975 -0.0095151274430252692 -0.036648146620210126 0.0065264361010107172 0.021953736246011643 -0.038936036494779912
leaf_weight=3.3875519856810561 5.4078199267387372 3.6503527611494091 3.1492762342095428 3.5609343349933615 4.290406670421361 5.5841906145215052 5.8637085743248445 4.6213712804019442 9.0302831977605802 6.3186528235673896 4.3212635666131973 6.9762095361948004 5.6205742731690398 4.3893036767840448 5.331261333078146 8.948835112154482 4.1042661145329493 4.2673418298363668 2.5403561480343337 3.6119961105287075 5.2731867358088493 18.440611407160763 3.4327393397688866 30.870360925793648 1.1183479614555834 1.8069140762090681 2.9295771010220042 1.6728806905448435 3.0300910994410506 6.7096174880862236
leaf_count=22 23 13 12 16 27 33 30 23 32 26 38 31 24 20 25 38 19 17 53 38 25 120 17 505 8 19 36 11 20 50
internal_value=-0.000437428 0.00790546 -0.0129087 -0.0196916 -0.0242225 0.0131252 0.00716565 -0.0121223 0.0232557 0.0130769 -0.00918887 0.0182731 0.013121 0.00743389 0.0134454 0.003655 -0.0152554 -0.0275501 -0.0280381 -0.0083829 -0.03123 0.0302745 0.0163759 -0.0313836 -0.0114735 -0.0272432 -0.0334371 -0.0209552 0.0361114 -0.0425113
internal_weight=180.26 133.451 26.7564 23.1061 46.8095 106.694 67.1765 15.7583 39.5179 51.4182 9.72908 41.6891 35.3705 29.7499 25.3606 18.3844 9.43553 19.5451 42.5191 8.56819 11.1369 30.4876 9.01693 39.1315 3.6587 5.41891 35.4728 4.60246 21.4707 10.977
internal_count=1371 709 165 152 662 544 322 78 222 244 61 183 157 133 113 82 44 136 635 69 55 190 50 613 61 57 552 47 140 67
is_linear=0
shrinkage=0.05


Tree=110
num_leaves=31
num_cat=0
split_feature=68 10 95 15 38 1 130 92 46 30 10 71 108 67 45 24 30 43 28 37 5 90 30 28 38 52 77 8 59 26
split_gain=16.9503 4.08196 3.93244 3.4995 3.26861 2.52961 2.52953 2.1838 2.14834 3.76191 4.18665 2.42997 2.4151 2.71533 1.92655 1.78622 1.64573 3.23848 2.1608 1.07489 2.10143 0.970972 0.794552 1.2672 0.266224 0.064506 0.0370368 0.0189169 0.00148962 0.00106337
threshold=0.021573975682258609 0.014455114025622608 0.99621400237083446 -0.13327695429325101 -0.18989472091197965 0.081375382840633406 0.95547667145729076 0.57760959863662731 0.77043896913528453 2.2485268115997319 0.018586721271276477 0.24568489193916324 0.0023772128624841575 0.38042853772640234 -0.20253230631351468 0.0057444579433649787 2.6580330133438115 0.0013851393014192583 0.61641496419906627 3.2931404113769536 0.83339345455169689 0.11950337141752244 1.8233956694602969 0.41812129318714147 -0.13586139678955075 0.24439156800508502 0.020795525051653389 0.61474189162254345 0.050115529447793968 0.0030358314979821448
decision_type=2 2 2 2 2 2 2 2 2 2 2 2 2 2 2 2 2 2 2 2 2 2 2 2 2 2 2 2 2 2
left_child=5 2 3 4 21 7 -4 28 12 10 -10 19 -3 -14 -6 -12 17 -9 -19 24 -21 -2 23 -5 26 -24 -11 -20 -1 -28
right_child=1 8 6 22 14 -7 -8 16 9 11 15 -13 13 -15 -16 -17 -18 18 27 20 -22 -23 25 -25 -26 -27 29 -29 -30 -31
leaf_value=-0.03450128322010667 -0.0016520421053052511 0.059831975066661713 0.036510274657864224 -0.035152576819064543 0.0036143005877871111 0.029163970772069631 -0.0038929478630730569 0.039917490404608839 -0.032959446046507128 0.044245277402227196 0.034022071896339948 -0.010783971917728908 -0.0058868268389091821 0.045810077399192441 0.048699118330743398 -0.0054707680273035509 -0.038224837270666029 0.02497540122775976 -0.035219039449474146 -0.0089698539927117894 0.039880659150561132 -0.038614653438559854 -0.047124488952099038 0.024117806289021708 0.025306885851705131 -0.03783944453368876 0.039453476253649339 -0.041633094211789103 -0.036581426695994547 0.038386421337121994
leaf_weight=29.328111995011572 3.1747209578752544 6.1777285635471371 9.3426249176263791 2.5423205755651019 5.8087859414517888 2.1014765948057166 6.6180589050054541 3.3749521225690824 7.3044792190194157 4.5694825500249925 6.088682755827902 4.1132559850811949 5.0356953777372819 5.1250999420881271 4.0020283162593815 5.4045168459415436 3.9284586608409873 1.9183476641774175 3.0341475568711758 4.2759115397930128 4.5378289073705673 4.0348097793757915 3.2334147319197655 1.3975171260535715 3.5893582552671459 4.4379806071519852 3.8048937618732435 1.8507265597581861 0.88667213171720405 6.0430316776037216
leaf_count=678 21 19 31 42 33 9 22 25 30 20 27 17 26 20 16 20 37 12 47 19 24 23 13 11 17 38 20 10 8 36
internal_value=0.000921259 0.0115592 -0.000129784 -0.0112158 0.00322217 -0.0244373 0.0197572 -0.0269788 0.0194484 0.0142805 -0.00336046 0.0250005 0.0351784 0.0201891 0.0220053 0.0154511 -0.0107357 -0.000125771 -0.0199905 0.0304885 0.0161812 -0.0223381 -0.0323797 -0.0141285 0.0374915 -0.041753 0.0405249 -0.0376491 -0.0345623 0.0387987
internal_weight=157.085 110.662 44.5923 28.6316 17.0203 46.4229 15.9607 44.3214 66.07 49.7314 18.7977 30.9338 16.3385 10.1608 9.81081 11.4932 14.1066 10.1782 6.80322 26.8205 8.81374 7.20953 11.6112 3.93984 18.0068 7.6714 14.4174 4.88487 30.2148 9.84793
internal_count=1371 545 250 197 93 826 53 817 295 230 77 153 65 46 49 47 131 94 69 136 43 44 104 53 93 51 76 57 686 56
is_linear=0
shrinkage=0.05


Tree=111
num_leaves=31
num_cat=0
split_feature=77 41 57 14 6 74 1 55 91 55 1 69 41 116 123 27 71 37 120 71 112 123 23 99 65 120 10 57 44 38
split_gain=15.457 6.15729 3.20008 3.57099 2.84763 3.27285 2.51393 4.36675 2.47578 2.39171 4.72128 2.1466 4.22532 3.1092 3.1212 2.57816 1.67104 1.63165 1.45149 1.43941 1.82298 0.921579 1.09272 0.797489 1.65709 0.773664 0.693212 0.940247 0.630658 1.39875
threshold=0.0094557772390544432 0.017885171808302406 0.0016036276356317105 4.7977087497711191 0.81749173998832714 -0.30976034700870508 0.027217596769332889 1.8613101840019228 0.060555219650268562 2.316204428672791 0.0085671860724687594 0.0073938013520091781 0.014964959584176542 0.026395205408334736 0.056475916877388961 0.021077763289213184 0.065230417996644988 3.561930894851685 0.41412387788295751 0.10395166277885438 0.20498757064342502 0.12929297238588336 0.0023430975852534179 0.046313049271702773 0.72083964943885814 0.16024843603372577 0.024653916247189048 0.0038124097045511012 0.0010264333104714753 -0.10677705332636832
decision_type=2 2 2 2 2 2 2 2 2 2 2 2 2 2 2 2 2 2 2 2 2 2 2 2 2 2 2 2 2 2
left_child=28 4 3 -3 9 -6 7 -7 -4 10 -2 15 13 -13 -15 18 -14 -5 -9 20 -20 22 -10 24 -24 -12 -25 -28 29 -1
right_child=1 2 8 17 5 6 -8 11 21 -11 25 12 16 14 -16 -17 -18 -19 19 -21 -22 -23 23 26 -26 -27 27 -29 -30 -31
leaf_value=0.035281704419366233 0.027757880664307566 0.038984339020414711 0.01190028000919343 -0.034551927648438077 -0.028314709581636968 0.046024859910086022 -0.026831763005870687 0.0010203731207693654 -0.0054088607414603078 -0.043629881922834901 -0.010271504684834055 -0.039653072368013832 0.041762285674351779 -0.026935314351255207 0.020563351582529966 -0.025092373413848585 0.0036131929270014442 0.01072944655375814 0.039025468404776692 0.040116472299758635 -0.0027675327393612802 -0.0025278522208103974 -0.037425926725973196 -0.036321894565380979 0.016716783819662708 -0.040696309078539723 -0.036129300045625222 0.0095599410266222554 0.035516740137191631 -0.024904247285691697
leaf_weight=2.8457024991512299 6.3757826015353229 4.7515826895833007 4.6115424409508696 4.7362517118453962 6.5876768454909316 7.8030932098627082 4.7600839808583251 7.0846548601985004 4.6775462329387656 5.441667988896369 3.4339518994092924 8.1616089195013064 5.609118700027464 6.2885540723800641 7.6854346096515656 3.4525353312492362 5.8792717307806015 3.4302856773138046 4.4008801802992839 10.698504239320753 6.4092065170407295 3.7437125220894805 3.2097688168287268 31.276818349957466 2.5248575881123543 5.3367458283901215 2.4845382422208777 2.0594009160995483 26.095456026494503 1.4609707519412065
leaf_count=38 25 16 24 28 27 36 30 39 27 23 25 28 17 25 31 14 24 16 28 68 33 23 28 262 14 31 24 16 337 14
internal_value=-0.000287162 -0.00606788 -0.0178579 0.00452045 0.00148274 0.00553158 0.00838164 0.010663 -0.0231537 -0.015198 -0.0049833 0.0064612 -0.00236397 -0.015133 -0.000811929 0.015721 0.0222392 -0.0155319 0.0206491 0.0271145 0.0142468 -0.0263882 -0.0283203 -0.0308993 -0.0135878 -0.0287842 -0.0336707 -0.0154221 0.0325912 0.0148646
internal_weight=203.317 172.915 67.5063 12.9181 105.409 84.8206 78.2329 73.4729 54.5882 20.5881 15.1465 65.6698 33.624 22.1356 13.974 32.0458 11.4884 8.16654 28.5932 21.5086 10.8101 49.9766 46.2329 41.5554 5.73463 8.7707 35.8208 4.54394 30.4021 4.30667
internal_count=1371 982 478 60 504 400 373 343 418 104 81 307 125 84 56 182 41 44 168 129 61 394 371 344 42 56 302 40 389 52
is_linear=0
shrinkage=0.05


Tree=112
num_leaves=31
num_cat=0
split_feature=16 70 59 59 26 50 24 18 28 18 82 60 60 104 83 97 38 7 28 94 41 122 28 124 71 96 112 105 98 43
split_gain=12.7853 4.78098 3.08507 3.64383 3.42565 3.03791 5.02568 2.76954 4.74369 2.93717 2.47803 2.36309 2.90435 2.35124 2.33371 2.11657 2.01414 1.80881 1.47347 1.27969 1.18159 1.17707 0.89905 0.843681 0.546597 0.491865 0.393194 0.290071 0.116365 0.0896699
threshold=0.0033069900237023835 0.62853458523750316 0.018892051652073864 0.0068702215794473895 0.0031035091960802679 0.05038456246256829 0.0086359567940235155 0.018543904647231105 0.76764607429504406 0.02363781072199345 0.0029280788730829958 0.0045439866371452817 0.0090305362828075903 0.020439757965505127 0.06676370278000833 0.27847817540168768 -0.042221697047352784 3.1893131732940678 0.58790630102157604 0.43318398296833044 0.013216401915997269 -0.33942966163158411 0.54128625988960277 0.10680006444454195 0.14248312264680865 0.074985362589359297 0.18575364351272586 0.013287406880408527 2.1931093931198125 0.012416698504239322
decision_type=2 2 2 2 2 2 2 2 2 2 2 2 2 2 2 2 2 2 2 2 2 2 2 2 2 2 2 2 2 2
left_child=7 2 3 28 25 -4 10 21 23 -10 -7 -6 13 -13 19 16 18 -11 -15 24 -20 -1 -14 -9 -3 -5 -12 29 -2 -26
right_child=1 14 5 4 11 6 -8 8 9 17 26 12 22 15 -16 -17 -18 -19 20 -21 -22 -23 -24 -25 27 -27 -28 -29 -30 -31
leaf_value=0.041743446110473009 -0.040236291950077552 0.014717329113751024 -0.043173783404965284 0.026894433002895464 0.032117935456998557 0.0097539591108192474 0.042786824790919331 -0.0011031544672538485 0.052837825340509161 0.027735467187084778 -0.039202154258067522 0.020831920063734764 0.039440621569277641 0.013027838673883142 -0.00058619222049204175 0.018143147362367235 -0.047234691633085246 -0.036088384952912854 -0.041371607902316809 0.0067462817084187887 -0.007587234499601872 -0.035545830443081745 0.010909113788074253 -0.036569308040931718 0.045360941036715619 0.04886292086264319 -0.015375960714363802 0.021204542883073801 -0.02468512479900602 0.036570052140163088
leaf_weight=0.50237926840782421 3.0021474026143542 3.5021148324012819 6.4795297160744694 5.7966185584664327 6.8525548465549937 5.2199319712817696 4.476990580558776 2.049834247678521 3.7048176750540716 2.0208561718463898 6.9892634451389295 5.8172504156827953 4.3773260116577131 4.3016702234745052 8.9913432300090772 4.1230033636093131 5.4254397675395039 2.4632384926080704 4.4321983493864519 5.6329897195100775 6.2202027700841427 25.332658283412457 7.4777039289474487 9.2150967605411989 3.560975715518004 4.546215757727623 2.3018247671425343 2.8881804645061484 2.0071738921105862 15.64754496514797
leaf_count=3 23 18 31 24 33 38 20 18 17 14 57 25 25 17 32 17 26 29 26 28 28 458 32 118 18 19 19 19 24 115
internal_value=-0.000433517 0.00753301 0.00111905 0.00694639 0.0104016 -0.0136119 -0.0035241 -0.0233135 -0.0090646 0.0198939 -0.0178121 0.00488522 0.000460453 -0.00774413 0.02186 -0.0145285 -0.0211383 -0.00732476 -0.0116704 0.028322 -0.0216441 -0.0340429 0.021444 -0.0301157 0.0330697 0.0365507 -0.0332993 0.0359784 -0.0340051 0.0381998
internal_weight=175.359 130.07 89.847 64.3795 59.3702 25.4675 18.988 45.2889 19.4538 8.18891 14.511 49.0273 42.1748 30.3198 40.2231 24.5025 20.3795 4.48409 14.9541 31.2318 10.6524 25.835 11.855 11.2649 25.5988 10.3428 9.29109 22.0967 5.00932 19.2085
internal_count=1371 714 484 319 272 165 134 657 196 60 114 229 196 139 230 114 97 43 71 198 54 461 57 136 170 43 76 152 47 133
is_linear=0
shrinkage=0.05


Tree=113
num_leaves=31
num_cat=0
split_feature=68 10 95 15 38 116 1 92 86 46 10 130 45 108 62 28 61 30 43 28 74 30 46 28 82 66 41 34 7 59
split_gain=15.5857 3.79164 3.62625 3.2713 3.03307 2.42148 2.41502 2.18109 2.1136 3.22085 5.23378 2.66532 3.80996 2.2996 2.76617 2.12431 1.83554 1.58413 2.99219 2.05229 1.4708 0.777418 1.30993 0.699423 0.409447 0.0591863 0.0496615 0.0266193 0.0161572 0.00134512
threshold=0.021573975682258609 0.014455114025622608 0.99621400237083446 -0.13327695429325101 -0.18989472091197965 -0.026443295180797573 0.081375382840633406 0.57760959863662731 0.00265262951143086 0.77043896913528453 0.018586721271276477 0.30884391069412237 -0.33759798109531397 0.0023772128624841575 0.0045701214112341413 0.71314892172813427 0.0034296839730814104 2.6580330133438115 0.0013851393014192583 0.61641496419906627 -0.31765265762805933 1.8233956694602969 0.70030388236045849 0.71800941228866588 0.0031570787541568284 3.3738366365432744 0.023122809827327732 0.44521710276603704 4.1913204193115243 0.050115529447793968
decision_type=2 2 2 2 2 2 2 2 2 2 2 2 2 2 2 2 2 2 2 2 2 2 2 2 2 2 2 2 2 2
left_child=6 2 3 4 20 -4 7 29 24 13 15 23 -13 -10 -15 -11 -6 18 -9 -20 -2 22 -5 -12 26 -23 -3 -25 -21 -1
right_child=1 8 5 21 16 -7 -8 17 9 10 11 12 -14 14 -16 -17 -18 -19 19 28 -22 25 -24 27 -26 -27 -28 -29 -30 -31
leaf_value=-0.034442939036246657 0.0063473585293791455 0.046125737375607358 0.0012680852033093478 -0.035150269476388545 0.041684772550501965 0.040631620646593494 0.027913472432162301 0.038082502541110091 0.059839132957389386 0.0031194870168475847 0.017120129507227563 -0.025346333021327733 0.038907852890007887 0.045946767590065149 -0.0075195461671591444 -0.040493779018595723 -0.0016782604925515946 -0.037977430874899458 0.023866595832794466 -0.035135157799824117 -0.040250533325348975 -0.037836238629790742 0.026204989621748376 0.038038575137519209 0.023301463984006055 -0.047018009865483594 0.038817381328583936 0.043321744333060581 -0.041183276605618484 -0.036456788980275164
leaf_weight=27.761804476380352 2.7873919941484928 4.4347602576017362 8.695621728897093 2.4788477160036586 5.107976518571375 7.0943672358989707 2.1311735883355132 3.4160502403974515 5.3753886669874182 4.8670115396380407 4.9107988476753262 6.1142857521772385 3.705050200223921 4.8091568201780301 4.867698822170496 6.5489170402288437 4.6730490736663342 3.7573483325541011 1.9271507635712621 2.8918312303721905 4.3146422654390362 4.5198816508054733 1.340294864028692 5.7456571310758573 4.0794176012277594 2.869316965341568 4.8847776651382446 4.0753284096717834 1.7863780967891214 0.85470570251345535
leaf_count=678 12 18 29 42 21 24 9 25 16 20 23 23 22 19 26 27 28 37 12 47 32 38 11 36 20 13 28 17 10 8
internal_value=0.000879471 0.0111178 -0.000217497 -0.0109936 0.00290872 0.0189539 -0.0240228 -0.0266336 0.0188394 0.014198 0.00607093 0.019077 -0.00110182 0.0336176 0.0190519 -0.0218999 0.0209674 -0.0102899 9.10471e-05 -0.0195567 -0.0219619 -0.0319347 -0.0136182 0.032527 0.0365123 -0.0414016 0.0422951 0.0402309 -0.0374446 -0.0345031
internal_weight=152.826 108.3 43.8814 28.0914 16.8831 15.79 44.5264 42.3953 64.4182 51.0193 35.967 24.5511 9.81934 15.0522 9.67686 11.4159 9.78103 13.7788 10.0214 6.60536 7.10203 11.2083 3.81914 14.7318 13.399 7.3892 9.31954 9.82099 4.67821 28.6165
internal_count=1371 545 250 197 93 53 826 817 295 229 168 121 45 61 45 47 49 131 94 69 44 104 53 76 66 51 46 53 57 686
is_linear=0
shrinkage=0.05


Tree=114
num_leaves=31
num_cat=0
split_feature=0 0 94 108 0 17 0 1 103 5 71 39 43 44 64 74 27 21 90 114 124 35 109 108 92 76 0 30 109 42
split_gain=17.6057 3.99265 3.61296 2.5701 2.67042 2.39031 2.17623 2.17564 2.09448 2.09135 2.85513 2.54981 2.9674 2.88517 1.97897 2.62872 2.01759 1.91872 3.19047 1.82599 1.48837 1.3345 1.29649 1.08809 1.10777 0.985858 0.899993 0.430748 0.420901 0.0256589
threshold=0.011098390910774471 0.017798197455704216 0.22847989201545718 0.0013612694456242027 0.016672919504344467 0.78163081407547008 0.0092785228043794649 0.0017807953990995886 0.24780920147895816 0.79975429177284252 0.24022635817527774 0.068149846047163024 0.0054351696744561204 0.0020723849302157764 0.560644030570984 -0.14195977896451947 -0.5145227015018462 0.0082901716232299822 0.24428896605968478 0.051179919391870506 0.27589794993400579 0.066942371428012862 0.0026392368599772458 0.0059160322416573772 0.77264034748077404 0.92432695627212536 0.014039092697203161 1.6284134984016421 0.012731014750897886 0.0084455483593046683
decision_type=2 2 2 2 2 2 2 2 2 2 2 2 2 2 2 2 2 2 2 2 2 2 2 2 2 2 2 2 2 2
left_child=6 2 14 22 5 26 21 -3 -7 10 11 12 13 25 -2 16 -16 18 -8 -15 28 -1 -4 24 29 -9 -5 -19 -12 -14
right_child=1 7 3 4 -6 8 17 9 -10 -11 20 -13 23 19 15 -17 -18 27 -20 -21 -22 -23 -24 -25 -26 -27 -28 -29 -30 -31
leaf_value=0.035427498336933975 -0.033009000231979689 0.027644542329746009 0.0077625674587977478 0.039086828446457611 0.052910083325558667 0.019348356877000383 -0.020522464719367486 -0.0055991798237896261 -0.025687403403240733 -0.03750753019233391 -0.037162772265344826 0.022553095994100533 -0.041684928394770678 0.03150812966415991 -0.035315030946149704 0.027709375686801648 0.0017331989834664147 0.013695787658757785 0.038614014113051098 -0.010072191292271555 -0.0016737406620038232 -0.01285346114457259 -0.027136105778569914 0.0049086824970334311 -0.0017880407274598808 -0.04154767323774889 0.011318425010216022 0.03815663476464471 -0.013004814149222568 -0.03647021378721018
leaf_weight=30.301087930798534 8.8284902423620242 2.7012651264667502 5.0815872624516469 6.5506892874836975 4.6581271961331359 4.5743226557970029 7.3772560954093951 4.1083940118551281 5.9264617785811424 11.681912682950495 17.067587304860361 6.2563414573669425 3.1322830393910435 7.662178806960581 6.6666351184248951 4.7879330664873114 8.1886629462242109 2.6966037303209287 3.3014837428927422 4.0286020264029503 4.1814366132020941 1.5021692290902127 5.5875235795974731 2.3427025824785224 2.5749422162771216 3.5596227422356606 5.2617410570383072 5.4116871058940887 2.0159819722175589 9.5545218065381032
leaf_count=409 37 9 21 31 17 20 38 22 22 92 157 25 16 35 33 18 31 15 22 21 27 10 20 16 19 22 19 41 19 87
internal_value=-0.000264232 -0.00902093 9.32671e-05 0.010259 0.0184764 0.011288 0.0251766 -0.0164721 -0.00606905 -0.0179967 -0.0145685 -0.00696635 -0.0119628 0.00154691 -0.0133462 -0.00450889 -0.014893 0.011684 -0.00223958 0.0171797 -0.0286909 0.033147 -0.0105142 -0.0268187 -0.0316889 -0.0222871 0.0267176 0.0300216 -0.0346107 -0.0377577
internal_weight=197.57 146.98 66.1122 37.6405 26.9713 22.3132 50.5903 80.8678 10.5008 78.1665 66.4846 43.2196 36.9632 19.3588 28.4717 19.6432 14.8553 18.787 10.6787 11.6908 23.265 31.8033 10.6691 17.6044 15.2617 7.66802 11.8124 8.10829 19.0836 12.6868
internal_count=1371 836 269 150 109 92 535 567 42 558 466 263 238 100 119 82 64 116 60 56 203 419 41 138 122 44 50 56 176 103
is_linear=0
shrinkage=0.05


Tree=115
num_leaves=31
num_cat=0
split_feature=16 14 33 48 14 66 121 5 28 96 5 23 57 15 71 60 5 90 17 47 62 4 84 4 74 29 124 106 41 95
split_gain=11.8455 5.53937 3.1587 4.20284 3.03355 3.30091 2.9004 2.77302 2.35698 2.18406 2.16595 2.10942 2.08431 1.81267 3.08894 1.78298 2.66958 1.69317 1.67612 1.64243 1.58161 1.56545 1.37173 0.988103 0.855039 0.600946 0.355925 0.280256 0.0877259 0.0792211
threshold=0.0025529164122417573 1.3007151484489443 0.014847337268292906 2.3077235221862797 1.9141914248466494 2.5327074527740483 0.35576373338699346 0.74921041727066051 0.75940749049186718 0.099598005414009108 0.70640456676483165 0.073337458074092879 0.0043036630377173432 -0.32783384621143336 0.096910327672958388 0.0046507481019943961 0.67228898406028759 0.072962835431098952 0.61183229088783275 0.79899582266807567 0.0043370989151299008 -0.43882812559604639 0.0013745542382821443 0.32189345359802252 0.017999991774559024 0.82094556093215953 0.067719236016273512 0.038612425327301032 0.021115005016326908 0.85006508231163036
decision_type=2 2 2 2 2 2 2 2 2 2 2 2 2 2 2 2 2 2 2 2 2 2 2 2 2 2 2 2 2 2
left_child=13 11 3 17 22 10 -4 8 15 25 20 12 -2 14 -1 -7 -17 -3 -19 -20 -6 -9 -5 27 -24 -8 -15 -14 -27 -30
right_child=1 2 6 4 5 7 9 21 -10 -11 -12 -13 23 26 -16 16 -18 18 19 -21 -22 -23 24 -25 -26 28 -28 -29 29 -31
leaf_value=-0.036448845787697831 -0.008688314222879712 0.013318422355794597 0.016418323115560293 0.0059560325684365062 -0.038354245681881401 0.032137716351098695 -0.01147008146883334 0.012668644881437605 0.050639407867738712 0.013363543554222233 0.018420971068313446 0.00048348941379674479 0.037579009285875674 -0.012541544033590493 0.050082161508179283 -0.026293424123689482 0.02580064783760775 -0.053250952488697448 0.016225352711078285 -0.0348836296095466 0.0029295304145641079 -0.038682525705704386 0.042442895498659136 0.0047028150486187704 0.017473841964044813 -0.043045089559626534 -0.035131025668374859 0.021005313918962175 -0.038441518430209452 -0.025253789477445134
leaf_weight=2.3254031203687218 3.4886395335197475 2.8768802322447291 4.9821590147912529 6.591064307838681 8.5153992623090726 6.3479993194341757 2.3265751898288753 2.5297109670937061 5.0300710499286643 2.8196944817900649 3.3630213923752299 9.2502763271331769 21.560908921062953 1.8776859343051935 1.8533273749053476 5.2364084571599943 4.6370420902967453 4.4894876331090909 2.7051533535122871 3.7523615323007107 3.1887119412422171 3.5908872485160819 9.4381760060787183 2.8900295048952094 5.3847859352827063 6.691229119896887 24.447080437093973 2.892915003001689 3.800374872982502 1.6260197572410104
leaf_count=34 15 14 22 39 97 35 18 15 20 13 18 34 152 26 10 33 21 18 16 33 16 33 36 17 24 37 451 20 35 19
internal_value=-0.000429738 0.00572165 -0.000577365 0.00418004 0.00959155 0.00185015 -0.0171889 0.012196 0.0207367 -0.0268876 -0.0169448 0.0214246 0.0277073 -0.0286636 0.00192891 0.0114642 -0.00182757 -0.020816 -0.0297865 -0.0134733 -0.0271067 -0.0174585 0.0249338 0.0323508 0.0333723 -0.0347452 -0.0335198 0.0356183 -0.039214 -0.0344898
internal_weight=170.509 140.006 99.9232 77.6772 63.8533 42.4393 22.2461 27.3721 21.2515 17.2639 15.0671 40.0828 30.8325 30.5035 4.17873 16.2214 9.87345 13.8239 10.947 6.45751 11.7041 6.1206 21.414 27.3439 14.823 14.4442 26.3248 24.4538 12.1176 5.42639
internal_count=1371 850 612 468 387 288 144 157 109 122 131 238 204 521 44 89 54 81 67 49 113 48 99 189 60 109 477 172 91 54
is_linear=0
shrinkage=0.05


Tree=116
num_leaves=31
num_cat=0
split_feature=68 31 42 55 91 51 33 0 25 46 89 1 92 5 31 14 51 0 95 24 85 60 56 129 85 50 93 92 0 80
split_gain=14.3589 3.37093 2.85798 3.32291 2.98686 3.36495 2.88439 2.48808 2.39242 2.26898 2.59388 2.26801 2.35912 1.94806 2.31814 3.36128 1.83226 2.026 1.67975 1.06083 0.998278 0.80063 2.01812 0.530072 0.230574 0.186945 0.152692 0.0102984 0.00125762 0.000746846
threshold=0.021996379829943184 0.23467070609331134 0.017278141342103485 2.6183707714080815 0.26507450640201574 0.0092965029180049914 0.017202740535140041 0.017346956767141822 0.0023044621339067821 0.75065901875495922 -0.31672789156436915 0.081375382840633406 0.57760959863662731 0.70640456676483165 0.45325842499732977 3.790371417999268 0.022303463891148571 0.021374426782131199 0.95608076453208934 0.0049995819572359332 0.0027248122496530418 0.0060658238362520942 -0.25090388953685755 0.26925525069236761 0.0025612898170948033 0.019708562642335895 0.073565118014812483 0.59361255168914806 0.0097145969048142451 0.074552170932292952
decision_type=2 2 2 2 2 2 2 2 2 2 2 2 2 2 2 2 2 2 2 2 2 2 2 2 2 2 2 2 2 2
left_child=11 23 3 6 21 -6 9 18 26 10 -3 12 28 14 15 19 17 -10 -7 -14 -11 -5 24 27 -23 -15 -9 -2 -1 -30
right_child=1 2 -4 4 5 7 -8 8 16 20 -12 -13 13 25 -16 -17 -18 -19 -20 -21 -22 22 -24 -25 -26 -27 -28 -29 29 -31
leaf_value=-0.034079968950201225 -0.034822680775754587 0.029230152294017514 0.043493627323026925 0.046789176815551774 0.044258032023922866 -0.030388398994380585 0.030927179377923632 0.041066012450372537 -0.0078271310353555598 -0.0076753290365934972 -0.022370885425901536 0.026721938798392686 -0.035002858738893958 -0.023664626668002564 -0.038116007530063598 0.057680494121339347 -0.020716104099980155 0.034409834651019378 0.0032098450430607891 0.021825433823519938 -0.038880242166444284 0.028043202922992644 -0.0052934485276252864 0.0020143367666930413 0.043382747001108474 -0.042353166670240555 0.027401285729121722 -0.040120107714337681 -0.034670241270387543 -0.036069379897684377
leaf_weight=12.012462982907893 2.7139468863606444 5.1902176588773727 7.1001494228839865 6.5180421918630627 6.0294278152286997 6.7621515095233908 4.648094728589057 4.9990260154008883 5.4018122404813784 3.9515836648642999 4.5884657129645401 2.1596046090126029 2.1875439193099724 2.6130785904824725 2.3202089425176382 3.1221445798873901 5.5259453803300849 5.984792023897171 8.269273102283476 1.3147857263684271 7.2935538738965988 4.0932731181383133 3.8431171104311916 1.133712865412235 6.1013760641217232 2.742622148245573 3.458836168050766 1.3859624601900575 14.216904729604719 1.0223716162145127
leaf_count=389 49 22 29 29 24 33 19 25 19 26 32 9 38 28 26 17 20 30 30 11 38 22 18 15 31 15 19 10 287 11
internal_value=0.000843813 0.0108689 0.012921 0.0105783 0.0164399 0.00941496 -0.00471681 0.0042151 0.0137659 -0.0125972 0.00501732 -0.0232358 -0.0258323 -0.00938583 0.00489399 0.0199582 0.00290784 0.0143726 -0.0119049 -0.0136693 -0.0279147 0.0323078 0.0255838 -0.0282459 0.0372237 -0.0332349 0.0354778 -0.0366135 -0.0344625 -0.0347641
internal_weight=148.704 104.993 99.7591 92.659 66.9871 46.4313 25.6719 40.4018 25.3704 21.0238 9.77868 43.7117 41.5521 14.3004 8.94468 6.62447 16.9125 11.3866 15.0314 3.50233 11.2451 20.5558 14.0378 5.23362 10.1946 5.3557 8.45786 4.09991 27.2517 15.2393
internal_count=1371 540 466 437 300 200 137 176 113 118 54 831 822 135 92 66 69 49 63 49 64 100 71 74 53 43 44 59 687 298
is_linear=0
shrinkage=0.05


Tree=117
num_leaves=31
num_cat=0
split_feature=0 0 94 18 17 0 71 39 77 119 56 64 15 124 78 118 18 0 56 124 36 9 3 59 107 108 109 51 60 125
split_gain=16.2037 3.68798 3.32636 3.64507 3.148 2.12339 2.00664 2.99562 2.36036 2.26112 1.87119 2.02782 3.06729 1.85923 2.09889 1.84266 1.63063 1.52708 1.49289 1.4181 1.30972 1.17517 1.26684 1.09735 0.844356 0.809542 0.428027 0.383901 0.00890022 0.00919098
threshold=0.011098390910774471 0.017798197455704216 0.22847989201545718 0.028148368000984195 0.95795905590057384 0.0092785228043794649 0.24022635817527774 0.068149846047163024 0.027273166924715046 1.8692315816879275 -0.24754551053047177 0.560644030570984 -0.15317542105913159 0.26568438112735754 0.002204189659096301 0.058507654815912254 0.0143178952857852 0.015812566503882412 -0.19907315820455548 0.27589794993400579 0.044628247618675239 0.046435941010713584 0.0027848923346027736 0.0097351591102778929 0.019829153083264831 0.0062530504073947677 0.012731014750897886 0.028791268356144432 0.0099415997974574583 0.069213103502988829
decision_type=2 2 2 2 2 2 2 2 2 2 2 2 2 2 2 2 2 2 2 2 2 2 2 2 2 2 2 2 2 2
left_child=5 2 10 4 18 20 7 8 9 -3 -2 -12 -13 14 -7 -11 -17 23 -4 26 -1 22 -18 -5 -23 27 28 -10 -8 -30
right_child=1 6 3 17 -6 13 19 -9 25 15 11 12 -14 -15 -16 16 21 -19 -20 -21 -22 24 -24 -25 -26 -27 -28 -29 29 -31
leaf_value=0.035309240606663427 -0.035018656763047086 0.025790934759049561 -0.0045581296624228208 0.036796789564789649 -0.025278719899180336 -0.01143425414046682 -0.03902370567119471 0.021655741704587287 -0.036786847594897365 -0.039185093691660247 -0.027733518011364307 -0.021299668906479125 0.025807306355527443 -0.008176439987719164 0.037551382677941815 0.020743258903827756 -0.017331593767197912 0.053186100932822791 0.027511451838722518 -0.0024055859424808078 -0.012849466375790878 -0.038808184721091266 0.019934882695774481 0.0012999117505048926 -0.0046806594547822173 -0.0022095806983686034 -0.012334601927995513 -0.014250080865429322 -0.035667041571523415 -0.039059845115192574
leaf_weight=28.587426900863651 7.1216985806822803 4.5662092044949558 6.8672838509082776 4.1394548490643484 8.9592428728938085 2.9983397275209454 4.0949353054165938 6.2856646403670302 13.376667309552433 5.1411709412932423 6.815137721598151 6.0766445770859745 8.0115117281675285 7.3251205757260314 8.0783237591385824 4.5430618226528194 5.134955935180189 4.820340782403945 7.6956124976277387 4.2563585862517348 1.48512753099203 5.2211876064538947 4.1023940593004227 4.5930369421839714 2.7760441675782204 2.3653200268745413 1.9666479304432858 2.2004732787609091 10.071448713541029 2.4895192235708228
leaf_count=409 34 22 28 23 33 13 27 25 121 36 30 23 32 38 65 24 24 16 32 28 10 36 17 18 20 14 19 21 119 14
internal_value=-0.000252759 -0.00868569 0.000115616 0.00994206 -0.00195827 0.0247449 -0.0159761 -0.0108562 -0.0149908 -0.00674249 -0.012884 -0.00534283 0.00548865 0.0113671 0.0242915 -0.0122611 -0.00590499 0.0305961 0.0123887 -0.0284435 0.0329309 -0.0129295 -0.000781201 0.0181265 -0.0269616 -0.0294647 -0.0343947 -0.0336032 -0.0369994 -0.0363395
internal_weight=192.166 143.692 65.1 37.075 23.5221 48.4743 78.5921 55.7131 49.4275 31.485 28.025 20.9033 14.0882 18.4018 11.0767 26.9188 21.7776 13.5528 14.5629 22.8789 30.0726 17.2346 9.23735 8.73249 7.99723 17.9425 18.6226 15.5771 16.6559 12.561
internal_count=1371 836 269 150 93 535 567 360 335 179 119 85 55 116 78 157 121 57 60 207 419 97 41 41 56 156 179 142 160 133
is_linear=0
shrinkage=0.05


Tree=118
num_leaves=31
num_cat=0
split_feature=61 32 121 114 1 127 85 23 56 111 16 59 93 85 56 85 79 56 88 74 15 103 122 32 85 81 58 124 59 37
split_gain=11.5098 4.54186 2.66195 2.75155 2.36372 2.2995 3.30789 4.51474 3.36784 2.98822 2.74811 2.40125 2.34554 2.14899 2.12551 2.0072 2.43962 1.89137 1.80508 1.64656 1.86789 1.14234 1.27518 1.01632 0.722978 1.52779 0.642489 0.667963 0.81848 0.515843
threshold=0.0034296839730814104 0.040040852501988418 0.28726223111152654 0.081317037343978896 0.0060167172923684129 0.023112295195460323 0.013723067939281465 0.0075177061371505269 -0.075056370347738252 0.073253188282251372 0.017817711457610134 0.024503378197550777 0.089180417358875289 0.0020895820343866949 -0.27047373354434961 0.0027822237461805348 0.0066150776110589513 -0.28765729069709772 0.0026176889659836893 -0.33268803358077997 -0.32783384621143336 0.28349338471889501 -1.0000000180025095e-35 0.042282115668058402 0.0099537232890725153 0.0049492835532873878 0.44610971212387091 0.07254365831613542 0.0084566483274102228 1.9907466769218447
decision_type=2 2 2 2 2 2 2 2 2 2 2 2 2 2 2 2 2 2 2 2 2 2 2 2 2 2 2 2 2 2
left_child=4 5 -3 14 19 6 7 8 11 12 -7 13 -8 -2 17 -15 -17 23 -18 20 -1 22 -11 -4 -9 -26 -21 28 -28 -22
right_child=1 2 3 -5 -6 10 9 24 -10 21 -12 -13 -14 15 -16 16 18 -19 -20 26 29 -23 -24 -25 25 -27 27 -29 -30 -31
leaf_value=0.034705744488401573 0.043344886385008163 0.028378371027975097 0.0070772069297557446 0.023206918520158382 0.020587936004182374 -0.0074141096177926776 -0.0051117588265658731 0.042921624351211267 -0.035683041539576001 -0.00044228881279676944 0.036369148184852894 -0.021584609074552435 -0.053993823016689563 -0.012469174300094001 -0.041447251203568194 0.040799147607713478 -0.026425738562849316 0.032303007093621987 0.018531249386749892 -0.0045035301899107915 0.0051966085378202728 -0.013971545335367215 0.042885966293028002 -0.037522059395106055 0.005826155481594205 0.048817160614007385 -0.03480851523272039 -0.035100875295756888 0.017393974919935752 -0.036206161942780715
leaf_weight=2.1765484251081944 5.5261740311980274 3.5148264318704632 1.9483354985714019 3.3249736279249182 2.8661267012357703 4.5972913801670101 4.9820704236626643 10.433435864746572 4.6201718263328067 3.3814821764826775 16.258855581283569 5.2114760912954798 4.8363059125840664 7.6162963807582882 10.129946723580359 7.0737662017345455 3.5149482227861863 2.2191220186650753 6.1207966916263103 2.168508317321538 1.0689691156148904 3.4624359756708145 3.411155238747595 3.7091677412390709 5.0791673287749273 3.4841834604740143 1.6004380956292181 27.660365182906389 1.4145140573382375 2.53966074436903
leaf_count=11 23 13 15 15 16 17 27 61 31 21 104 38 22 36 68 25 23 13 31 14 10 19 20 41 28 18 32 530 11 38
internal_value=-0.000417967 0.00718534 -0.0119395 -0.0185827 -0.0232226 0.0119558 0.00804633 0.0140397 0.00444409 -0.00947412 0.0267181 0.00973148 -0.0291899 0.0151986 -0.0262993 0.00880446 0.0185011 -0.00681796 0.00213174 -0.0264732 -0.0018768 0.00940213 0.0213165 -0.0221629 0.0340847 0.023318 -0.0308056 -0.032665 -0.0103169 -0.0239416
internal_weight=165.952 124.456 24.8464 21.3315 41.4951 99.61 78.7539 58.6804 39.6836 20.0734 20.8561 35.0635 9.81838 29.852 18.0066 24.3258 16.7095 7.87663 9.63574 38.629 5.78518 10.2551 6.79264 5.6575 18.9968 8.56335 32.8438 30.6753 3.01495 3.60863
internal_count=1371 709 165 152 662 544 423 314 207 109 121 176 49 138 137 115 79 69 54 646 59 60 41 56 107 46 587 573 43 48
is_linear=0
shrinkage=0.05


Tree=119
num_leaves=31
num_cat=0
split_feature=68 34 77 66 68 10 1 92 4 126 23 30 43 106 26 26 91 0 50 87 78 129 1 92 11 15 0 2 10 10
split_gain=13.2271 3.18709 2.67082 3.07581 3.34791 4.78377 2.18709 2.33343 1.99963 1.88869 2.78822 1.87128 2.29873 2.56139 1.86598 1.65161 1.8247 2.05219 1.56235 0.978773 0.932908 0.506957 0.173405 0.00941878 0.00707391 0.00170404 0.00114528 0.00055092 0.000339717 0.000337464
threshold=0.021996379829943184 0.61604920029640209 0.026774263940751556 2.6492936611175542 0.025976482778787616 0.010639644227921964 0.081375382840633406 0.57760959863662731 -0.34115967154502863 0.0013389574596658351 0.0039188105147331962 2.6580330133438115 0.0013851393014192583 0.020042516291141513 0.0048805081751197585 0.001682508329395205 0.26507450640201574 0.017798197455704216 0.05986274033784867 0.00046345910232048487 0.0026117640081793074 0.27022524178028112 0.01896774955093861 0.61942619085311901 0.24616324156522754 -0.24440179020166394 0.0097145969048142451 0.076373647898435607 0.010304433293640615 0.0065085436217486867
decision_type=2 2 2 2 2 2 2 2 2 2 2 2 2 2 2 2 2 2 2 2 2 2 2 2 2 2 2 2 2 2
left_child=6 2 3 9 -5 -6 7 26 19 10 20 12 -9 24 22 -10 -17 -18 -19 -7 -2 23 25 -3 -14 -4 -1 28 -28 -26
right_child=1 21 14 4 5 8 -8 11 15 -11 -12 -13 13 -15 -16 16 17 18 -20 -21 -22 -23 -24 -25 29 -27 27 -29 -30 -31
leaf_value=-0.034034083344067614 -0.036357682229144539 -0.034833217374272939 0.037314374129295516 0.044764275858964829 -0.03181918018917719 0.016365730151741805 0.025943774624585549 0.035196107690192761 0.034106167189817092 -0.030980615533563811 0.031176856572519202 -0.039140632132118332 -0.039165473381987198 0.029001206730027426 0.011352011478377728 0.023445369605204686 -0.029028769856628257 0.018087917185480442 -0.016487808097382258 0.046227597484681915 0.00067523852226134744 0.0012365161226985863 0.051451275920278296 -0.04011763170471095 -0.034317209941395609 0.038781470766383025 -0.034536714437678841 -0.035829557632514705 -0.035365133322571747 -0.035457584520195727
leaf_weight=11.286970362067224 3.4829858466982859 2.7568233627825971 4.2312546819448471 7.6098099052906027 6.2372541800141326 4.8524366170167905 2.1783595085144034 3.4617592319846135 5.4615329802036277 6.619553003460168 4.9039068073034286 3.7711523659527293 1.6582718454301355 2.2227794416248798 8.7566613107919675 8.5812248587608355 5.853605397045615 9.4057013392448408 5.0061649605631819 6.3152744174003601 3.3231751471757889 1.1509964317083357 3.4299652874469757 1.2147801481187341 0.99626253917813334 3.7188177928328532 12.153593454509972 1.0137174054980267 1.3778312206268299 1.859798941761255
leaf_count=389 31 51 30 29 33 23 9 25 26 36 23 38 11 12 36 37 25 39 20 26 17 15 12 9 25 22 265 12 21 24
internal_value=0.000813942 0.0104627 0.0124766 0.0082687 0.0138001 0.00924362 -0.0228392 -0.0255091 0.0148756 -0.00963352 0.00243372 -0.00904662 0.002081 -0.0149347 0.0287033 0.00889372 0.00412026 -0.00406278 0.00607755 0.0332524 -0.018276 -0.0279819 0.0420547 -0.0364495 -0.036568 0.0380006 -0.034412 -0.0347053 -0.0346211 -0.0350598
internal_weight=144.892 102.912 97.7893 77.6526 59.323 51.7132 41.9805 39.8021 45.4759 18.3296 11.7101 13.97 10.1989 6.73711 20.1367 34.3082 28.8467 20.2655 14.4119 11.1677 6.80616 5.1226 11.38 3.9716 4.51433 7.95007 25.8321 14.5451 13.5314 2.85606
internal_count=1371 540 465 365 258 229 831 822 196 107 71 135 97 72 100 147 121 84 59 49 48 75 64 60 60 52 687 298 286 49
is_linear=0
shrinkage=0.05


Tree=120
num_leaves=31
num_cat=0
split_feature=0 123 0 105 120 45 18 65 1 71 9 47 28 91 104 113 128 38 56 4 0 64 64 38 79 23 64 30 78 5
split_gain=17.3857 4.59441 2.65987 3.30482 2.42638 2.12135 3.51822 2.09897 2.08249 3.15872 1.85318 2.6767 2.88789 1.71221 1.65421 1.59098 2.77708 1.7196 2.35597 1.55136 1.42603 1.37598 2.24441 0.962788 0.818266 2.20364 0.438165 0.262292 0.51677 0.108168
threshold=0.01103473547846079 0.17758855223655703 0.020457126200199131 0.0051396312192082414 0.18643628805875781 -0.30709643661975855 0.023767320439219478 0.97452884912490856 0.010334042832255365 0.17198941111564639 0.014638573862612249 1.1254426240921023 0.41586916148662573 0.060555219650268562 0.018645234405994419 0.096680566668510451 0.60876360535621654 0.10376140847802164 0.10309865325689317 -0.060514518991112702 0.014163868501782419 0.79058972001075756 0.81909203529357921 -0.15827736258506772 0.0099475486204028147 0.0030590242240577941 0.5204778015613557 2.2414137125015263 0.004435489187017084 0.71733146905899059
decision_type=2 2 2 2 2 2 2 2 2 2 2 2 2 2 2 2 2 2 2 2 2 2 2 2 2 2 2 2 2 2
left_child=10 2 3 4 -2 6 -5 14 9 20 -1 12 -12 -4 -6 16 -15 21 -19 -3 -7 27 -23 -18 25 29 -14 -17 -29 -16
right_child=1 19 13 5 7 8 -8 -9 -10 -11 11 -13 26 15 24 17 23 18 -20 -21 -22 22 -24 -25 -26 -27 -28 28 -30 -31
leaf_value=0.035544892668788942 0.016106277965439317 0.0058451079212776397 0.0091038878948180094 -0.040292469729154436 0.0033326308848995027 0.024178568925938861 0.019947463335179244 0.001780549599975144 -0.016072825493593568 0.042150131276697311 -0.020984896966741291 -0.022766017256270185 0.036897776593469399 0.03237505735818378 -0.046057249105975341 -0.038125506878468128 -0.0057303741137264977 0.035942944229745845 -0.03577875840919055 0.04704621554240037 -0.0084904421776651421 0.026697859494189059 -0.036581352725944344 -0.036981628264835469 -0.045438893501836532 -0.0022542104970397219 0.018208777516628236 -0.037016575961269747 -0.0049682455263593767 -0.03484811776342326
leaf_weight=24.657644562423229 5.3524796888232222 4.810577966272831 4.7995439767837516 5.6804025992751104 3.8489714115858105 5.4317140430212083 4.2277290783822536 8.3598570972681028 5.2627562358975402 8.8829806894063932 3.0772191658616128 3.762218326330184 11.732923153787853 3.3247287794947615 5.0877000167965907 22.499423533678058 5.2338509857654563 2.3809392750263205 2.2057845965027809 4.3513443320989591 8.6758517920970899 2.5014655143022528 3.185963362455368 4.6578459441661826 7.6408126279711714 6.1142828762531272 4.2803499773144713 3.6640999093651763 1.9153635650873182 3.7302854061126709
leaf_count=364 26 23 24 28 19 25 19 28 32 37 13 27 120 14 22 200 31 16 26 18 37 16 29 41 32 27 25 31 16 22
internal_value=-0.000185359 -0.00884781 -0.0111788 -0.00521631 -0.0152331 0.00531835 -0.0145885 -0.0200558 0.0122995 0.0187942 0.0260382 0.0157807 0.0233773 -0.0194605 -0.0269648 -0.022119 -0.00715839 -0.0272744 0.00145152 0.0254131 0.00408782 -0.0311764 -0.00874966 -0.0204461 -0.0321308 -0.0253211 0.0319022 -0.035719 -0.0260148 -0.0413154
internal_weight=191.337 143.827 134.665 78.2958 40.1344 38.1614 9.90813 34.7819 28.2533 22.9905 47.5104 22.8527 19.0905 56.369 26.4221 51.5695 13.2164 38.353 4.58672 9.16192 14.1076 33.7663 5.68743 9.8917 22.5731 14.9323 16.0133 28.0789 5.57946 8.81799
internal_count=1388 839 798 354 176 178 47 150 131 99 549 185 158 444 122 420 86 334 42 41 62 292 45 72 103 71 145 247 47 44
is_linear=0
shrinkage=0.05


Tree=121
num_leaves=31
num_cat=0
split_feature=53 18 33 23 66 16 37 23 72 23 15 38 102 29 91 26 101 91 14 92 5 0 20 22 69 91 111 127 30 26
split_gain=11.377 4.46348 2.99177 2.83452 3.19153 3.08661 2.76974 2.59692 2.3264 2.06741 2.04317 2.01336 1.83509 2.57508 1.83163 1.80334 1.79202 1.75004 1.74211 4.31018 1.43567 1.59783 1.22077 0.842916 0.671048 0.427265 0.197863 0.165459 0.0426685 0.0340534
threshold=0.14040570706129077 0.015789898112416271 0.014224585611373188 0.027967609465122226 2.5327074527740483 0.0025529164122417573 1.8613543510437014 0.0025395223638042812 0.14913352578878405 0.0066236769780516633 -0.31907008588314051 -0.043753501027822488 0.039857694879174239 0.9279497265815736 0.37745295464992529 0.010371713899075987 0.37416972219944006 0.29419089853763586 1.8972181677818301 0.70624157786369335 -0.21175803989171979 0.013629948254674675 0.068987850099802031 0.05753199756145478 0.013457823079079391 0.71542266011238109 0.034224703907966621 0.0022325605386868124 1.7519071102142336 0.075038127601146712
decision_type=2 2 2 2 2 2 2 2 2 2 2 2 2 2 2 2 2 2 2 2 2 2 2 2 2 2 2 2 2 2
left_child=1 -1 3 4 9 10 -7 -2 11 26 -6 12 -9 16 -8 -11 -14 -13 20 -20 23 -22 27 -10 29 -12 -3 -4 -28 -23
right_child=7 2 22 -5 5 6 14 8 18 15 25 17 13 -15 -16 -17 -18 -19 19 -21 21 24 -24 -25 -26 -27 28 -29 -30 -31
leaf_value=-0.034914321090880655 -0.02048644842343068 -0.012129095631313499 -0.022436470083929887 0.043708945938204471 0.023063854477290098 -0.011330470250230904 0.013470081048046865 -0.030988158132381368 0.023613911971510106 0.021487016599498199 -0.035768848579204239 0.03505817204220335 0.041765095365188819 -0.026769504917209325 0.056869869655458927 -0.024466768481219845 -0.0034322834997013991 -0.0040365970049368845 -0.034946121514246802 0.032489648741015141 0.0075790468532347865 0.038104839154099845 0.0036683095366073235 -0.012077279124393457 0.01774064366078025 -0.004732768720048389 -0.046380284166694104 -0.038606170591044632 -0.036888683257165301 0.043715094714373966
leaf_weight=19.961119797080755 5.7862824685871592 0.78056291490793484 1.9283474981784809 3.2361879497766486 2.5637873560190174 4.2944337241351596 4.5150319486856443 5.5106326304376188 3.0731777772307387 4.0752730071544629 5.3650461286306426 7.2006372883915883 4.3986862599849683 4.6577180959284297 5.2671971954405308 4.4837619811296463 4.373758539557457 4.7514229416847229 4.3490546755492669 5.2057155147194862 6.4660493731498709 18.802756346762187 2.4109184816479674 3.5828699693083763 4.5117423087358466 1.3978579901158807 1.4042458795011024 8.8104192465543729 7.5507819186896086 3.1592668592929831
leaf_count=441 33 12 24 15 14 23 30 28 23 25 69 31 22 25 18 24 27 22 27 24 28 140 10 17 22 18 7 75 100 14
internal_value=-0.000701392 -0.0145172 -0.00750746 -0.00136877 -0.00486725 0.00736297 0.0221434 0.0118613 0.0141997 -0.0205127 -0.0149449 0.00344779 -0.00669188 0.00327731 0.0368385 -0.00258647 0.0192306 0.0195164 0.0209576 0.00179484 0.0255817 0.0298615 -0.0284842 0.00440178 0.0353038 -0.0293538 -0.0362726 -0.0357026 -0.0383771 0.0389119
internal_weight=163.875 78.045 58.0839 44.9342 41.698 23.4034 14.0767 85.8298 80.0435 18.2946 9.32669 30.8929 18.9408 13.4302 9.78223 8.55903 8.77244 11.9521 49.1506 9.55477 39.5959 32.9398 13.1497 6.65605 26.4738 6.7629 9.73559 10.7388 8.95503 21.962
internal_count=1388 905 464 355 340 172 71 483 450 168 101 155 102 74 48 49 49 53 295 51 244 204 109 40 176 87 119 99 107 154
is_linear=0
shrinkage=0.05


Tree=122
num_leaves=31
num_cat=0
split_feature=68 28 10 114 19 62 122 15 15 41 28 23 47 82 88 69 10 115 114 96 109 43 64 74 64 53 38 19 8 0
split_gain=12.3414 3.07042 2.2125 2.92362 3.69513 2.90416 2.25471 2.15885 5.36309 2.50223 1.93404 2.96612 1.79999 1.65084 2.36888 1.56386 2.11596 1.27601 1.86061 1.25169 1.24053 1.05239 0.659584 1.34418 0.41543 0.195731 0.139026 0.116723 0.0407776 0.0297432
threshold=0.021573975682258609 0.40225933492183691 0.014325876254588367 0.027864379808306698 0.014565383549779655 0.0024095849366858606 -0.18966318666934964 -0.052892152220010751 -0.074865296483039842 0.013825272209942343 0.82193458080291759 0.0018033884116448464 0.82738113403320324 0.0025102565996348862 0.0024888878688216214 0.017934489063918594 0.019257952459156517 0.16463170945644381 0.051823785528540618 0.07832054048776628 0.0054170172661542901 0.024073882028460506 0.47077654302120214 -0.19762458652257917 0.7843301296234132 0.17572402209043506 -0.10876626893877982 0.020665992051362995 0.68540412187576305 0.055901421234011657
decision_type=2 2 2 2 2 2 2 2 2 2 2 2 2 2 2 2 2 2 2 2 2 2 2 2 2 2 2 2 2 2
left_child=7 21 3 -3 -5 -6 20 8 10 -10 22 -12 13 -4 25 27 -17 18 -8 24 -7 -2 28 -24 -18 -15 -19 -14 -1 -9
right_child=1 2 12 4 5 6 17 29 9 -11 11 -13 15 14 -16 16 19 26 -20 -21 -22 -23 23 -25 -26 -27 -28 -29 -30 -31
leaf_value=-0.034556301515631042 -0.036723574558939751 0.042335277833152281 -0.01263840747242892 0.027475660713878382 -0.049135289562400458 0.031235445478011777 -0.026741779541769151 -0.034674692469038017 -0.0071523371015386472 0.07285059892019137 -0.035716484393911875 0.062954729015226044 0.038155498316847981 0.041107685092746489 -0.0049631280999933667 -0.013747494761060023 0.038545060314263344 -0.041867747707085567 0.019743285159784355 -0.0010489284756856289 -0.0066183444562400136 0.011734207703585402 -0.036631278086742255 0.015666172335765342 0.017881028334215669 0.026579501701116622 -0.025686292124033519 0.048711176112377096 -0.044389261832497778 -0.042230338629510832
leaf_weight=11.016658348962673 4.4045435395091763 4.4019927084445944 6.5001012869179275 8.7146045751869661 4.0265593901276615 5.4912371262908 4.3521796837449056 15.927364313974978 1.6471611820161332 2.4035099819302559 1.511494226753711 1.5352379400283096 6.2115144133567828 4.5482126772403735 6.9133627153933039 3.965605944395068 10.217085018754007 3.025890201330184 4.2593232505023479 3.2294158190488806 3.5724174715578556 1.5026970673352478 2.8308775499463081 2.1708953417837611 3.1921676769852629 4.728632889688015 2.3647638522088528 4.5281174257397652 1.16595909744501 1.418523684144019
leaf_count=303 62 15 27 35 19 29 23 384 37 12 39 12 30 22 30 15 65 26 20 14 17 11 33 18 18 21 21 19 5 6
internal_value=0.00106086 0.0105716 0.0127634 0.00388245 -0.000844811 -0.00995445 -0.00311472 -0.0218206 -0.0121967 0.0403183 -0.0227113 0.0140036 0.0193721 0.00864635 0.0171918 0.0271366 0.0190734 -0.015692 -0.00374987 0.0268958 0.0163155 -0.0243968 -0.0292207 -0.0139329 0.0336258 0.0337023 -0.0347693 0.0426061 -0.0354974 -0.0352926
internal_weight=141.778 100.15 94.2432 40.209 35.807 27.0924 23.0658 41.6277 24.2818 4.05067 20.2311 3.04673 54.0342 22.6903 16.1902 31.3439 20.6043 14.0022 8.6115 16.6387 9.06365 5.90724 17.1844 5.00177 13.4093 9.27685 5.39065 10.7396 12.1826 17.3459
internal_count=1388 539 466 205 190 155 136 849 459 49 410 51 261 100 73 161 112 90 43 97 46 73 359 51 83 43 47 49 308 390
is_linear=0
shrinkage=0.05


Tree=123
num_leaves=31
num_cat=0
split_feature=0 123 51 71 96 74 70 59 114 25 19 18 11 123 29 115 19 104 87 16 17 4 74 128 53 35 73 61 69 115
split_gain=15.9505 4.24851 2.64892 2.61943 2.53525 2.44922 4.66884 2.39047 2.15347 2.01532 2.494 2.35108 1.85675 1.74389 1.49126 1.41771 1.79836 1.41127 1.34738 1.97445 1.20269 1.16956 0.851745 0.70402 1.57579 0.697175 0.394047 0.386603 0.223767 0.0482345
threshold=0.01103473547846079 0.17758855223655703 0.017891378141939644 0.24022635817527774 0.085743729025125517 -0.17633008956909177 0.47254660725593572 0.010527844075113537 0.073667172342538847 0.0025923504726961259 0.017420683056116108 0.025003680028021339 0.20304878801107409 0.12293107062578203 0.90937748551368724 0.1273467838764191 0.025036889128386978 0.028000203892588619 0.00068443044438026856 0.0046088467352092275 0.72084185481071483 -0.026684483513236042 -0.41045285761356348 0.34536346793174749 0.13539618998765948 0.1336520463228226 0.55745753645896923 0.0040885959751904019 0.011181488633155824 0.25914667546749121
decision_type=2 2 2 2 2 2 2 2 2 2 2 2 2 2 2 2 2 2 2 2 2 2 2 2 2 2 2 2 2 2
left_child=12 2 3 8 23 28 -7 -8 9 -2 20 17 -1 18 -14 16 -13 -12 -10 -20 -11 -3 -16 24 -4 -18 -9 -24 -5 -28
right_child=1 21 4 5 -6 6 7 26 13 10 11 15 14 -15 22 -17 25 -19 19 -21 -22 -23 27 -25 -26 -27 29 -29 -30 -31
leaf_value=-0.015387176492001529 -0.019027622241687959 0.0091761446918884777 0.011098647261137899 -0.044210607554747039 0.016704661667513686 0.028162668999331161 0.015843584606361052 -0.0098200836909141959 -0.02528625585923663 0.047885120605981379 -0.036435877712887144 0.025639530355091911 0.0021548234114174276 -0.043109585169047102 -0.0014297799979279147 0.030215920903153833 0.00031922200102434334 -0.0014845371858846718 0.027138762273567252 -0.018662481412546724 0.013563009226439566 0.045489870015206713 0.03548651789859765 -0.036914028044244832 -0.036614398298257307 -0.027737445011880846 -0.03676565493910388 0.021750340571982333 -0.028842500455363858 -0.028469086890428055
leaf_weight=2.608192477375268 8.2753110900521261 5.2277040183544159 2.8299143612384858 6.8293038234114629 3.186382219195365 6.0153305083513287 3.2016402035951641 1.7344493307173241 6.5403384566307095 4.7441955804824811 5.1277060359716398 5.275792300701144 4.9163117557764044 4.4962396770715705 1.8754050619900215 6.6748108342289916 5.5011807754635793 6.6128186210989952 4.7103364467620832 4.701859287917614 5.5246023312211037 3.8504003733396512 29.87523241341114 15.550231527537106 4.4541349336504936 3.7056389302015305 9.9550600051879865 6.1824396923184386 3.6263514906167984 2.125992849469184
leaf_count=19 36 25 21 35 16 25 15 14 25 20 25 21 29 21 12 31 30 27 24 29 22 16 451 142 43 21 108 38 25 22
internal_value=-0.000172548 -0.00850313 -0.0107887 -0.00726097 -0.0250751 -0.0188111 -0.00970059 -0.0230847 -0.00188069 0.00357535 0.00790847 0.00119388 0.0255715 -0.0156062 0.0280646 0.011151 0.00236421 -0.0167496 -0.00785432 0.00425877 0.0294199 0.0245783 0.0314226 -0.0309052 -0.0180775 -0.0109733 -0.0321061 0.0331313 -0.0388805 -0.0353056
internal_weight=185.935 140.478 131.4 105.379 26.0207 33.4881 23.0325 17.0171 71.8908 51.4421 43.1667 32.8979 45.4576 20.4488 42.8494 21.1574 14.4826 11.7405 15.9525 9.4122 10.2688 9.0781 37.9331 22.8343 7.28405 9.20682 13.8155 36.0577 10.4557 12.0811
internal_count=1388 839 798 576 222 244 184 159 332 233 197 155 549 99 530 103 72 52 78 53 42 41 501 206 64 51 144 489 60 130
is_linear=0
shrinkage=0.05


Tree=124
num_leaves=31
num_cat=0
split_feature=53 18 33 23 66 16 23 80 71 23 122 38 21 45 23 102 36 101 26 91 124 5 20 86 65 16 100 103 30 30
split_gain=10.4678 4.30987 2.80381 2.65818 2.97676 2.85057 2.37961 2.33455 2.21617 1.98461 1.94104 1.87619 1.78805 3.99078 2.083 1.69806 2.39528 1.68984 1.66407 1.64008 1.47789 1.45416 1.18957 0.628833 0.391445 0.349543 0.169096 0.139363 0.0455864 0.0179976
threshold=0.14040570706129077 0.015789898112416271 0.014224585611373188 0.027967609465122226 2.5327074527740483 0.0025529164122417573 0.0025395223638042812 0.0051049259491264829 0.22370028495788577 0.0066236769780516633 -0.2320660054683685 -0.043753501027822488 0.016691401600837711 -0.24003591388463971 0.0039188105147331962 0.039857694879174239 0.038721403107047088 0.37416972219944006 0.010371713899075987 0.29419089853763586 0.145427480340004 -0.21175803989171979 0.068987850099802031 0.003509893082082272 0.73055845499038707 0.012562673073261978 0.5163857936859132 0.089688897132873549 1.7172097563743594 1.7172097563743594
decision_type=2 2 2 2 2 2 2 2 2 2 2 2 2 2 2 2 2 2 2 2 2 2 2 2 2 2 2 2 2 2
left_child=1 -1 3 4 9 10 -2 -7 11 27 -6 15 13 14 23 -8 -17 -18 -11 -13 -9 -14 26 -10 25 -23 -4 -3 -29 -28
right_child=6 2 22 -5 5 7 8 20 12 18 -12 19 21 -15 -16 16 17 -19 -20 -21 -22 24 -24 -25 -26 -27 29 28 -30 -31
leaf_value=-0.034849589077217878 -0.019712332511856188 -0.019754338187047013 -0.019158785732829611 0.043157554656006458 0.011160390784287877 0.047057587836502553 -0.0301818907779292 0.027592362505861293 0.026782600466956481 0.020662048422664815 -0.035356451865199853 0.034118937276100623 0.0089425038773561019 -0.023976802572094676 0.0038579707094077808 -0.02609961271714737 0.041039353685861063 -0.0032819535108349774 -0.023754581555585842 -0.0039999323934463149 -0.01398230172232021 0.015705020138395399 0.0037438528881081688 0.052879985132003954 0.054125173838918308 0.03694262010177278 -0.040618439801383723 -0.047067540305230755 -0.036701545514159377 -0.036045394271661035
leaf_weight=18.900053540244699 5.6959708817303172 1.1576074473559881 1.3883822709321965 3.1226770579814902 4.0369848683476421 5.3991695493459693 5.4341676384210649 3.9539814293384534 4.9355470798909717 4.0374536141753179 5.045424267649655 7.0460194572806341 6.1998288854956654 6.1568277291953555 7.7440743185579768 4.6000638119876376 4.2471654862165433 4.3566468320786953 4.4142263978719711 4.7067455649375916 4.6531589403748512 2.2681555673480061 2.3944341763854018 4.3361709117889404 2.8094090297818175 13.287862554192541 3.6474300473928434 1.2527930289506892 6.9136253092437983 5.2459362894296646
leaf_count=441 33 16 12 15 26 26 28 16 26 25 75 31 39 34 39 25 22 27 24 22 29 12 10 17 13 115 21 5 98 66
internal_value=-0.000677792 -0.0141736 -0.00727716 -0.00130646 -0.00470421 0.00713663 0.011488 0.021284 0.0137626 -0.0200842 -0.0146805 0.00320838 0.0204816 0.0105184 0.0229998 -0.00665685 0.00302508 0.0185967 -0.00253631 0.0188531 0.00511643 0.0298801 -0.0279958 0.0389878 0.0369482 0.0338461 -0.0353874 -0.0359903 -0.0382918 -0.0379209
internal_weight=159.388 75.5633 56.6633 43.9871 40.8644 23.0887 83.8247 14.0063 78.1287 17.7757 9.08241 30.3908 47.7379 23.1726 17.0158 18.638 13.2039 8.60381 8.45168 11.7528 8.60714 24.5653 12.6762 9.27172 18.3654 15.556 10.2817 9.32403 8.16642 8.89337
internal_count=1388 905 464 355 340 172 483 71 450 168 101 155 295 116 82 102 74 49 49 53 45 179 109 43 140 127 99 119 103 87
is_linear=0
shrinkage=0.05


Tree=125
num_leaves=31
num_cat=0
split_feature=69 9 19 114 37 62 28 15 15 14 28 23 56 70 121 15 38 27 85 6 69 38 30 96 64 122 48 7 104 104
split_gain=11.2341 3.09654 3.13 3.82536 2.31354 2.25285 2.70083 2.1122 5.00663 2.36916 1.8363 2.73188 1.68243 3.05399 1.8158 1.67351 1.87014 1.49793 1.55373 1.54737 1.4603 1.3919 1.32141 0.693191 0.665236 1.223 0.174032 0.0371398 0.0358766 0.0298433
threshold=0.0074829861987382182 0.04089003428816796 0.014565383549779655 0.027864379808306698 1.555539131164551 0.0024095849366858606 0.58490559458732616 -0.052892152220010751 -0.074865296483039842 0.66785335540771495 0.82193458080291759 0.0018033884116448464 -0.2822751104831695 0.24731919169425967 0.90137338638305675 -0.2797823548316955 -0.14249149709939954 -0.50407302379608143 0.0023959358222782616 0.86878308653831493 0.0045129554346203813 -0.030716452747583386 2.2786110639572148 0.059058940038084991 0.47077654302120214 -0.17437862604856488 3.0315366983413701 5.3573532104492196 0.037400912493467338 0.051577469334006316
decision_type=2 2 2 2 2 2 2 2 2 2 2 2 2 2 2 2 2 2 2 2 2 2 2 2 2 2 2 2 2 2
left_child=7 2 -2 -4 -3 -5 28 8 10 -10 24 -12 -8 -14 23 29 17 22 -19 -20 -11 26 -17 -15 27 -26 -18 -1 -7 -6
right_child=1 4 3 5 15 6 12 -9 9 20 11 -13 13 14 -16 16 21 18 19 -21 -22 -23 -24 -25 25 -27 -28 -29 -30 -31
leaf_value=-0.034506384227655292 0.025305404731154148 -0.011859654411827902 0.040217175120716979 -0.048409737753628022 0.043507238912969461 -0.035246879104841915 0.026680273848499633 -0.035210592693750625 0.10588181622843074 -0.015564239600175009 -0.035698271581960477 0.060146715714177658 -0.047287437868517655 0.003529773516149973 0.020972972384330039 0.0040796835805408981 0.048383777798529176 -0.01989951758873941 -0.0055086649321851207 0.038879027081959686 0.053292410966703063 0.007842293154067162 0.040362974392519617 -0.036589895405451184 -0.036655068653918002 0.013570382278826933 0.035208427321247529 -0.044026308995056052 -0.044373269819167054 0.037730869734218665
leaf_weight=10.433907251805076 9.5627141371369344 5.8263956233859053 3.7888065576553336 3.9267763607203987 3.3572417199611646 4.5097331199795034 4.8385176174342677 16.32053635455668 0.98979828134179015 1.6285232398658993 1.4406771883368485 1.5362651441246269 3.6153482981026146 1.8515371531248073 7.1338804736733437 4.7459690868854487 4.6766170710325223 6.5468440949916848 4.7444301396608335 3.3495614752173424 1.4606092553585766 4.4863426685333279 5.3247413486242294 2.5726293697953224 2.6201714966446161 2.2553040795028201 5.4009287282824516 1.1360504925250996 1.4146360978484152 6.6953130066394806
leaf_count=303 38 31 13 19 16 80 21 385 5 31 39 12 15 13 35 22 16 26 21 20 13 18 28 28 31 20 31 5 7 46
internal_value=0.00101392 0.0100844 6.24222e-05 -0.00711077 0.0179369 -0.0131154 -0.0077718 -0.0213923 -0.0117961 0.0385626 -0.022372 0.013763 0.00100712 -0.00717958 0.00536613 0.0214563 0.0167971 0.00842107 -0.00178862 0.0128604 0.0169927 0.0310092 0.0232639 -0.0197996 -0.0289132 -0.0134217 0.0413226 -0.0354411 -0.0374261 0.03966
internal_weight=138.191 98.369 43.2146 33.6519 55.1544 29.8631 25.9363 39.8218 23.5013 4.07893 19.4224 2.97694 20.0119 15.1734 11.558 49.328 39.2754 24.7115 14.6408 8.09399 3.08913 14.5639 10.0707 4.42417 16.4454 4.87548 10.0775 11.57 5.92437 10.0526
internal_count=1388 544 269 231 275 218 199 844 459 49 410 51 112 91 76 244 182 117 67 41 44 65 50 41 359 51 47 308 87 62
is_linear=0
shrinkage=0.05


Tree=126
num_leaves=31
num_cat=0
split_feature=0 123 51 106 119 130 96 56 65 60 2 50 9 47 28 121 53 60 33 118 29 122 29 25 57 60 4 128 53 53
split_gain=14.6951 3.94083 2.49171 2.77466 3.14923 2.79396 2.43608 1.91054 2.32478 1.87572 2.41493 2.69787 1.86773 2.53822 2.70618 1.82244 3.66164 1.98525 1.66247 1.78257 1.47817 1.47779 2.0668 1.38147 1.73031 1.34067 1.0676 0.713882 1.54054 0.491315
threshold=0.01103473547846079 0.17758855223655703 0.017891378141939644 0.014735222328454258 1.540097236633301 0.15211752057075503 0.085743729025125517 -0.26866576075553888 0.97452884912490856 0.0051307145040482291 0.0021933149546384816 0.026196488179266456 0.014638573862612249 1.1254426240921023 0.41586916148662573 0.46933662891387945 0.16632162034511569 0.0090305362828075903 0.011396898888051512 0.10379184409976007 0.75677147507667553 -0.10378965362906455 0.9108792543411256 0.0037488496163859968 0.0031028126832097773 0.011905996594578029 -0.026684483513236042 0.34536346793174749 0.13539618998765948 0.26705019176006323
decision_type=2 2 2 2 2 2 2 2 2 2 2 2 2 2 2 2 2 2 2 2 2 2 2 2 2 2 2 2 2 2
left_child=12 2 3 7 5 -5 27 -2 15 10 -6 -12 -1 14 -14 16 -9 -18 19 -17 -19 22 -11 -21 -25 -7 -3 28 -4 -27
right_child=1 26 6 4 9 25 -8 8 -10 21 11 -13 13 -15 -16 18 17 20 -20 23 -22 -23 -24 24 -26 29 -28 -29 -30 -31
leaf_value=0.035346036761149766 -0.039097839747922691 0.0090085908885158116 0.011227867967195167 0.024174707928622155 0.022775968368962663 0.0087419610535078591 0.01628190097524471 0.048470125873002874 0.01565691036774677 -0.0082927788428501185 0.0085365305675249928 -0.045473742315063327 -0.020588387997455646 -0.023066807915079767 0.031279056057763328 0.010058563939149763 0.024207026803036873 0.012780057691096509 -0.044229796467895981 -0.043309167161561905 -0.037449988031609711 0.046325284552781329 0.034832305837445884 0.011044728402349642 -0.032901434904133546 -0.037516478474069415 0.043875436447753477 -0.036746220007234306 -0.036461388647284064 -0.0085603899849641275
leaf_weight=22.060976717621088 7.0122462213039389 5.1750222370028496 2.8176421672105851 3.5068069137632873 6.2303635999560383 2.3150639086961737 3.1845890879631034 2.9481351226568213 6.9166919440031043 5.5920795947313291 4.7990192994475347 4.4617117717862129 3.0298623740673127 3.6960042268037787 14.793957248330114 4.9597746245563092 2.5609619766473761 1.8922797739505748 7.0087673813104621 5.9163358658552161 6.4813673160970211 4.8023261800408354 5.5215464681386948 4.2351337373256666 4.7543056830763817 9.4922144487500173 3.8131118044257146 14.842888068407772 4.2443801984190941 1.7322870381176461
leaf_count=364 39 25 21 20 27 15 16 13 24 22 25 20 13 27 145 24 10 14 36 25 62 20 22 21 23 94 16 142 43 20
internal_value=-0.00017108 -0.00820456 -0.0104479 -0.0070103 0.00170211 -0.0156003 -0.0245796 -0.0147297 -0.0111455 0.0110931 -0.00129243 -0.017485 0.0251229 0.0146426 0.0224621 -0.015694 -0.000983518 -0.014317 -0.0232931 -0.0159065 -0.026099 0.0231481 0.0131329 -0.0245461 -0.0121974 -0.0259023 0.0238004 -0.0305201 -0.0174341 -0.0330477
internal_weight=180.798 137.217 128.229 103.139 48.4534 17.0464 25.0895 54.686 47.6738 31.407 15.4911 9.26073 43.5808 21.5198 17.8238 40.7571 13.8827 10.9346 26.8743 19.8655 8.37365 15.916 11.1136 14.9058 8.98944 13.5396 8.98813 21.9049 7.06202 11.2245
internal_count=1388 839 798 576 285 149 222 291 252 136 72 45 549 185 158 228 99 86 129 93 76 64 44 69 44 129 41 206 64 114
is_linear=0
shrinkage=0.05


Tree=127
num_leaves=31
num_cat=0
split_feature=53 18 33 23 66 16 37 23 71 38 45 23 93 66 111 26 102 29 9 91 84 81 23 98 47 69 102 111 91 30
split_gain=9.57134 4.12894 2.82612 2.50202 2.83477 2.64698 2.42983 2.15002 1.96833 1.96048 1.87961 1.8235 1.72742 2.95512 2.22535 1.68848 1.6385 2.2251 1.65583 1.63835 1.58289 1.42917 1.03274 2.22349 0.744655 0.537443 0.78913 0.185911 0.10029 0.0417372
threshold=0.13887489587068561 0.015789898112416271 0.014224585611373188 0.027967609465122226 2.5327074527740483 0.0025529164122417573 1.8613543510437014 0.0025395223638042812 0.22370028495788577 -0.043753501027822488 -0.19621621817350385 0.0066236769780516633 0.080541092902421965 2.1376199722290044 0.061287764459848411 0.010371713899075987 0.039857694879174239 0.9279497265815736 0.045120682567358024 0.37745295464992529 0.0040154084563255319 0.020182741805911068 0.0039546308107674131 2.2342483997344975 0.69642204046249401 0.0056339814327657231 0.081168100237846388 0.035617077723145492 0.18768905848264697 1.7172097563743594
decision_type=2 2 2 2 2 2 2 2 2 2 2 2 2 2 2 2 2 2 2 2 2 2 2 2 2 2 2 2 2 2
left_child=1 -1 3 4 11 10 -7 -2 9 16 -6 27 22 14 -14 -13 -9 18 -18 -8 -11 -4 -10 24 -24 26 -16 -3 -26 -29
right_child=7 2 21 -5 5 6 19 8 12 20 -12 15 13 -15 25 -17 17 -19 -20 -21 -22 -23 23 -25 28 -27 -28 29 -30 -31
leaf_value=-0.034792279816633076 -0.018974198346735287 -0.013653149711089434 -0.037537340677725128 0.042706080706790148 0.010841357421625251 -0.011188429158961309 0.012141165519029483 -0.029557799928630415 0.043232203691594029 0.041591108211545241 -0.035437350594750103 0.020192225093242817 -0.0064754244055737833 -0.028130446612548696 0.0019128372852679947 -0.025159047415064851 0.035985128428768276 -0.025437741435867328 -0.0091061216791461872 0.053303006408988829 0.0044239943849660041 0.0074161487543931539 0.0077329327093104876 -0.021705831177733448 0.039580730667493277 0.039409846169452825 0.039403394304602268 -0.046614924742342363 0.028207094082116496 -0.036550343642770815
leaf_weight=17.891021167859435 5.5992305986583224 0.86292644962668585 9.3688957709819061 3.0183595642447463 4.0297368280589554 4.1950735859572879 4.4835426211357099 5.5848912149667802 8.3517290391027945 4.7147480696439725 4.8163845650851771 4.0184448100626451 6.1243832781910958 4.18986041098833 3.1265615895390493 4.1948539651930332 5.0866447985172254 4.5391903631389132 3.3947474472224712 5.2459706030786037 7.3003199547529221 2.1793330907821646 2.9297077879309645 2.5048442408442488 7.0976690873503667 7.0610697567462921 2.5470467656850815 1.2154179960489271 2.6663069650530815 6.755211329087615
leaf_count=441 33 13 97 15 29 23 30 29 38 19 72 25 35 25 22 23 27 25 23 18 36 8 20 16 51 51 18 5 21 100
internal_value=-0.000660084 -0.0139563 -0.00710182 -0.00118371 -0.00451077 0.00703241 0.02062 0.0109434 0.0131127 0.00326496 -0.0143557 -0.0199298 0.0195838 0.00985287 0.0182915 -0.00297045 -0.00690191 0.00281584 0.017937 0.0343349 0.0190085 -0.0290539 0.0291075 0.0213458 0.0298412 0.0302025 0.0187434 -0.0356984 0.0364749 -0.0380851
internal_weight=155.094 72.2752 54.3842 42.8359 39.8176 22.7707 13.9246 82.819 77.2197 30.6205 8.84612 17.0469 46.5992 23.0489 18.8591 8.2133 18.6055 13.0206 8.48139 9.72951 12.0151 11.5482 23.5503 15.1985 12.6937 12.7347 5.67361 8.83356 9.76398 7.97063
internal_count=1388 899 458 353 338 172 71 489 456 159 101 166 297 151 126 48 104 75 50 48 55 105 146 108 92 91 40 118 72 105
is_linear=0
shrinkage=0.05


Tree=128
num_leaves=31
num_cat=0
split_feature=68 9 95 97 37 15 15 32 12 28 23 27 62 99 15 46 71 40 40 31 55 24 68 45 73 46 85 59 73 104
split_gain=10.5322 2.79387 2.85828 2.33824 2.14562 2.07867 4.6809 1.97196 1.81921 1.75662 2.5277 1.68044 2.27512 1.78483 1.64291 1.73799 3.01083 1.85351 3.00652 1.93012 1.39544 2.28947 1.30943 0.666035 0.601973 0.232307 0.175057 0.0743492 0.0271871 0.0257123
threshold=0.021573975682258609 0.04089003428816796 0.99621400237083446 0.071907252073287978 1.555539131164551 -0.052892152220010751 -0.074865296483039842 -0.023562500253319737 -0.12502238154411313 0.82193458080291759 0.0018033884116448464 -0.33482158184051508 0.0027910280041396622 0.87224531173706066 -0.2797823548316955 0.76840984821319591 0.25851196050643926 0.42318214476108557 0.36204704642295843 0.38433708250522619 2.8992326259613042 0.0048972608055919417 0.013215954881161453 -0.5160306692123412 6.1989777088165292 0.78593310713768016 0.0036591945681720976 0.012748036999255421 2.1938000917434697 0.051577469334006316
decision_type=2 2 2 2 2 2 2 2 2 2 2 2 2 2 2 2 2 2 2 2 2 2 2 2 2 2 2 2 2 2
left_child=5 2 3 -2 -3 6 9 -8 -4 23 -11 12 -5 20 29 -16 17 18 19 -17 21 -14 -9 -1 25 -25 -19 -13 -29 -6
right_child=1 4 8 11 14 -7 7 22 -10 10 -12 27 13 -15 15 16 -18 26 -20 -21 -22 -23 -24 24 -26 -27 -28 28 -30 -31
leaf_value=0.011536282961594854 0.057347437955458117 -0.011464669994027933 -0.00084095254083318613 -0.035052453547034977 0.042953889982496649 -0.03511807932064917 0.096117376792554776 -0.015043665856187155 0.032282002873895876 -0.035679485030186496 0.057769598114963627 -0.026145504364469652 -0.036076230570744099 -0.022846297816879697 0.035911820601480189 0.00044916334626018511 -0.030156820656496514 0.040059300450824328 -0.028507836777468584 0.040342905341916091 0.039776742011572601 0.03087506654544275 0.050299146046713976 -0.035336978302564756 0.011273039412322539 -0.0086514078569761687 0.025992252258296968 -0.035241374789173503 -0.042854674283943794 0.03748227418137904
leaf_weight=0.96667283773422497 1.2190258204937006 5.7565305903553954 7.9730938673019436 4.7998270131647685 3.2366844862699491 15.691189765930174 1.0452984943985937 1.5829498749226361 8.6348202452063543 1.3710951209068292 1.5323726758360861 1.7127565033733798 2.3533503003418428 3.9509720839560023 8.6800807416439039 6.3305278420448392 3.9521332904696456 5.6694504469633085 4.4437719509005538 5.8186239823698997 3.9453287161886692 2.7915769331157207 1.4868699908256529 13.165351094678039 0.78631834499538023 0.86940279603004533 3.6262169182300568 2.9727831743657589 1.9364596977829931 6.3780276849865913
leaf_count=15 4 31 27 34 16 390 5 31 32 39 12 22 25 22 34 26 18 33 19 34 15 19 13 332 7 5 18 55 9 46
internal_value=0.000989802 0.00983582 0.000215932 -0.0102372 0.0173847 -0.021111 -0.0114739 0.0368024 0.0163804 -0.0221026 0.0136404 -0.013605 -0.00562121 0.00521096 0.0208348 0.0162199 0.0104919 0.0166973 0.00668365 0.0195556 0.0174057 0.000250755 0.0166052 -0.028676 -0.0312988 -0.0336839 0.0345718 -0.0351151 -0.0382445 0.0393242
internal_weight=134.68 96.182 42.29 25.6821 53.892 38.4975 22.8063 4.11512 16.6079 18.6912 2.90347 24.4631 17.8411 13.0412 48.1355 38.5208 29.8407 25.8886 16.5929 12.1492 9.09026 5.14493 3.06982 15.7877 14.8211 14.0348 9.29567 6.622 4.90924 9.61471
internal_count=1388 539 264 205 275 849 459 49 59 410 51 201 115 81 244 182 148 130 79 60 59 44 44 359 344 337 51 86 64 62
is_linear=0
shrinkage=0.05


Tree=129
num_leaves=31
num_cat=0
split_feature=59 51 123 6 96 109 85 106 93 50 52 124 50 25 59 59 4 62 23 15 82 106 93 20 92 96 62 74 73 50
split_gain=13.5848 3.37555 2.98693 2.52427 2.28422 2.08041 2.35591 2.42322 2.5248 2.33483 1.94372 1.61095 1.7483 2.09618 2.46221 3.39872 1.42839 1.49015 1.40311 1.08761 0.891024 0.886139 0.824356 0.795961 0.721916 0.54645 0.470127 1.15506 0.394144 0.338835
threshold=0.0072306965012103328 0.019409047439694408 0.17758855223655703 0.83738514780998241 0.084026258438825621 0.012800225522369148 0.002259066561236978 0.015222748741507532 0.089180417358875289 0.039587041363120086 0.50820317864418041 0.38521479070186621 0.03743994981050492 0.0021602237829938535 0.0093010021373629587 0.0080474130809307116 0.23310463130474093 0.0039134594844654211 0.073337458074092879 -0.16723567992448804 0.0048862830735743054 0.021914023905992511 0.096048276871442809 0.018413001671433452 0.65404072403907787 0.056173063814640052 0.0033004560973495249 -0.26714165508747095 1.6597967147827151 0.022596186026930812
decision_type=2 2 2 2 2 2 2 2 2 2 2 2 2 2 2 2 2 2 2 2 2 2 2 2 2 2 2 2 2 2
left_child=3 2 5 -1 26 6 7 8 -2 11 -7 12 13 -8 15 20 17 19 23 -16 -15 -9 -17 -19 -4 -25 27 -3 -11 -5
right_child=1 4 24 29 -6 10 9 21 -10 28 -12 -13 -14 14 16 22 -18 18 -20 -21 -22 -23 -24 25 -26 -27 -28 -29 -30 -31
leaf_value=-0.015006250440600595 -0.032685127143244945 -0.036526603802272344 0.034051693367529647 0.035622441850933544 0.024583822514834871 0.036928741567336214 -0.046160233106825634 0.038434807762011566 0.013205489831003401 -0.016521714668100086 -0.0061098954394701102 -0.041348503622885044 0.023332986515753849 -0.032139207124247303 -0.02058700852576055 0.013231824707761814 0.016304041033397911 0.0021017490448644667 -0.00040628442511653901 0.010259964295747402 0.0019396506516777734 0.0085487612019890229 0.043693822309066051 -0.018404177366700008 0.0063078888990455413 -0.036809907826993352 -0.036304456305950181 0.012956246008668222 -0.038545515154564433 0.0084053527562199231
leaf_weight=2.8391982316970852 5.6895317696034926 3.2120214961469173 5.8864813819527608 26.889277402311567 2.0376148819923392 5.2549251765012723 3.5636499449610701 5.4377754032611829 6.3338808827102184 2.6838228404521933 5.2385382354259491 3.5435267239809027 4.5039570294320574 3.782597471028569 4.5766542181372643 3.9409714564681035 3.7888114601373664 1.9564671665430129 5.7227448001503936 7.6072635874152166 3.8911266848444939 4.5604272335767746 5.0886984169483185 5.7275028303265598 3.8970308601856232 13.627092983573673 12.987036146223543 1.8635636866092742 8.357588663697241 1.1943124495446671
leaf_count=14 30 32 31 446 11 28 14 23 36 23 37 18 20 16 22 22 27 8 27 31 24 19 26 55 15 115 135 16 58 9
internal_value=-0.000160042 -0.00658609 -0.00352024 0.0299227 -0.0256004 -0.00577888 -0.00791227 0.00661463 -0.00851015 -0.0117964 0.015443 -0.00848404 -0.00676583 -0.00890833 -0.00668503 0.00960695 -0.0130127 -0.015845 -0.0223881 -0.00132711 -0.0148588 0.024803 0.0303988 -0.0282909 0.0230006 -0.0313632 -0.0312616 -0.0183584 -0.0331922 0.034465
internal_weight=175.684 144.761 124.661 30.9228 20.1002 114.878 104.384 22.0216 12.0234 82.3625 10.4935 71.3211 67.7775 63.2736 59.7099 16.7034 43.0065 39.2177 27.0338 12.1839 7.67372 9.9982 9.02967 21.3111 9.78351 19.3546 18.0626 5.07559 11.0414 28.0836
internal_count=1388 919 725 469 194 679 614 108 66 506 65 425 407 387 373 88 285 258 205 53 40 42 48 178 46 170 183 48 81 455
is_linear=0
shrinkage=0.05


Tree=130
num_leaves=31
num_cat=0
split_feature=53 18 33 59 63 1 23 90 1 18 45 77 101 37 56 72 105 81 62 105 24 74 62 77 95 56 47 61 32 47
split_gain=8.79643 3.97517 2.64739 2.4264 2.68636 2.35448 2.00191 1.87889 2.57073 2.31037 2.60716 1.94458 1.79758 1.69621 1.458 1.8411 1.84269 1.40419 1.22349 2.41476 1.44413 1.39204 1.12237 1.08865 0.935488 0.698975 0.667678 0.818749 0.143311 0.0521747
threshold=0.13887489587068561 0.015789898112416271 0.014224585611373188 0.0068702215794473895 0.053490357473492629 0.0027117297286167745 0.0025395223638042812 0.11185791343450548 0.026558738201856617 0.03016054350882769 -0.35350690782070154 0.046787796542048461 0.31112331151962286 2.1547259092330937 -0.14493882656097409 0.11401813849806787 0.0043571945279836663 0.020182741805911068 0.0044448063708841809 0.006253753788769246 0.078130032867193236 -0.15505190938711164 0.0037234239280223851 0.027897120453417305 0.79574549198150646 -0.077640071511268602 0.80946364998817455 0.010551348328590395 0.027401622384786609 0.6778332293033601
decision_type=2 2 2 2 2 2 2 2 2 2 2 2 2 2 2 2 2 2 2 2 2 2 2 2 2 2 2 2 2 2
left_child=1 -1 3 28 14 -6 -2 11 9 10 -9 18 -12 -7 15 22 -17 -4 19 21 26 -8 -5 -11 -21 -16 27 -20 -3 -29
right_child=6 2 17 4 5 13 7 8 -10 23 12 -13 -14 -15 25 16 -18 -19 20 24 -22 -23 -24 -25 -26 -27 -28 29 -30 -31
leaf_value=-0.034723486634967875 -0.018578388328581431 -0.036121285156871269 -0.037335308273970018 -0.038092371813252167 -0.020313777387228435 0.015117251730736962 0.043593297205092092 0.028820998715412927 0.037238669810439433 -0.039613895289800582 0.019356104812457017 -0.0054523771571416595 -0.033330346566776567 0.054986559591091715 -0.044246011407278921 0.03607758601487681 -0.0080562905023419812 0.0075550263440368644 0.0085807493072398225 0.011901481103265698 0.00072689012647306163 0.0063019143426803498 0.0054043646436882763 -0.0031077832121682008 -0.027823987397261288 -0.012486768044269882 0.054922045682171731 0.027718841675968262 -0.013725631628496569 0.037188661622975072
leaf_weight=16.91935340501368 5.4833231605589381 4.5078348554670802 8.9458370897918922 3.5679037142544958 2.7885115798562756 6.6664112098515016 5.7054510489106187 7.2279363870620754 4.3840261548757544 5.1503823772072774 2.5547526553273228 7.1428329050540915 4.4196742121130228 4.4475300721824169 3.004840973764658 4.9964799545705301 4.4908183570951223 2.1633181869983664 3.331691652536402 2.4319424182176581 3.6361858919262877 4.4577387049794206 2.5380910262465477 3.3839971646666527 3.7938814274966717 4.0913136880844876 3.4613781198859206 1.6431663408875454 0.84882330149412144 12.668452404439448
leaf_count=441 33 91 97 34 38 38 27 36 35 29 16 25 32 16 22 23 30 8 16 10 18 21 15 16 30 30 16 15 16 114
internal_value=-0.000639959 -0.0136201 -0.00689052 -0.00114291 0.00345803 0.0207652 0.0105908 0.0127123 0.00218169 -0.00457789 0.00777738 0.0186287 -0.0140311 0.031072 -0.00714654 0.00140371 0.0151868 -0.0285937 0.0228107 0.0122152 0.0298295 0.0272367 -0.020012 -0.0251387 -0.0123064 -0.0259351 0.0348436 0.0309045 -0.0325724 0.0361014
internal_weight=150.854 69.9771 53.0577 41.9486 36.5919 13.9025 80.8768 75.3935 27.1208 22.7367 14.2024 48.2727 6.97443 11.1139 22.6894 15.5933 9.4873 11.1092 41.1299 16.389 24.7409 10.1632 6.10599 8.53438 6.22582 7.09615 21.1047 17.6433 5.35666 14.3116
internal_count=1388 899 458 353 246 92 489 456 164 129 84 292 48 54 154 102 53 105 267 88 179 48 49 45 40 52 161 145 107 129
is_linear=0
shrinkage=0.05


Tree=131
num_leaves=31
num_cat=0
split_feature=68 18 53 7 114 104 28 69 10 76 2 46 88 84 56 127 9 115 34 19 70 38 106 78 1 98 34 115 0 7
split_gain=9.7607 2.5775 2.26605 1.75208 1.70193 2.6015 2.04989 1.74917 4.28823 1.63244 3.54991 2.52142 1.62431 1.94065 1.55801 1.50594 1.40488 1.89767 0.925773 1.40257 0.924606 0.772789 0.658011 0.338375 0.0185219 0.00524456 0.00216445 0.00106403 0.000722004 0.000426075
threshold=0.021573975682258609 0.039378585293889053 0.20786391198635104 4.9294843673706064 0.027436547912657264 0.05889235436916352 0.57704290747642528 0.0089646587148308771 0.010639644227921964 1.0172188282012942 0.074887208640575423 0.72699707746505748 0.0016795051051303746 0.0016254004440270366 -0.3432877361774444 0.0039519723504781732 0.056222539395093925 0.13932241499423983 0.39433999359607702 0.019866477698087696 0.19692530483007434 -0.16313707083463666 0.013235208578407766 0.0044822264462709436 0.081375382840633406 3.7979278564453129 0.43442720174789434 0.10028818994760515 0.0083675077185034769 4.2818799018859872
decision_type=2 2 2 2 2 2 2 2 2 2 2 2 2 2 2 2 2 2 2 2 2 2 2 2 2 2 2 2 2 2
left_child=3 2 4 9 -2 6 22 -8 -9 10 11 27 14 16 -10 -15 17 -14 -16 -20 -11 -4 -6 -3 25 28 -7 -1 -22 -30
right_child=1 23 21 -5 5 26 7 8 12 20 -12 -13 13 15 18 -17 -18 -19 19 -21 24 -23 -24 -25 -26 -27 -28 -29 29 -31
leaf_value=-0.036076460628628945 0.033364298683416137 -0.012256660224792743 0.0045715550254356047 0.0074059808647468283 0.0024874319753002533 0.037037115221210545 0.030730037760543946 -0.036779362606694753 -0.0039041257516939324 0.029361485724744809 0.069355876130496 0.02268692232168093 -0.03521073091865335 0.042505862595645025 0.041353628266222318 0.0044948588369386486 0.013818738035279618 0.0040452831617344143 -0.001542675548607559 0.039519921890324314 -0.033857787962897797 -0.039493354993834863 -0.038088539009064441 -0.040017107463752526 -0.04042454813613014 -0.03752817198553246 0.038731740727699006 -0.034449408741449486 -0.034415754682713906 -0.035564579871179301
leaf_weight=1.2047792579978684 9.2813137844204885 1.9790110141038884 1.5421367213129995 4.7986674066632977 1.4806814193725575 4.9361176341772071 8.6530696302652341 5.1735144201666108 4.6240854859352138 0.57571493275463836 1.2657628953456868 2.5971366968005896 6.3436089083552414 4.4365370795130712 7.8336866348981884 6.3143805414438248 5.7225913926959029 5.9812861643731594 4.4995464608073217 3.8665650114417076 7.014802513644109 2.8043230548501006 3.0724285989999771 2.4649334009736776 1.4051856696605671 1.3121598660945881 3.0476312935352325 6.0542405340820551 9.9526607189327443 0.87830591201782304
leaf_count=19 38 14 15 31 16 39 38 32 18 5 4 23 26 21 38 29 29 29 27 19 319 34 33 26 7 11 18 158 261 11
internal_value=0.000950733 0.00951389 0.0113571 -0.0207827 0.0131522 0.0106834 0.00751339 0.0098389 0.00653988 -0.0249757 -0.00946959 -0.0195926 0.0110562 0.00336383 0.0216945 0.0201807 -0.00665401 -0.0161597 0.0290014 0.0174352 -0.033134 -0.023859 -0.0248931 -0.0276546 -0.0348837 -0.0344773 0.037684 -0.0347195 -0.034253 -0.0345089
internal_weight=131.117 94.0574 89.6135 37.0594 85.267 75.9857 68.002 63.4489 54.7958 32.2607 11.1219 9.85616 49.6223 28.7984 20.8239 10.7509 18.0475 12.3249 16.1998 8.36611 21.1388 4.34646 4.55311 4.44394 20.5631 19.1579 7.98375 7.25902 17.8458 10.831
internal_count=1388 539 499 849 450 412 355 306 268 818 204 200 236 134 102 50 84 55 84 46 614 49 49 40 609 602 57 177 591 272
is_linear=0
shrinkage=0.05


Tree=132
num_leaves=31
num_cat=0
split_feature=59 51 123 58 64 113 10 96 42 25 91 32 42 14 80 19 58 59 96 74 4 52 93 18 5 22 62 41 106 96
split_gain=12.5622 3.30166 2.89235 2.28654 5.2078 2.23795 2.43909 2.2051 2.11922 2.09351 2.04186 1.56803 1.50685 1.74599 2.06468 2.41633 2.38909 2.34831 1.52986 1.83785 1.46831 1.4652 1.47046 1.27346 1.1944 0.987687 0.479353 1.22706 0.110539 0.0795333
threshold=0.0068702215794473895 0.019409047439694408 0.17758855223655703 1.2739882469177248 -0.19059856981039044 0.18135842680931094 0.0049328503664582976 0.084026258438825621 0.0069881791714578876 0.0025935103185474877 0.59851205348968517 0.031396348029375083 0.0022352770902216439 1.3350285291671755 0.013902077917009594 0.01884810067713261 0.50035980343818676 0.0093010021373629587 0.076148089021444335 -0.2060432434082031 -0.20337978005409238 0.2421425133943558 0.088263213634490981 0.028148368000984195 0.0664825774729252 0.040531070902943618 0.0033004560973495249 0.028510867618024353 0.025102863088250164 0.082791518419981017
decision_type=2 2 2 2 2 2 2 2 2 2 2 2 2 2 2 2 2 2 2 2 2 2 2 2 2 2 2 2 2 2
left_child=24 2 3 4 -2 6 23 26 -7 21 12 -4 -11 -14 15 18 -17 -18 20 -20 -15 22 -8 -6 -1 -5 27 -3 -27 -10
right_child=1 7 11 25 5 8 9 -9 29 10 -12 -13 13 14 -16 16 17 -19 19 -21 -22 -23 -24 -25 -26 28 -28 -29 -30 -31
leaf_value=-0.0042588084559837484 0.066087210582542105 -0.036465996373605002 0.0026093683871788553 -0.0012503821412398195 0.048586952392004702 0.0053085754458409538 -0.02586929435614559 0.024046396956080528 -0.037727236858204609 -0.031918541064672512 0.034041397155335711 0.042288289660728139 -0.030259257831837656 0.043849257525430597 0.031550422333630458 -0.037882443513224326 0.030520009274748572 -0.013018217589778051 -0.028033874678973548 0.016224812593837203 0.0074850323582295701 -0.044018145625795264 0.0067106670846568718 0.0074317127224677289 0.035414510106782086 -0.038770092363139622 -0.036152278207221215 0.015566580830155028 -0.025686715182596871 -0.025972402423512515
leaf_weight=2.0640907511115101 2.6726162992417803 3.1395435445010724 4.853618595749138 2.8583472669124594 3.3350924476981154 4.6089078299701205 7.6006089821457881 2.041994795203208 8.2484037354588491 3.9717554822564116 4.1673170663416377 5.11257503926754 4.3761576414108267 5.0705210417509079 5.5060500167310229 6.4695856459438827 4.1468926891684559 12.233952347189186 4.201462134718895 5.310123819857834 6.1341814920306224 4.4330567158758631 6.3624458312988281 4.3070847503840923 23.450013808906078 6.1234729215502721 12.353754729032515 1.7729135714471338 2.1924455799162388 1.7430733144283284
leaf_count=13 14 31 28 23 36 24 37 11 80 18 23 19 36 23 30 33 32 56 22 26 28 23 24 29 422 52 135 17 21 22
internal_value=-0.000153948 -0.00583417 -0.00288466 -0.00510408 -0.00281366 -0.004615 -0.0015952 -0.0250879 -0.0227388 -0.00417374 0.000247263 0.0229643 -0.00220535 2.61537e-06 0.00270128 -0.000944738 -0.0121567 -0.0019963 0.0114222 -0.00332516 0.0239411 -0.0189747 -0.0110238 0.0253921 0.0322049 -0.0266056 -0.0308988 -0.0176874 -0.0353207 -0.0356765
internal_weight=170.862 145.348 126.04 116.074 104.899 102.227 87.6263 19.3082 14.6004 79.9841 61.588 9.96619 57.4207 53.4489 49.0728 43.5667 22.8504 16.3808 20.7163 9.51159 11.2047 18.3961 13.9631 7.64218 25.5141 11.1743 17.2662 4.91246 8.31592 9.99148
internal_count=1388 953 759 712 616 602 476 194 126 411 327 47 304 286 250 220 121 88 99 48 51 84 61 65 435 96 183 48 73 102
is_linear=0
shrinkage=0.05


Tree=133
num_leaves=31
num_cat=0
split_feature=53 18 33 59 76 2 103 29 42 97 71 90 43 95 18 58 106 124 81 62 71 9 1 3 62 104 2 94 47 32
split_gain=8.10514 3.84384 2.49805 2.26112 2.51118 2.46479 1.86404 3.24288 2.7383 2.3913 2.31504 2.72756 2.51129 2.61924 1.7514 1.42581 2.18795 1.96827 1.37285 1.11326 1.10838 1.05436 1.02954 0.966199 0.782994 0.756677 0.609141 0.499548 0.202451 0.145932
threshold=0.13887489587068561 0.015789898112416271 0.014224585611373188 0.0068702215794473895 1.1165841817855837 0.0025760560529306535 0.14509737491607669 0.93382519483566295 0.0069881791714578876 0.24475169181823733 0.24022635817527774 0.1110816076397896 0.066445309668779387 0.82004314661026012 0.03068950213491917 0.65271925926208507 0.011924736201763155 0.145427480340004 0.020182741805911068 0.0063889191951602706 0.10797180980443956 0.046120280399918563 0.0027117297286167745 0.007733984850347043 0.0043370989151299008 0.015864346176385883 0.0060353102162480363 0.10030272603034975 0.80552467703819286 0.027401622384786609
decision_type=2 2 2 2 2 2 2 2 2 2 2 2 2 2 2 2 2 2 2 2 2 2 2 2 2 2 2 2 2 2
left_child=1 -1 3 29 15 22 8 21 26 -9 12 27 13 14 23 16 -5 -18 -4 -11 -7 25 -6 -10 -17 -8 -2 -12 -27 -3
right_child=6 2 18 4 5 20 7 9 10 19 11 -13 -14 -15 -16 24 17 -19 -20 -21 -22 -23 -24 -25 -26 28 -28 -29 -30 -31
leaf_value=-0.034666168165937865 -0.011817996644770387 -0.036002333836499603 -0.037171587203498606 0.025396003874599123 -0.035172248683363584 0.049514639747521558 0.014399573228864652 -0.031727591961469896 -0.018109845431248228 -0.0041844980389356603 0.020944106531442852 -0.01144772519093885 0.035269773052342988 0.021387043000195394 0.0035997744023445592 -0.03770702517590533 0.013706856798837012 -0.03270954492755955 0.0075864935738919771 0.036961755219756316 0.014517707370475481 0.0086076339225070238 0.018989034629325413 -0.05293292133894073 -0.005144389619577517 0.036781847489829787 -0.0424618924775296 0.040792193521621473 0.05080859703477808 -0.013009723835073723
leaf_weight=16.037511957809329 3.3938258662819853 4.2590146269649258 8.5408672932535392 6.1302758529782322 2.2144287489354606 5.3486785516142827 3.6223339140415254 4.4356095436960441 3.6973953023552948 3.3895804900676012 5.1670070439577129 4.618555672466754 3.5268113315105429 4.4880502969026557 4.0111225172877303 4.466436404734849 3.9639348015189153 5.3888565935194492 2.1431421488523474 3.1919877231121063 3.9208657406270504 4.7873871475458136 1.4532238207757471 4.318399615585804 3.1467792466282845 11.729545421898363 3.1057318523526192 8.2029841616749746 3.2950951606035224 0.82354601100087155
leaf_count=441 23 91 97 28 35 19 31 25 21 21 33 26 13 30 20 54 21 38 8 26 22 27 12 21 17 76 18 65 13 16
internal_value=-0.000599869 -0.013276 -0.00665351 -0.00105637 0.0033473 0.0209836 0.0102877 0.0190206 0.00353136 -0.00335235 0.00865716 0.0216785 -0.00303015 -0.0112092 -0.023373 -0.00653152 0.00217984 -0.0130372 -0.0281934 0.015771 0.0347115 0.0295387 -0.0137121 -0.0368703 -0.0242479 0.0349126 -0.0264608 0.0331216 0.0398581 -0.0322768
internal_weight=146.819 67.8376 51.8 41.116 36.0335 12.9372 78.9814 34.4515 44.5299 11.0172 38.0303 17.9885 20.0418 16.515 12.0269 23.0963 15.4831 9.35279 10.684 6.58157 9.26954 23.4344 3.66765 8.01579 7.61322 18.647 6.49956 13.37 15.0246 5.08256
internal_count=1388 899 458 353 246 88 489 219 270 72 229 124 105 92 62 158 87 59 105 47 41 147 47 42 71 120 41 98 89 107
is_linear=0
shrinkage=0.05


Tree=134
num_leaves=31
num_cat=0
split_feature=68 18 53 14 124 76 92 46 117 104 28 64 25 90 5 26 86 129 57 24 18 38 62 62 122 6 1 43 92 34
split_gain=8.99938 2.39325 2.07626 1.68712 2.94817 1.81448 3.72474 2.44161 1.59231 2.49243 1.89039 1.66963 1.50822 2.40998 1.71706 1.74985 2.09276 1.19259 1.02758 0.930272 0.767713 0.744797 0.550703 0.341455 0.338925 0.0172661 0.0166307 0.00622328 0.00553609 0.00179871
threshold=0.021573975682258609 0.039378585293889053 0.20786391198635104 5.3775548934936532 0.16723434627056125 1.0172188282012942 -0.01716112811118364 0.72699707746505748 0.018291031941771511 0.05889235436916352 0.57704290747642528 0.51617601513862621 0.0021602237829938535 0.23111788928508761 0.79975429177284252 0.0038999181706458334 0.0026055173948407177 0.097931921482086196 0.0014324158546514811 0.0040464992634952077 0.016539684496819976 -0.16313707083463666 0.0038520365487784152 0.0054595544934272775 -0.17812606692314145 1.2303406596183779 0.081375382840633406 0.028348560445010666 0.67592912912368786 0.43442720174789434
decision_type=2 2 2 2 2 2 2 2 2 2 2 2 2 2 2 2 2 2 2 2 2 2 2 2 2 2 2 2 2 2
left_child=3 2 8 5 -5 6 -1 27 -2 10 22 -12 18 14 15 16 -14 -17 -13 20 -18 -4 -10 -3 -6 -26 28 -8 -7 -11
right_child=1 23 21 4 24 26 7 -9 9 29 11 12 13 -15 -16 17 19 -19 -20 -21 -22 -23 -24 -25 25 -27 -28 -29 -30 -31
leaf_value=0.072607831512415857 0.032412803732495145 -0.010935423858700971 0.0045589757278611245 0.040468771199509389 -0.0029293919871329192 -0.034276284554237389 -0.034548392586979136 0.021618771587263302 -0.00025195417733603933 0.036813414961110867 0.03186129585447571 0.0099128738485094459 0.01494000508819511 -0.035342949222623654 0.028671839570693771 0.02925365616309519 -0.010476599020055467 -0.0015882331074066212 0.040828014307575169 -0.00079832658889441633 -0.040139649564495047 -0.039246935834807199 -0.03737010553546221 -0.039387629938094589 -0.044025561368988525 -0.035186518512590657 -0.040180222998845348 -0.039418195495795637 -0.038787096595202457 0.03839740010204206
leaf_weight=1.2344194930046803 9.1113032177090627 1.8429629467427719 1.5227426812052725 2.8690039385110131 0.94145314767956767 16.534497274085886 6.2607449553906918 2.6090751420706511 1.5315701588988293 4.6863940134644499 7.3133637495338908 6.3601078093051893 6.7667801193892982 3.879106491804122 6.8765573799610129 7.1729404628276807 3.6264218203723413 5.5669779926538467 4.6552993059158325 4.6346876304596654 5.4735487587749958 2.6746288239955893 2.8751984760165215 2.4647341389209032 0.84360073134303126 1.6010308209806678 1.3726806938648213 0.73284251987934101 0.70937782153487106 2.9021482840180397
leaf_count=9 38 11 15 17 9 563 163 23 12 39 29 27 35 17 36 33 15 29 22 27 36 34 37 29 4 40 7 9 5 18
internal_value=0.000896039 0.00917 0.0109586 -0.0204065 0.00317701 -0.025415 -0.00914937 -0.0196592 0.0126849 0.0102663 0.00717864 0.00941635 0.00643251 0.00229003 0.00592886 0.00122408 -0.00781912 0.0157766 0.0229781 -0.0190321 -0.0283187 -0.0233548 -0.0244697 -0.0272149 -0.02842 -0.0382367 -0.0348835 -0.0350587 -0.0344619 0.0374192
internal_weight=127.646 91.9375 87.6298 35.7087 6.25509 29.4536 10.8371 9.60266 83.4324 74.3211 66.7326 62.3258 55.0124 43.997 40.1179 33.2414 20.5014 12.7399 11.0154 13.7347 9.09997 4.19737 4.40677 4.3077 3.38608 2.44463 18.6166 6.99359 17.2439 7.58854
internal_count=1388 539 499 849 70 779 204 195 450 412 355 306 277 228 211 175 113 62 49 78 51 49 49 40 53 44 575 172 568 57
is_linear=0
shrinkage=0.05


Tree=135
num_leaves=31
num_cat=0
split_feature=0 0 18 71 40 12 106 105 38 74 4 27 117 111 87 35 81 17 44 57 110 113 97 22 46 91 20 50 0 54
split_gain=11.0988 3.31261 2.88919 2.88666 2.20659 1.91575 1.9141 1.81882 2.54029 1.80603 3.44022 1.95237 1.90363 2.14942 1.66147 1.56463 1.25523 1.22095 1.26785 1.88988 3.62375 1.18328 1.92178 0.928317 0.7888 0.763632 0.463967 0.435309 0.311781 0.041187
threshold=0.0092785228043794649 0.018880328163504604 0.03016054350882769 0.24022635817527774 0.54196867346763622 0.0034414911642670636 0.012126551009714605 0.014561005868017675 -0.18297414481639859 -0.1378604248166084 -0.13214367628097531 -0.41934363543987269 0.039741523563861854 0.083512898534536376 0.00073290383443236362 0.091372311115264906 0.0063424117397516975 1.3383615612983706 0.0020730188116431241 0.0038975098868831996 0.34283894300460821 -0.0045344689860939971 0.23102250695228579 0.0723138563334942 0.55576762557029735 0.36076778173446661 0.065543394535779967 0.07318259030580522 0.014163868501782419 0.087165504693984999
decision_type=2 2 2 2 2 2 2 2 2 2 2 2 2 2 2 2 2 2 2 2 2 2 2 2 2 2 2 2 2 2
left_child=15 2 4 6 9 -4 -3 17 -9 11 28 12 13 -2 -6 -1 -7 18 -8 20 -20 -14 -23 27 -16 -13 29 -21 -11 -5
right_child=1 3 5 26 14 16 7 8 -10 10 -12 25 21 -15 24 -17 -18 -19 19 23 -22 22 -24 -25 -26 -27 -28 -29 -30 -31
leaf_value=0.034771507626938279 -0.018984118401491654 0.015350566240385999 -0.0075248058887337141 -0.043674508889445102 0.0046972771722631453 0.044649555336352981 -0.038461170080927358 0.03913115443219152 -0.022350064110363818 0.043952849894883878 -0.011284955345412139 -0.0021831969764398605 -0.042842106486657205 0.030897526989141746 -0.016358482929870778 -0.028789568248186473 0.010819542932672054 0.013744645786447317 -0.02604702556819204 -0.036980878180577444 0.048992892868578636 -0.034301079003516644 0.0076942946070560226 -0.0019172493083974302 -0.043296637920777127 0.029094265473799636 -0.010293858808880818 -0.010666790795574699 0.024564293920271027 -0.036060961553147176
leaf_weight=20.632014196366075 4.3381269499659485 6.8018403127789488 4.7735053934156886 2.0964627563953391 4.4268155470490447 6.4602246247231943 7.9880691394209924 3.5589344203472137 3.1825338751077643 4.978289954364298 7.0714537724852553 3.4679948017001214 5.21042551472783 4.3005544543266296 4.8175561912357789 1.015881836414336 4.7639014050364494 2.6797346845269194 3.6238683909177807 8.916277810931204 2.8933737576007843 5.6012826636433619 5.3037077896296978 3.2627949118614188 6.2340280190110207 4.4626128599047661 1.8103251270949829 1.9079888500273217 3.5535268038511276 11.633112814277409
leaf_count=416 24 35 23 11 22 34 72 19 28 32 38 18 25 21 30 5 27 15 37 89 11 32 34 14 27 22 18 21 14 152
internal_value=-0.00153112 -0.00667891 8.5368e-06 -0.0155169 -0.00475782 0.0190072 -0.00907783 -0.0134488 0.0101069 0.000508152 0.0145033 -0.00617296 -0.0130898 0.00584823 -0.0211861 0.0317887 0.0302909 -0.0185269 -0.0215514 -0.0149957 0.00726745 -0.0232416 -0.0138764 -0.0252955 -0.0315539 0.0154169 -0.0340863 -0.0323425 0.0358775 -0.0372235
internal_weight=161.767 140.119 79.764 60.3553 63.7664 15.9976 44.8154 38.0136 6.74147 48.288 15.6033 32.6847 24.7541 8.63868 15.4784 21.6479 11.2241 31.2721 28.5924 20.6043 6.51724 16.1154 10.905 14.0871 11.0516 7.93061 15.5399 10.8243 8.53182 13.7296
internal_count=1366 945 423 522 339 84 341 306 47 260 84 176 136 45 79 421 61 259 244 172 48 91 66 124 57 40 181 110 46 163
is_linear=0
shrinkage=0.05


Tree=136
num_leaves=31
num_cat=0
split_feature=23 1 18 53 128 88 115 114 129 47 6 16 0 26 81 79 80 88 122 32 100 84 124 47 65 24 21 97 55 94
split_gain=10.137 3.50147 2.29843 2.84472 2.29974 2.22101 1.97179 2.34834 1.92039 1.92849 2.78687 1.9915 1.69387 1.67627 1.61806 1.57258 1.55759 1.25479 1.20771 1.68029 0.787179 0.74361 0.617015 0.591267 0.5372 0.433286 0.162515 0.162417 0.142923 0.0868271
threshold=0.0075177061371505269 0.0040590430144220599 0.025174147449433807 0.22843403369188311 0.52562668919563305 0.0007866526721045376 0.16618707031011584 0.045073052868247039 0.036055931821465499 0.92272552847862255 0.81749173998832714 0.0043830338399857291 0.015398733317852022 0.0031204737024381761 0.0012077675200998785 0.012161116581410171 0.0048800446093082437 0.018843502737581733 -0.23613493144512174 0.027317985892295841 0.35090807080268865 0.012218127027153971 0.34996205568313604 0.6778332293033601 0.7138543725013734 0.0057973056100308904 0.0077056391164660462 0.22485020756721499 1.8613101840019228 0.30452473461627966
decision_type=2 2 2 2 2 2 2 2 2 2 2 2 2 2 2 2 2 2 2 2 2 2 2 2 2 2 2 2 2 2
left_child=1 18 22 4 -4 -3 7 15 -7 10 13 16 -8 -10 -15 -6 -11 -9 19 -1 -12 -14 27 -5 -22 -20 -26 28 -2 -25
right_child=2 5 3 23 6 8 12 17 9 11 20 -13 21 14 -16 -17 -18 -19 25 -21 24 -23 -24 29 26 -27 -28 -29 -30 -31
leaf_value=-0.036274679333591638 0.037239901664033112 0.035348291089060672 0.042234935489701836 0.0080390572212930087 -0.018999288845870807 0.03856531294559392 -0.0143861313911633 -0.014697563031901152 0.022999092407448206 0.031023668326053445 -0.00041408161565199077 0.044171987295358865 0.042754910545762297 0.0096978709616198956 -0.025931621367336118 0.018031873147914785 -0.022900501342563658 -0.055595019017128856 -0.034608826717193994 0.023393677783095774 -0.016715011295912664 0.010953412457202466 0.014112154032388941 0.037408987853147023 -0.023374149072995665 0.0052419321765622279 -0.038719042727691194 0.02941549857453948 0.051355852958354375 0.025636014148548436
leaf_weight=2.2552169058471945 4.4957104548811895 3.2198208868503562 3.2324594706296912 2.4876803420484057 4.9900318235158974 2.1639411337673655 3.3778286874294263 4.0856749694794408 5.4008122533559826 1.9827567152678947 2.3910565711557892 3.0322520434856415 4.052407443523407 5.7138175964355451 7.2042157985270023 6.7382814884185791 4.125428793951869 3.4670176208019257 19.067126613110307 2.4744571559131145 4.8124866597354439 3.3642095625400543 3.3043711669743052 8.3592165037989599 2.0508398786187163 0.70739462785422702 10.875337058678268 3.2038488537073135 2.9829526916146278 1.9271716326475132
leaf_count=34 40 20 17 22 21 13 26 31 30 17 17 12 24 24 39 37 38 16 531 16 31 20 23 77 22 10 109 23 11 15
internal_value=-0.000174204 -0.0121262 0.0152415 0.0098531 0.00215976 -0.00489676 -0.00214745 -0.0117266 -0.00750126 -0.00959598 -0.0145036 0.0110475 0.0149629 -0.000392566 -0.0101722 0.00227627 -0.00539637 -0.0334713 -0.0277546 -0.00505756 -0.0273451 0.0283296 0.0329942 0.0299132 -0.0309753 -0.0331832 -0.0362845 0.0388349 0.0428702 0.0352033
internal_weight=137.546 77.477 60.0689 46.082 33.3079 52.9728 30.0755 19.281 49.7529 47.589 38.4486 9.14044 10.7944 18.3188 12.918 11.7283 6.10819 7.55269 24.5042 4.72967 20.1297 7.41662 13.9869 12.7741 17.7387 19.7745 12.9262 10.6825 7.47866 10.2864
internal_count=1366 963 403 306 192 372 175 105 352 339 272 67 70 93 63 58 55 47 591 50 179 44 97 114 162 541 131 74 51 92
is_linear=0
shrinkage=0.05


Tree=137
num_leaves=31
num_cat=0
split_feature=9 18 62 0 32 90 113 53 0 109 109 64 88 73 96 110 97 94 94 87 112 31 9 18 102 11 52 24 22 37
split_gain=7.76148 3.4844 2.79927 2.23337 1.96198 2.21748 1.91963 3.06128 2.77913 2.56131 1.66889 1.62664 3.26763 1.48097 1.28767 1.20213 1.11266 1.02835 2.42984 0.912161 0.844801 1.329 0.717547 1.08599 0.437725 0.241004 0.13888 0.0816717 0.0426208 0.0280542
threshold=0.019805597141385082 0.030899018049240116 0.003467747126705945 0.058614116162061698 0.03824452497065068 0.067778006196022048 -0.22864978015422818 -0.12674566358327863 0.016301702708005909 0.0019965609535574917 0.017248588614165786 0.60626390576362621 0.0022617381764575843 1.7259408831596377 0.067026350647211089 0.29169647395610815 0.080126583576202406 0.21310801804065707 0.17835262417793277 0.016857687383890155 0.12108496949076654 0.37954813241958624 0.055628538131713874 0.022125688381493095 0.063335195183753981 0.3358526229858399 0.33325764536857611 0.0036482728319242601 0.0040248574223369369 1.5816963911056521
decision_type=2 2 2 2 2 2 2 2 2 2 2 2 2 2 2 2 2 2 2 2 2 2 2 2 2 2 2 2 2 2
left_child=3 4 -3 15 5 24 -7 -8 9 -9 25 20 14 -11 27 -1 -6 18 -15 -17 -10 -22 23 -18 -2 -4 -27 -13 -19 -28
right_child=1 2 10 -5 16 6 7 8 11 13 -12 12 -14 17 -16 19 22 28 -20 -21 21 -23 -24 -25 -26 26 29 -29 -30 -31
leaf_value=0.0031785012490574967 -0.038598402587583139 0.026916364915245929 -0.053414817314100638 0.049004088424989545 0.0016643183154067933 -0.037242041362661613 0.039037902867889787 0.032251076825736545 0.06021440635677168 0.014658259467260513 0.012216107858408105 0.031877481961007134 -0.01898584543958487 -0.042115826117420763 0.0081349568061224158 -0.034504059085727318 0.037127246821741546 -0.045830458549238395 0.01548128980020997 0.018112152485273088 -0.004071165034011834 0.044611512466141173 0.037943592611479338 0.0011826063473175941 -0.0060614505707773944 -0.01943026608226538 -0.035214752138854548 0.042477575477923378 -0.036839559735545771 -0.043748764813214436
leaf_weight=2.7672279067337575 2.8490980174392453 2.9378189239650956 2.0694794692099077 0.99505390971898933 4.4977791160345104 2.1016598492860785 8.5455100871622545 3.2304302398115423 2.3724503740668315 3.0588375926017752 2.010105960071086 3.5593666732311267 7.1026571989059439 3.4853306747972947 7.9041942209005356 18.059401471167806 4.0347718652337807 2.2321402169764042 3.8580442517995834 0.86307144351303478 2.3634166326373816 3.4458598792552948 10.638023070991037 4.3851656652987003 1.6222532540559766 1.338391128927469 3.3033197000622749 3.7124824896454811 3.2190084978938103 1.359280291944742
leaf_count=22 32 19 9 4 21 7 32 17 10 39 11 23 34 23 34 656 21 11 21 16 34 16 81 24 15 13 62 17 35 7
internal_value=0.00219208 0.00811541 -0.0160317 -0.0242424 0.0116788 0.00717832 0.00970195 0.0114004 0.00663337 -0.00832774 -0.0285483 0.0160067 0.00900462 -0.0165965 0.0221047 -0.0276027 0.0240331 -0.0240687 -0.0118556 -0.0321042 0.0350731 0.0248057 0.0293122 0.018407 -0.0267937 -0.0387014 -0.0336274 0.0372891 -0.0405212 -0.0377027
internal_weight=123.922 101.237 13.0184 22.6848 88.2185 64.6627 60.1914 58.0897 49.5442 19.0838 10.0806 30.4604 22.2787 15.8534 15.176 21.6897 23.5557 12.7945 7.34337 18.9225 8.18173 5.80928 19.058 8.41994 4.47135 8.07047 6.00099 7.27185 5.45115 4.6626
internal_count=1366 668 121 698 547 400 353 346 314 146 102 168 108 129 74 694 147 90 44 672 60 50 126 45 47 91 82 40 46 69
is_linear=0
shrinkage=0.05


Tree=138
num_leaves=31
num_cat=0
split_feature=59 71 19 3 13 121 107 29 18 29 55 37 59 7 1 108 44 90 108 10 114 94 112 21 108 56 101 93 52 47
split_gain=11.0168 3.73567 3.15271 2.70163 3.2627 2.63176 2.41017 2.4631 1.94561 1.77364 1.86612 1.86476 2.16207 1.7657 1.83432 1.73375 1.13666 1.93048 1.88501 1.12723 1.0747 1.43771 1.3257 0.830536 1.86427 0.513826 0.452989 0.109607 0.342414 0.0443469
threshold=0.0068702215794473895 0.21696271002292636 0.017261220142245296 0.0010516669717617335 0.0063190371729433545 0.67002135515213024 0.01728762406855822 0.83825850486755382 0.012812508270144464 0.87965670228004467 5.2829604148864755 2.1547259092330937 0.016310323961079124 0.82326778769493114 0.0080680330283939856 0.0013703823788091543 0.001979371416382492 0.1243264675140381 0.0031132808653637771 0.024653916247189048 0.049086723476648338 0.23409257829189303 0.21683678776025775 0.011089167557656767 0.0023924759589135651 -0.3498921394348144 0.26110479235649114 0.13863524794578555 0.53996729850769054 0.88839623332023632
decision_type=2 2 2 2 2 2 2 2 2 2 2 2 2 2 2 2 2 2 2 2 2 2 2 2 2 2 2 2 2 2
left_child=25 3 5 -2 8 -3 7 -6 -5 -9 11 12 23 -4 15 -15 20 -18 -19 -8 21 -10 -22 -11 -25 -1 -27 29 -29 -16
right_child=1 2 13 4 6 -7 19 9 16 10 -12 -13 -14 14 27 -17 17 18 -20 -21 22 -23 -24 24 -26 26 -28 28 -30 -31
leaf_value=0.0029810229536240129 0.036711327919505703 0.03364232236696274 0.013557492104525188 0.012005530675867047 -0.025880160412932271 -0.015827250980753577 -0.035769120293752808 0.042982026336476034 -0.037043272248048403 0.03647841625191281 0.03930048272230692 -0.022389024481839465 -0.01437915416084831 -0.030992449207864328 -0.036148860914706892 0.01165631605926646 -0.037267499351927878 0.022371384489988523 -0.021524994097039743 0.008152446687579645 -0.051792211446522185 0.016275463670682309 -0.018360185799083086 -0.014436274116320048 0.032046417677674639 -0.0003166582152603055 0.035052712947526453 -0.03961875477282182 -0.011465244506002763 -0.044318149271830164
leaf_weight=1.4875098653137708 4.5831236392259589 4.7296491339802724 2.7461110688745967 6.1327327862381926 4.0674428828060618 6.2296340949833393 4.515034642070531 4.9433256089687339 2.3451861068606439 5.9218049161136248 4.785382315516471 4.9162407219409934 5.6515690423548213 4.7261307612061483 18.341881014406688 4.8063214346766472 4.0833662375807753 5.7010919041931611 4.2829925082623959 2.1595254503190517 6.1837241984903795 2.743156623095274 5.6971494555473328 3.7540309205651266 5.070731058716774 0.94921057671308773 19.550902381539345 2.6739107370376578 1.8118028677999971 1.8266946524381626
leaf_count=21 29 25 22 33 26 30 52 23 23 36 18 25 38 24 222 28 29 25 26 23 28 18 37 17 29 8 397 26 20 8
internal_value=-0.00147146 -0.00680116 -0.0180281 -0.000658846 -0.0027235 0.00552211 0.00621099 0.0109501 -0.013729 0.015225 0.0106664 0.00525346 0.0119157 -0.0250163 -0.0281148 -0.00948868 -0.018814 -0.00830477 0.00354063 -0.0215585 -0.0275261 -0.00829882 -0.0357608 0.0219931 0.0122728 0.0313561 0.033415 -0.0353165 -0.0282474 -0.0368888
internal_weight=157.417 135.43 47.8921 87.5376 82.9545 10.9593 45.7851 39.1105 37.1694 35.0431 30.0998 25.3144 20.3981 36.9329 34.1867 9.53245 31.0367 14.0675 9.98408 6.67456 16.9692 5.08834 11.8809 14.7466 8.82476 21.9876 20.5001 24.6543 4.48571 20.1686
internal_count=1366 940 405 535 506 55 287 212 219 186 163 145 120 350 328 52 186 80 51 75 106 41 65 82 46 426 405 276 46 230
is_linear=0
shrinkage=0.05


Tree=139
num_leaves=31
num_cat=0
split_feature=23 1 18 53 128 87 130 115 114 78 47 6 2 91 26 99 59 122 32 88 112 124 47 81 106 25 97 55 93 6
split_gain=9.2774 3.36716 2.16655 2.6913 2.16199 2.11364 2.03252 1.85215 2.16865 1.79523 1.7914 2.66879 2.02984 1.83389 1.67045 1.33202 1.29044 1.19001 1.58296 1.15804 0.904069 0.608947 0.597478 0.568713 0.48304 0.398029 0.161194 0.117105 0.0782007 0.0249984
threshold=0.0075177061371505269 0.0040590430144220599 0.025174147449433807 0.22843403369188311 0.52562668919563305 0.00031422328902408486 0.086113303899765029 0.16618707031011584 0.045073052868247039 0.0044599822722375402 0.92272552847862255 0.81749173998832714 0.0048386876005679378 0.38445727527141577 0.0031204737024381761 0.3091998845338822 0.010043816175311806 -0.23613493144512174 0.027317985892295841 0.018843502737581733 0.066357329487800612 0.34996205568313604 0.6778332293033601 0.00064183879294432711 0.0088243293575942534 0.0052293639164417991 0.22485020756721499 1.8613101840019228 0.11602271720767023 0.83339965343475353
decision_type=2 2 2 2 2 2 2 2 2 2 2 2 2 2 2 2 2 2 2 2 2 2 2 2 2 2 2 2 2 2
left_child=1 17 21 4 -4 -3 -7 8 9 -6 11 14 13 -12 -8 -16 -9 18 -1 -10 -13 26 -5 -22 -25 -19 27 -2 -24 -26
right_child=2 5 3 22 7 6 10 16 19 -11 12 20 -14 -15 15 -17 -18 25 -20 -21 23 -23 28 24 29 -27 -28 -29 -30 -31
leaf_value=-0.036174758756416618 0.037059029628302216 0.033062057810372004 0.04150001022146544 0.007267803245566952 -0.022031352435225925 0.045551455201084688 0.022986039785827878 -0.0054216345329309492 -0.014241694247047749 0.018121952749910592 -0.037517874365855054 0.0037182014794986369 0.041412434628160896 0.019461656494414215 -0.023213394367912248 0.010035943911973134 0.029824962011370401 -0.03454564985248202 0.022464978010598886 -0.053814067019575307 -0.0067372074892125024 0.013460008899724095 0.037269824625749633 -0.015117004191973427 -0.043305768495357201 0.0029957283507843109 0.028720234507067007 0.050040573444582528 0.026391328544660742 -0.03724098805345373
leaf_weight=2.1491099633276489 4.2887692600488645 3.4665436483919612 3.1325126811861983 2.4319146089255801 4.6484085991978699 1.7499577812850464 5.4134591743350056 4.5743207745254022 3.9882145058363667 6.9390627965331078 2.6904909852892143 2.1484180539846447 3.3669697605073452 2.9720507599413395 7.6990685947239381 4.9481167271733284 6.0069457590579987 18.067450013011698 2.4776921570301056 3.4462830014526844 2.1764059439301517 3.2735601104795924 7.7338395901024324 2.7601750120520583 2.0265642032027236 0.73476222530007262 3.1242987159639597 2.9201152101159096 2.1007468476891518 10.515689169988034
leaf_count=34 40 21 17 22 19 9 31 31 31 39 29 16 14 24 39 24 39 530 16 16 15 23 74 19 13 11 23 11 18 118
internal_value=-0.00015028 -0.0117535 0.0147699 0.0094838 0.00199895 -0.0046549 -0.00735254 -0.00218092 -0.0115087 0.00201413 -0.00933424 -0.0141267 0.0106688 -0.00761151 -0.000256276 -0.0102048 0.0145877 -0.0274887 -0.00477268 -0.0325856 -0.02689 0.0322527 0.0294587 -0.0306522 -0.0340536 -0.0330786 0.0382063 0.0423175 0.0349461 -0.0382209
internal_weight=133.972 75.3629 58.609 45.0022 32.7357 51.9339 48.4674 29.6032 19.022 11.5875 46.7174 37.6879 9.02951 5.66254 18.0606 12.6472 10.5813 23.429 4.6268 7.4345 19.6273 13.6067 12.2665 17.4788 15.3024 18.8022 10.3332 7.20888 9.83459 12.5423
internal_count=1366 963 403 306 192 372 351 175 105 58 342 275 67 53 94 63 70 591 50 47 181 97 114 165 150 541 74 51 92 131
is_linear=0
shrinkage=0.05


Tree=140
num_leaves=31
num_cat=0
split_feature=9 18 62 15 92 92 32 0 7 33 66 38 56 83 95 105 11 37 1 121 87 18 9 53 81 11 52 25 1 64
split_gain=7.18126 3.17844 2.63762 2.35013 2.22537 2.32502 2.74335 2.08367 2.07304 2.87555 1.99547 1.99249 2.11085 1.82659 1.69282 1.61551 1.43861 1.36379 2.06524 1.18875 0.889444 0.77548 1.25383 0.42551 0.247826 0.216194 0.137256 0.0238824 0.0166258 0.00163461
threshold=0.019805597141385082 0.030899018049240116 0.003467747126705945 -0.2715333998203277 0.70355200767517101 0.57760959863662731 0.034056251868605621 0.058614116162061698 5.812347650527955 0.014013289008289577 3.067335963249207 -0.18134764581918714 -0.30538307130336756 0.0019872131524607544 0.81729859113693248 0.014665044844150545 0.21755598485469821 2.0389586687088017 0.010095498058944942 4.7283339500427255 0.016857687383890155 0.018543904647231105 0.055628538131713874 -0.046973552554845803 0.0012451563379727306 0.3358526229858399 0.33325764536857611 0.0069430640432983646 0.081375382840633406 0.52831771969795238
decision_type=2 2 2 2 2 2 2 2 2 2 2 2 2 2 2 2 2 2 2 2 2 2 2 2 2 2 2 2 2 2
left_child=7 3 -3 21 5 6 29 19 9 11 17 -6 -13 -10 -11 25 -12 18 -7 20 28 24 -23 -15 -2 -4 -27 -28 -1 -5
right_child=1 2 15 4 8 10 -8 -9 13 14 16 12 -14 23 -16 -17 -18 -19 -20 -21 -22 22 -24 -25 -26 26 27 -29 -30 -31
leaf_value=-0.034111568883595275 0.02962517689778571 0.026134811016666516 -0.052307545214961809 -0.034519430147668638 -0.041778266877958936 -0.0095299481560015518 0.032058717866460404 0.046063120277639424 -0.0074020713083378584 0.034179483388804083 0.024259774152458561 0.025045487065860534 -0.023616167668212208 0.038864028453704118 -0.010159385117757071 0.012360160201569546 -0.012580738774175679 0.055099281775858593 0.042019212911839181 0.0033566549991475431 0.017370064684999655 -0.0043479026321773971 0.038065308971723014 0.014172875129594351 0.045890444422972049 -0.01903618893466676 -0.042572383035751366 -0.03485552277171957 -0.04058803782170313 -0.036836490019262841
leaf_weight=16.085760757327094 4.7170051932334918 2.92269736342132 2.0191358253359777 2.982312502339485 6.9201014004647758 3.027477854862811 2.4502854160964489 1.0139379948377598 5.27859118580818 4.7804946601390821 5.9193809926509839 3.4088604971766481 6.4363105539232501 5.2343766391277313 3.9161683022975922 1.9787236675620077 4.7976921498775482 5.7618407383561125 5.4239471256732941 2.7370469961315385 0.8679609689861526 3.6874350160360327 3.3036708235740662 2.6173963323235512 4.6509763151407242 1.3051497675478456 1.5134048052132127 2.9706572461873293 1.0559885203838337 1.0220124050974844
leaf_count=645 31 19 9 73 37 31 17 4 18 28 26 16 37 34 18 11 29 23 25 28 16 23 26 18 27 13 7 62 5 10
internal_value=0.00208404 0.00779807 -0.0155465 0.0112347 0.00724608 0.0171335 -0.00961205 -0.023924 -0.000794791 -0.00911656 0.0240581 -0.0212185 -0.00676722 0.0153425 0.0142134 -0.0279938 0.00776745 0.0363415 0.0235532 -0.0273444 -0.0320102 0.0282962 0.0156946 0.0306332 0.0377005 -0.0382199 -0.0333065 -0.03746 -0.0345105 -0.0351108
internal_weight=120.807 99.0461 12.7098 86.3363 69.9772 31.3849 6.45461 21.7607 38.5923 25.4619 24.9303 16.7653 9.84517 13.1304 8.69666 9.78707 10.7171 14.2133 8.45142 20.7468 18.0097 16.3591 6.99111 7.85177 9.36798 7.80835 5.78921 4.48406 17.1417 4.00432
internal_count=1366 668 121 547 440 234 100 698 206 136 134 90 53 70 46 102 55 79 56 694 666 107 49 52 58 91 82 69 650 83
is_linear=0
shrinkage=0.05


Tree=141
num_leaves=31
num_cat=0
split_feature=59 71 19 3 6 104 29 18 1 8 29 47 37 29 114 121 25 44 90 105 45 45 0 105 43 119 101 45 47 3
split_gain=10.2366 3.46933 2.94513 2.52487 3.31694 2.37114 2.43531 1.85297 1.65717 2.1956 1.50837 1.85021 1.85704 1.56577 1.7771 1.47913 1.18932 1.16451 1.82639 2.1232 1.07799 1.03221 1.03118 0.971585 0.576075 0.50023 0.406251 0.125847 0.041277 0.00820398
threshold=0.0068702215794473895 0.21696271002292636 0.016093187965452675 0.0010516669717617335 0.98734459280967724 0.047901051118969924 0.83825850486755382 0.012812508270144464 0.0072295209392905244 -0.096931565552949892 0.87965670228004467 0.97396263480186474 2.1325706243515019 0.92618924379348766 0.064513068646192565 0.92039597034454357 0.0051198613364249477 0.001979371416382492 0.1243264675140381 0.0079405927099287527 -0.084132418036460863 -0.14774711430072782 0.014039092697203161 0.0054653799161314973 0.00079510151408612739 3.4087399244308476 0.26598004996776586 -0.62361341714858998 0.84326520562171947 0.004743704805150629
decision_type=2 2 2 2 2 2 2 2 2 2 2 2 2 2 2 2 2 2 2 2 2 2 2 2 2 2 2 2 2 2
left_child=24 3 -3 -2 5 6 -5 -6 15 -10 -8 12 13 -12 -15 -4 -7 20 -19 -20 21 23 -11 -9 -1 -13 -26 -24 -29 -28
right_child=1 2 8 4 7 16 10 17 9 22 11 25 -14 14 -16 -17 -18 18 19 -21 -22 -23 27 -25 26 -27 29 28 -30 -31
leaf_value=-0.00050862735029009413 0.035880849484468014 0.010601441369071405 0.019037582180217807 -0.025369784543472704 0.011604153620403219 -0.035548152021764534 0.041273847923529339 -0.0057555190103129976 0.013691960027181416 0.0044707171180731831 -0.0074656635353781073 0.020188652447659633 -0.025768224774329909 0.040766412677408798 -0.00084641005603985637 -0.021526838238588985 0.010606821640016943 -0.036687069341033877 0.024549984426441913 -0.022007406094390492 -0.01047739840705109 -0.059985847403733195 -0.025921364277901166 -0.042002302480697973 0.0024353684512708564 0.046074028105296622 0.034741733656098929 -0.036132553256965586 -0.041689002873985082 0.039355987814741887
leaf_weight=1.3457953222095991 4.4997670613229266 7.746269278228282 3.8359339013695699 4.0336546376347533 6.0453483685851088 4.5069726817309848 4.9366196580231181 3.2115310579538363 2.7349881567060939 1.6887496113777221 6.8228596933186152 3.8225513473153105 4.2257946990430346 6.1062559299170953 4.4248099662363529 5.4262104704976082 2.0218732841312885 3.9433407485485068 5.4307203069329244 4.459782637655735 6.0153319574892548 3.3417291566729546 2.8067454174160984 4.3568480648100376 1.0102175436913992 3.6471051424741745 17.509739428758625 18.114921282976869 4.0985846295952788 1.0193817019462574
leaf_count=22 29 36 23 27 33 57 23 18 22 9 39 25 21 31 30 26 18 29 24 27 36 17 34 36 10 15 388 229 26 6
internal_value=-0.00139854 -0.00653379 -0.017541 -0.000578121 -0.00259472 0.00658197 0.0113622 -0.0137022 -0.0231732 -0.0289757 0.0157217 0.0113794 0.00395541 0.0111933 0.0232821 -0.00472701 -0.0212547 -0.0186759 -0.00791492 0.00355653 -0.0274713 -0.0368409 -0.0333449 -0.0266215 0.0311328 0.0328273 0.0333122 -0.0358973 -0.0371578 0.0349956
internal_weight=153.19 132.305 46.4524 85.8529 81.3531 44.5485 38.0197 36.8046 38.7061 29.444 33.986 29.0494 21.5797 17.3539 10.5311 9.26214 6.52885 30.7593 13.8338 9.8905 16.9254 10.9101 26.709 7.56838 20.8851 7.46966 19.5393 25.0203 22.2135 18.5291
internal_count=1366 940 405 535 506 286 211 220 369 320 184 161 121 100 61 49 75 187 80 51 107 71 298 54 426 40 404 289 255 394
is_linear=0
shrinkage=0.05


Tree=142
num_leaves=31
num_cat=0
split_feature=23 1 44 74 9 18 53 115 106 117 2 123 94 53 29 3 18 122 83 23 110 124 53 100 25 36 5 94 59 21
split_gain=8.4222 3.22822 2.14255 2.15477 2.21744 2.06339 2.56081 1.78907 2.49715 1.86673 1.6915 1.79062 1.72864 2.72345 1.57109 1.551 1.51709 1.16415 1.70504 0.918162 0.781014 0.586147 0.571985 0.487835 0.440326 0.367094 0.163177 0.0898412 0.0882074 0.00948062
threshold=0.0075177061371505269 0.0040590430144220599 0.0037161111831665043 -0.091215170919895158 0.060844812542200095 0.025174147449433807 0.22843403369188311 0.16526168584823611 0.011685082688927652 0.031631642952561385 0.00464888894930482 0.061523549258708961 0.25998659431934362 0.14160051196813586 0.83603832125663768 0.0056659013498574504 0.024086658842861656 -0.23613493144512174 0.0020410795696079735 0.025412592105567459 0.53327012062072765 0.34996205568313604 0.28740336000919348 0.9746571183204652 0.0054107352625578651 0.038068959489464767 0.32403874397277838 0.30452473461627966 0.0094812242314219492 0.06446832045912744
decision_type=2 2 2 2 2 2 2 2 2 2 2 2 2 2 2 2 2 2 2 2 2 2 2 2 2 2 2 2 2 2
left_child=1 17 3 4 10 21 7 8 -7 14 11 -3 13 -12 -10 -9 -15 18 -1 -11 -4 26 27 -17 -19 -5 28 29 -2 -8
right_child=5 2 20 25 -6 6 22 15 9 19 12 -13 -14 16 -16 23 -18 24 -20 -21 -22 -23 -24 -25 -26 -27 -28 -29 -30 -31
leaf_value=-0.03639969883240695 0.047806466955283206 0.0073312163520014798 -0.037996248146057759 -0.014882643200966017 -0.034676035372376193 -0.038302468758656658 0.035873864557160663 -0.0078048760222360035 0.039168510906155168 0.00041319265110518664 -0.019034823377237158 -0.037267291166465953 0.042960025356959246 0.036302055759568568 -0.0015184798007167712 0.041805099825042609 0.0025602039720467647 -0.034491236268711541 0.024970355584704795 -0.038368888426146573 -0.0060414964450642887 0.013020533873605853 0.0074264516637397417 0.016143098440859826 0.0070928382294114696 -0.041489840043331512 0.027317025711049509 0.024649946575582379 0.036633258831674863 0.039764566185229722
leaf_weight=2.1829903107136515 3.156081657856701 5.9629706721752864 5.6789991930127126 2.3188888579607001 3.2988771405071011 4.8930639401078251 5.2778074331581575 3.9735288545489293 4.2199879921972734 3.042158890515565 6.0471008941531244 3.6150691974908113 4.5859239101409903 7.5138848908245546 5.419859629124403 4.3110595233738422 5.9845493175089359 17.206133922562007 2.3503093235194683 3.0625038631260395 2.8828672468662262 3.221153385937213 2.4418251253664485 3.2466820999979973 0.66104751452803512 2.9397756941616535 2.7989162262529135 1.8217826932668684 4.011648315936327 2.2261722832918167
leaf_count=32 12 38 49 20 67 20 62 30 25 24 39 39 19 39 29 31 27 533 18 17 14 23 23 16 8 21 21 15 41 14
internal_value=-0.000172364 -0.0113974 -0.00442824 0.000191994 0.00444756 0.0142174 0.00901116 0.00171033 -0.00710372 0.00259219 0.00827627 -0.00950174 0.0153326 0.00885039 0.0162929 0.0174849 0.0213426 -0.0272112 -0.00458212 -0.0190425 -0.0272368 0.0315625 0.0289693 0.0307811 -0.0329527 -0.029757 0.0375552 0.03461 0.041553 0.0370281
internal_weight=130.354 73.2294 50.8289 42.267 37.0084 57.1242 43.9364 32.1688 20.6376 15.7445 33.7095 9.57804 24.1315 19.5455 9.63985 11.5313 13.4984 22.4005 4.5333 6.10466 8.56187 13.1878 11.7676 7.55774 17.8672 5.25866 9.96665 9.32576 7.16773 7.50398
internal_count=1366 963 372 309 268 403 306 192 115 95 201 77 124 105 54 77 66 591 50 41 63 97 114 47 541 41 74 91 53 76
is_linear=0
shrinkage=0.05


Tree=143
num_leaves=31
num_cat=0
split_feature=10 18 62 15 92 53 10 26 33 105 38 56 1 5 5 45 109 121 112 55 15 118 18 27 110 89 82 7 14 25
split_gain=6.46918 2.94283 2.48438 2.22662 2.06344 2.52743 3.58631 2.04229 3.05646 1.67616 1.64776 2.17699 1.64516 1.63774 1.41618 1.38953 1.51925 1.3198 1.00419 1.55057 0.831013 0.789129 0.757108 1.01677 0.365245 0.239895 0.23403 0.199971 0.135798 0.0207247
threshold=0.0067769985180348167 0.030899018049240116 0.003467747126705945 -0.2715333998203277 0.70355200767517101 -0.10515274107456206 0.011010677553713323 0.001682508329395205 0.014013289008289577 0.017044503241777424 -0.18297414481639859 -0.30538307130336756 0.081375382840633406 0.78050252795219432 0.75817406177520763 -0.35350690782070154 0.0019965609535574917 4.7283339500427255 0.11876187473535539 2.825430274009705 -0.14362057298421857 0.10733819380402566 0.018543904647231105 -0.54422536492347706 0.25283519923686987 -0.26635426282882685 0.002975645125843585 3.0337206125259404 2.2511348724365239 0.0070690177381038674
decision_type=2 2 2 2 2 2 2 2 2 2 2 2 2 2 2 2 2 2 2 2 2 2 2 2 2 2 2 2 2 2
left_child=12 3 -3 22 5 -5 15 -6 10 27 21 -12 17 -13 -10 -7 -17 -1 -8 20 -20 -9 26 -24 -18 -26 -2 28 29 -4
right_child=1 2 9 4 7 6 18 8 14 -11 11 13 -14 -15 -16 16 24 -19 19 -21 -22 -23 23 -25 25 -27 -28 -29 -30 -31
leaf_value=-0.034085942388451335 0.028049220204531006 0.025162903691506533 -0.04200534278551353 0.067795324437895155 0.027756696408037754 0.031375697454572755 0.041311080585198501 -0.016782183185774038 -0.0031855719773349897 0.015341034221184456 0.021712639152645687 -0.039424455524556493 0.015957999682246218 0.0031797810375953982 0.034438963266797039 0.025269471326363049 -0.003186914677975659 0.0037619558851259907 0.015057462672422786 0.032146809610352454 -0.027966842232317934 -0.047404091388898846 -0.0064615558349902166 0.032288869359057996 -0.0067396236753337543 -0.036473539850150415 0.044243894703480835 -0.051531436111968247 -0.018497430615432128 -0.034763497984398498
leaf_weight=15.570720632560556 3.9892587512731534 2.9156216252595177 1.4598550572991351 2.2220426052808753 5.3090655282139769 1.6819659546017653 6.7750119697302607 3.8845571987330896 4.6207528710365278 1.8398237209767101 4.8324147984385464 4.9038964677602088 2.34983006119728 4.1770403385162354 5.4518988132476807 1.6522991936653886 1.2586781382560728 2.7032781578600398 2.3145664036273965 6.7107682898640633 2.1788494568318102 4.5896866470575333 3.045352928340435 3.8115388583391896 0.77580683305859466 5.4003387503325948 5.0609692856669426 1.9653670936822889 1.2525298204272983 3.0561589151620865
leaf_count=653 26 19 7 9 27 16 32 19 26 9 23 32 9 20 34 12 5 28 13 28 27 25 19 31 11 86 32 9 13 66
internal_value=0.00201011 0.00741007 -0.0152467 0.010753 0.00685196 0.0164186 0.0124475 -0.000992553 -0.00569466 -0.0275531 -0.015986 -0.00539963 -0.0234231 -0.0198274 0.017179 -0.0103708 -0.0180978 -0.0284871 0.0261151 0.0169263 -0.00580495 -0.0333671 0.0276106 0.0150786 -0.0277356 -0.0327386 0.0371054 -0.0377573 -0.0330643 -0.0371045
internal_weight=117.76 97.1361 12.4894 84.6468 68.7396 30.9703 28.7483 37.7693 32.4602 9.57373 22.3876 13.9134 20.6238 9.08094 10.0727 10.7691 9.08712 18.274 17.9792 11.2042 4.49342 8.47424 15.9071 6.85689 7.43482 6.17615 9.05023 7.73391 5.76854 4.51601
internal_count=1366 676 123 553 445 239 230 206 179 104 119 75 690 52 60 130 114 681 100 68 40 44 108 50 102 97 58 95 86 73
is_linear=0
shrinkage=0.05


Tree=144
num_leaves=31
num_cat=0
split_feature=59 71 19 3 6 104 29 18 1 69 29 47 62 120 25 42 93 18 89 38 114 0 10 56 98 14 59 10 41 104
split_gain=9.48567 3.22526 2.758 2.37666 3.11682 2.19177 2.24575 1.69401 1.59733 2.16533 1.38836 1.74257 1.43498 1.26554 1.15046 1.13096 1.05456 1.28662 2.36096 1.3637 1.00883 1.00745 0.783705 0.560248 0.464996 0.427312 0.230551 0.222116 0.042044 0.0150591
threshold=0.0068702215794473895 0.21696271002292636 0.016093187965452675 0.0010516669717617335 0.98734459280967724 0.047901051118969924 0.83825850486755382 0.012812508270144464 0.0072295209392905244 -0.014457900077104567 0.87965670228004467 0.97396263480186474 0.0031728520989418034 0.34303233027458196 0.0051198613364249477 0.0043134731240570554 0.051986092701554305 0.028148368000984195 -0.089549057185649858 -0.25016899406909937 0.063992600888013854 0.014039092697203161 0.0071851289831101903 -0.35548529028892512 3.5306402444839482 1.5115485191345217 0.011322671081870796 0.023667889647185806 0.0087378504686057585 0.038246201351284988
decision_type=2 2 2 2 2 2 2 2 2 2 2 2 2 2 2 2 2 2 2 2 2 2 2 2 2 2 2 2 2 2
left_child=23 3 -3 -2 5 6 -5 -6 13 -10 -8 12 -12 -4 -7 -14 -9 19 -19 -18 -17 -11 -21 -1 -13 -25 -24 28 -23 -28
right_child=1 2 8 4 7 14 10 16 9 21 11 24 15 -15 -16 20 17 18 -20 22 -22 27 26 25 -26 -27 29 -29 -30 -31
leaf_value=-0.0003515588267580949 0.03529329110162293 0.010268551998225002 0.018084690888343385 -0.024668976141373311 0.01106842216649034 -0.035429457640001313 0.039833815193861602 0.0064384915281631401 0.014428850434164682 0.0046333240004843039 -0.014958751764718071 0.019848796791624088 0.027977935937291028 -0.019816657389430829 0.010299908571583949 0.016792773810053074 0.0010587806281039495 0.020024426033971074 -0.031996126932523405 -0.016274268587465082 -0.019228992793472018 -0.045590171485797637 -0.054530329877481291 -0.00071084140080743177 0.04510096225501864 0.034865076776099964 -0.040431398861423849 -0.016636065119677187 -0.036285148138049297 -0.036042522584498575
leaf_weight=1.3376738652586961 4.39987863972783 7.6670240201055995 3.6991273984312993 3.9256263189017764 5.9450258985161772 4.2829320468008509 4.9207792095839968 3.8144057542085674 2.6583314128220072 1.6644928604364455 6.8658357709646287 3.7358723282814017 6.6379672512412053 5.4435225464403629 2.0259810350835323 4.1454726420342922 3.0306174568831983 4.362236276268959 4.3622148931026441 3.80125718563795 3.6595741994678974 1.287662535905844 2.9713243022561056 0.88660885393619793 3.5604290366172791 17.587483286857605 3.7943737059831619 1.4512924253940571 21.213204860687256 4.030694417655468
leaf_count=19 29 36 22 27 33 57 23 20 18 9 35 25 37 27 18 23 18 24 22 25 26 7 11 4 15 403 19 17 269 48
internal_value=-0.0013228 -0.00625717 -0.0170512 -0.000482476 -0.00245323 0.00651925 0.011112 -0.013326 -0.0226492 -0.0285236 0.0153016 0.0110815 0.0038602 -0.00448173 -0.0207444 0.0128062 -0.0181334 -0.0216901 -0.00598579 -0.0294623 -9.68529e-05 -0.0329809 -0.0357988 0.0308952 0.0321713 0.0331577 -0.0426731 -0.0355948 -0.0368176 -0.0381707
internal_weight=149.169 129.357 45.0847 84.2725 79.8726 43.7605 37.4516 36.1121 37.4176 28.275 33.5259 28.6052 21.3088 9.14265 6.30891 14.443 30.1671 26.3527 8.72445 17.6283 7.80505 25.6167 14.5976 19.8118 7.2963 18.4741 10.7964 23.9522 22.5009 7.82507
internal_count=1366 940 405 535 506 286 211 220 369 320 184 161 121 49 75 86 187 167 46 121 49 302 103 426 40 407 78 293 276 67
is_linear=0
shrinkage=0.05


Tree=145
num_leaves=31
num_cat=0
split_feature=23 13 59 44 18 53 120 1 87 9 64 27 75 21 18 15 97 129 38 110 130 47 124 51 56 115 108 94 28 113
split_gain=7.68788 3.08977 2.01855 2.15693 1.97123 2.41898 1.73329 3.30853 1.89878 1.72048 1.64919 1.55353 2.01786 1.87729 1.67831 1.65264 1.47499 1.16025 1.00129 0.781744 0.718314 0.591181 0.571692 0.499494 0.402185 0.171904 0.116574 0.0922289 0.0360234 0.0156543
threshold=0.0075177061371505269 -0.043996382504701607 0.0077924015931785115 0.0037161111831665043 0.025174147449433807 0.22843403369188311 0.048658644780516631 0.026558738201856617 0.0020541643025353555 0.060844812542200095 0.36593417823314672 -0.60208779573440541 0.0034258920932188634 0.0093883750960230845 0.022125688381493095 -0.16051477938890454 0.234651654958725 0.086775649338960661 -0.13586139678955075 0.53327012062072765 0.32908464968204504 0.6778332293033601 0.34996205568313604 0.0080522438511252421 -0.0030455196974799033 0.23342712968587878 0.0021679055644199256 0.30452473461627966 0.76384550333023082 0.12663799524307254
decision_type=2 2 2 2 2 2 2 2 2 2 2 2 2 2 2 2 2 2 2 2 2 2 2 2 2 2 2 2 2 2
left_child=1 -1 24 9 22 6 -6 8 10 11 -8 -4 14 20 17 -15 -10 -13 -17 -5 -14 -7 25 -9 -3 26 -2 -23 29 -19
right_child=4 2 3 19 5 21 7 23 16 -11 -12 12 13 15 -16 18 -18 28 -20 -21 -22 27 -24 -25 -26 -27 -28 -29 -30 -31
leaf_value=-0.03458220026235416 0.045480499658082846 -0.035065322179435303 0.028061392821648757 -0.037837362498567839 -0.026226014945547022 0.0060085880798280457 -0.010501734708640898 0.042669475047816451 -0.033985035694333553 -0.034964443665292645 0.035370242786899431 0.0013412592739155003 0.045505598600378623 0.021885797992453316 0.0095192317206814047 0.0022254777227477466 0.0039052202546936716 -0.036354790112864188 -0.034946931274250186 -0.005486366261575816 0.015844393214642576 0.036823821110243182 0.012550338574189468 0.017460026026156285 0.0034251485673788434 0.025191884800827985 0.032303311457599203 0.024080716228096315 -0.030129190800421035 -0.042053891553594319
leaf_weight=11.666903113946317 4.7006684541702253 6.5416143499314785 5.7964472454041163 5.3403292037546617 4.7816170752048519 2.3245725519955149 3.7553904578089776 5.0200644396245462 6.4631298892199975 3.0306087024509898 4.0969335362315178 2.8774609901011043 3.6150883734226245 4.3808836899697781 5.192395567893981 3.5016032122075558 4.2623464092612267 3.5478310883045197 3.7534969933330995 2.8714216351509094 4.6882394552230835 7.1884437166154367 3.1775580998510113 3.2286447398364544 0.75723214633762737 2.3347873724997044 2.610495924949646 1.7693950012326238 1.806907285004854 1.8246045410633085
leaf_count=375 25 187 37 48 19 22 26 32 39 60 19 17 14 22 35 20 29 44 21 14 26 77 23 28 13 18 31 15 19 11
internal_value=-0.000167249 -0.0110539 -0.00644243 -0.0030004 0.013744 0.00860147 0.00150721 0.00645044 -0.00524997 0.00138848 0.0134319 0.00407657 0.000125659 0.0105965 -0.0135657 -0.00236347 -0.0189273 -0.0254846 -0.017006 -0.0265251 0.0287582 0.0284763 0.0309442 0.0328022 -0.0310721 0.0370035 0.0407755 0.0343067 -0.0362363 -0.0382903
internal_weight=126.907 71.1931 59.5262 52.2273 55.714 42.8905 31.6081 26.8265 18.5778 44.0156 7.85232 40.985 35.1885 19.9393 15.2492 11.636 10.7255 10.0568 7.2551 8.21175 8.30333 11.2824 12.8235 8.24871 7.29885 9.64595 7.31116 8.95784 7.17934 5.37244
internal_count=1366 963 588 388 403 306 192 173 113 326 45 266 229 103 126 63 68 91 41 62 40 114 97 60 200 74 56 92 74 55
is_linear=0
shrinkage=0.05


Tree=146
num_leaves=31
num_cat=0
split_feature=92 104 15 3 53 42 92 33 1 56 68 25 78 91 37 43 93 32 44 92 129 15 103 64 104 34 104 77 59 68
split_gain=5.50138 3.7582 1.99303 2.12296 2.56161 2.43807 2.21661 2.33793 1.89338 1.64434 1.45026 1.43037 1.5572 1.40684 1.45027 1.44078 1.32617 1.17571 1.15405 0.739917 0.533586 0.495775 0.478638 0.306574 0.0298387 0.00665688 0.000885435 0.000363833 0.000241205 7.10025e-05
threshold=0.57760959863662731 0.034006925299763686 -0.2715333998203277 0.0010516669717617335 -0.080864273011684404 0.0023846086114645009 0.70503315329551708 0.014013289008289577 0.081375382840633406 -0.29185524582862848 0.037705859169363982 0.0026284607592970137 0.0034898782614618544 0.40004880726337438 2.0016683340072636 0.0053974071051925429 0.062598653137683882 0.025869621895253662 0.0019605216803029184 0.7330937683582307 0.061727127060294158 0.39805488288402563 0.33005915582180029 0.57690230011940014 0.046301735565066345 0.41806058585643774 0.02879809029400349 0.0093979379162192362 0.050115529447793968 0.016617269255220894
decision_type=2 2 2 2 2 2 2 2 2 2 2 2 2 2 2 2 2 2 2 2 2 2 2 2 2 2 2 2 2 2
left_child=1 8 10 -4 16 22 13 11 21 -9 -2 -8 19 14 15 -7 -5 -18 -15 -13 -12 26 -6 -16 -22 -26 27 -1 29 -29
right_child=2 -3 3 4 5 6 7 9 -10 -11 20 12 -14 18 23 -17 17 -19 -20 -21 24 -23 -24 -25 25 -27 -28 28 -30 -31
leaf_value=-0.033708050051052867 -0.00080716533743417748 0.016890689549221207 -0.035706507447117022 -0.0019568902172917169 -0.043936819537994082 -0.010040134276960877 0.014205716905611008 -0.010203476660717969 0.015463954721752802 0.030487267606938713 0.015491603793149206 -0.01542665488812422 0.0024265292717064414 0.023042338661538431 0.047626542353506787 0.032603174109362185 0.016027664784239445 0.051083834721047494 -0.019271482175936317 -0.046498061295021327 0.043747698412352043 -0.0026887060459054807 -0.013776479262637975 0.028845551694129098 0.035892878798551818 0.039282335375618989 -0.035206345360784243 -0.034052764338964085 -0.035165287658042998 -0.034324101018948852
leaf_weight=5.4424253609031608 4.3000930771231678 6.2836360912770024 3.1304216254502526 3.0947126746177664 2.944481440819799 4.501901596784597 2.8990157321095493 4.2643325999379158 2.3510150909423819 5.9428790584206563 3.1484911143779746 2.8466848358511907 3.6874293982982627 2.6240295786410561 4.3231088295578939 3.5370292961597443 4.2766040004789811 5.4265552740544081 4.1755557898432016 5.8607070706784725 2.8270016312599164 1.3432167153805483 2.3776857890188694 4.3687108308076859 3.0828470066189766 2.7326636239886284 1.8147425819188345 6.6966487206518615 0.62021778523922044 3.7673611138015985
leaf_count=343 29 39 23 15 30 33 16 22 9 38 25 17 24 19 18 22 33 29 29 35 12 26 16 22 32 16 33 248 9 104
internal_value=0.0019055 -0.0172189 0.00817584 0.00454163 0.0064179 0.00167926 0.00516814 -0.00504391 -0.0269455 0.0134876 0.0240491 -0.017412 -0.024807 0.0162355 0.0240295 0.00872239 0.0265433 0.0356331 -0.00294215 -0.03634 0.033114 -0.0320106 -0.0304626 0.0381868 0.0395339 0.0374856 -0.034158 -0.0340428 -0.0342072 -0.0341505
internal_weight=114.692 28.3193 86.3729 70.2818 67.1514 54.3536 49.0314 25.501 22.0356 10.2072 16.0911 15.2938 12.3948 23.5303 16.7308 8.03893 12.7979 9.70316 6.79959 8.70739 11.791 19.6846 5.32217 8.69182 8.64251 5.81551 18.3414 16.5267 11.0842 10.464
internal_count=1366 811 555 441 418 341 295 152 772 60 114 92 76 143 95 55 77 62 48 52 85 763 46 40 60 48 737 704 361 352
is_linear=0
shrinkage=0.05


Tree=147
num_leaves=31
num_cat=0
split_feature=59 72 19 121 3 6 96 47 9 8 16 18 23 70 55 90 44 90 108 45 94 93 45 105 45 86 43 98 97 29
split_gain=8.80764 3.01315 2.59296 2.36988 2.14307 2.90725 2.01514 1.74493 2.20238 1.65679 1.6908 1.58595 1.51297 1.43773 2.67519 1.55447 1.04248 1.69114 1.55215 0.994216 0.910108 1.09834 0.908229 0.947598 0.810319 0.787475 0.698137 0.467411 0.203545 0.120567
threshold=0.0068702215794473895 0.14464180171489718 0.017261220142245296 0.67002135515213024 0.0010516669717617335 0.98734459280967724 0.032355159521102912 0.76229196786880504 0.049761541187763221 -0.096931565552949892 0.0039276147726923236 0.012812508270144464 0.0051019743550568828 0.43131214380264288 3.8720666170120244 0.13727987557649615 0.001979371416382492 0.1243264675140381 0.0031132808653637771 -0.084132418036460863 0.33445601165294653 0.14811903983354571 -0.14774711430072782 0.0054653799161314973 -0.25471498072147364 0.0045470150653272876 0.00073816769872792076 1.7614551782608034 0.24881616234779361 0.94204038381576549
decision_type=2 2 2 2 2 2 2 2 2 2 2 2 2 2 2 2 2 2 2 2 2 2 2 2 2 2 2 2 2 2
left_child=26 4 3 -3 -2 6 12 -8 13 -4 -11 -7 -6 14 24 -15 19 -18 -19 22 29 -22 23 -13 -9 -10 -1 -28 -23 -12
right_child=1 2 9 -5 5 11 7 8 25 10 20 16 -14 15 -16 -17 17 18 -20 -21 21 28 -24 -25 -26 -27 27 -29 -30 -31
leaf_value=-0.0080281397893893925 0.033974982192458765 0.032570313129530896 0.014254729767580111 -0.015407531154029153 0.0070317838070610194 0.010827353712246983 -0.021061994343509041 -0.022474108589271975 -0.035558428595292318 0.0056991152640760477 -0.034535714399651279 -0.004619204931656587 -0.037839857457369563 0.047225853638849437 0.031059460502429578 0.0070196495165495351 -0.035876539954003264 0.02120158427170174 -0.01954259435187922 -0.0095178257615515793 0.011580516291627509 -0.040213737454257201 -0.057291311307141372 -0.04126525681610238 0.0093193342660622003 0.0088755056268693157 -0.0040996865228287611 0.03483808895196417 -0.018444562819906266 -0.044769169379616766
leaf_weight=1.0977914296090627 4.300446229055523 4.4837579354643804 2.6808547638356677 6.0425194799900055 3.5076630525290957 5.8764327354729167 3.6984483040869227 4.784753084182741 2.5901891924440852 3.5522882901132133 16.834963668137796 3.1067736670374888 4.0448201596736908 7.5015939399600011 8.3072174042463285 3.5377447977662086 3.7107022590935221 5.5012607574462873 4.0643931776285172 5.7994824945926693 2.4552690498530856 2.354287501424551 3.2461646907031536 4.0816059373319149 3.4485339857637953 1.6212274506688116 0.80754726380110042 16.900386007502675 1.9742152020335195 3.4717858806252471
leaf_count=16 29 25 22 30 28 33 28 25 35 24 210 18 35 35 37 28 29 25 26 36 22 25 17 36 23 12 5 405 18 29
internal_value=-0.00126463 -0.00600818 -0.0166042 0.00502904 -0.000391841 -0.00227625 0.00645238 0.0114432 0.0152247 -0.0234377 -0.0267354 -0.0128932 -0.0169997 0.0203673 0.0110409 0.0343411 -0.0176167 -0.00722491 0.00388961 -0.0261152 -0.0309884 -0.0151324 -0.03534 -0.0254271 -0.00915734 -0.0184531 0.0306637 0.0330624 -0.0302849 -0.0362853
internal_weight=145.385 126.579 43.8499 10.5263 82.7295 78.429 43.0422 35.4897 31.7913 33.3237 30.6428 35.3868 7.55248 27.5798 16.5405 11.0393 29.5104 13.2764 9.56565 16.234 27.0905 6.78377 10.4345 7.18838 8.23329 4.21142 18.8057 17.7079 4.3285 20.3067
internal_count=1366 940 405 55 535 506 286 223 195 350 328 220 63 148 85 63 187 80 51 107 304 65 71 54 48 47 426 410 43 239
is_linear=0
shrinkage=0.05


Tree=148
num_leaves=31
num_cat=0
split_feature=23 12 59 44 18 53 64 96 0 128 14 5 28 62 81 63 78 93 123 110 30 62 47 0 76 56 25 48 68 21
split_gain=7.02852 2.98461 1.90437 2.00393 1.87603 2.27195 1.60641 2.01442 2.26068 1.54592 1.2428 2.37099 3.14871 1.42321 1.83639 1.85011 1.35648 1.16528 0.994187 0.781957 0.781784 0.610347 0.590194 0.585568 0.472978 0.456434 0.378739 0.140414 0.126462 0.094465
threshold=0.0075177061371505269 -0.065994571894407258 0.0077924015931785115 0.0037161111831665043 0.025174147449433807 0.22843403369188311 0.44517379999160772 0.1015085317194462 0.038118597120046623 1.0462339520454409 1.9467587471008303 0.78807210922241222 0.75940749049186718 0.0027490578358992939 0.00076220979099161934 0.07224490121006967 0.0029025998665019874 0.061448834836483009 0.075044479221105589 0.53327012062072765 1.3503581881523135 0.0031728520989418034 0.6778332293033601 0.011199803091585638 0.62870660424232494 1.0000000180025095e-35 0.0049397903494536885 2.4439779520034794 0.016216244548559192 0.025981374084949497
decision_type=2 2 2 2 2 2 2 2 2 2 2 2 2 2 2 2 2 2 2 2 2 2 2 2 2 2 2 2 2 2
left_child=1 -1 25 10 23 6 7 8 18 -10 16 12 13 -12 -15 21 -4 -14 -6 -5 -20 -16 -7 -2 -8 -3 -23 28 -25 -24
right_child=4 2 3 19 5 22 24 -9 9 -11 11 -13 17 14 15 -17 -18 -19 20 -21 -22 26 29 27 -26 -27 -28 -29 -30 -31
leaf_value=-0.034533230741515618 0.011701321360959811 -0.034990787039874675 0.030654563387970679 -0.037615631400039956 -0.0089426673087098976 0.0053349401917376351 0.038358290761550617 0.024667073522979394 -0.012233435157729827 0.032518309974311321 -0.040383777923510229 -0.036337164207870774 0.002757007958256486 0.032420337980126432 -0.0002165858930174942 0.026253242167890524 -0.0031514607883820246 0.040918013755415046 -0.057954107047099225 -0.0049914217465188487 -0.023402808047105702 -0.037445295439170849 0.023748495027761274 0.036452825776442752 0.011307453070421818 0.0084478866508608322 -0.012620512479273175 0.043440234554537417 0.019584122425548734 0.036710009920363371
leaf_weight=11.07306671887636 3.1537218336015931 6.2677118033170691 6.4423372372984868 5.1170944795012465 5.360057022422561 2.2725021354854098 2.9199732542037955 4.7722256407141677 3.9527921043336383 3.7706236839294434 3.1644282154739001 4.7679896652698508 3.1688410118222219 2.876301757991313 2.3679464142769557 2.4903732426464549 5.5011169202625751 5.4256269484758377 2.8065890073776245 2.8651187047362328 3.9292784854769707 4.8253426365554333 1.7753965742886046 3.4925074242055398 3.618285121396184 0.66931292228400696 2.2541507109999657 4.1750346422195435 1.6294096298515794 6.7511090822517872
leaf_count=375 23 189 29 48 33 22 18 35 22 19 23 76 27 16 18 13 32 26 11 14 31 50 17 37 23 11 16 19 18 75
internal_value=-0.000178241 -0.0107395 -0.00621288 -0.00288598 0.0132763 0.00821561 0.00136046 -0.00449617 -0.0115183 0.00961467 0.00135913 -0.003871 0.00195439 -0.00994565 -0.00344379 -0.0120849 0.0150836 0.0268478 -0.025012 -0.0259056 -0.0377991 -0.022191 0.0279766 0.0303188 0.0233883 -0.0307996 -0.0295409 0.0366342 0.0310865 0.0340112
internal_weight=123.656 69.2768 58.2037 51.2667 54.3795 41.9288 31.1298 24.5916 19.8193 7.72342 43.2845 31.341 26.573 17.9785 14.8141 11.9378 11.9435 8.59447 12.0959 7.98221 6.73587 9.44744 10.799 12.4507 6.53826 6.93702 7.07949 9.29695 5.12192 8.52651
internal_count=1366 963 588 388 403 306 192 151 116 41 326 265 189 136 113 97 61 53 75 62 42 84 114 97 41 200 66 74 55 92
is_linear=0
shrinkage=0.05


Tree=149
num_leaves=31
num_cat=0
split_feature=9 18 62 15 0 112 120 38 19 14 26 129 105 82 34 109 86 9 6 129 106 35 87 40 50 38 94 11 75 52
split_gain=5.65792 2.58307 2.30548 1.99367 1.77035 1.58404 2.72348 1.75299 2.53406 2.28024 1.86727 1.78487 1.57059 1.38304 2.09228 1.31939 1.20078 1.72168 1.17688 1.42865 1.10464 0.840444 0.831341 0.774615 0.597988 0.521787 0.306779 0.179666 0.139145 0.134428
threshold=0.019805597141385082 0.030899018049240116 0.003467747126705945 -0.2715333998203277 0.058614116162061698 0.11645530164241792 0.30556905269622808 -0.18519679456949231 0.019746659323573116 6.464411973953248 0.001682508329395205 0.287612795829773 0.017044503241777424 0.0059608875308185824 0.44385375082492834 0.0041405765805393466 0.0014408355928026142 0.014638573862612249 0.8918672800064088 0.097931921482086196 0.017991398461163047 0.11956238374114038 0.016857687383890155 0.26928129792213445 0.039150252938270576 -0.15427425503730771 0.19487957656383517 0.3358526229858399 0.0029340286273509268 0.31063114106655126
decision_type=2 2 2 2 2 2 2 2 2 2 2 2 2 2 2 2 2 2 2 2 2 2 2 2 2 2 2 2 2 2
left_child=4 3 -3 23 16 13 21 8 9 -8 -9 18 27 14 25 -13 17 -1 19 -12 -20 -7 24 -2 -18 -5 28 -4 -25 -29
right_child=1 2 12 5 -6 6 7 10 -10 -11 11 15 -14 -15 -16 -17 22 -19 20 -21 -22 -23 -24 26 -26 -27 -28 29 -30 -31
leaf_value=-0.033798277939674749 0.0096677244138198837 0.024210719539925648 -0.050670036943563028 0.041978473188521798 0.040575212907826272 -0.039176931578005912 -0.037482041264740855 0.048288311862641042 0.025452802664488107 0.0081022033675139798 0.028532514010608651 0.016313243468518448 0.014775514996572234 0.047036991125146713 -0.013559032575592626 -0.028434059678242155 -0.034619395306770065 0.071376910616484532 0.01246673605190695 -0.020307231511061747 0.045148080385000615 -0.0026482190084261299 0.01853958632258643 0.049251951881555366 0.022886919819125082 0.015521325338418391 0.021482468155911826 -0.017652775274725568 0.034753323750214483 -0.036865433786793002
leaf_weight=0.83075498230755929 4.6000112891197196 2.888905767351388 1.8863301742821912 3.7133836150169364 1.041690845042466 4.644850341603159 6.7506894767284304 3.5573970079422095 4.476625205948948 4.6215749606490135 2.6556037850678029 2.6343616750091305 1.7993013300001619 3.6812762450426808 4.824471939355135 4.3966172989457846 15.364699507132171 0.7319139838218689 5.2047774326056224 3.4330140650272369 5.1380584426224232 2.3822272699326277 0.82554022595286447 2.6394147798418981 0.46576933935284692 3.7410280387848607 3.1886730790138245 1.1587338577955959 4.4361503552645445 4.2489120606333017
leaf_count=50 27 19 9 19 4 60 37 16 27 23 17 14 8 21 34 31 620 2 32 26 34 25 16 12 6 24 23 12 45 73
internal_value=0.00183899 0.00696228 -0.0147006 0.0101779 -0.02282 0.00644475 0.00205902 0.00678854 -0.0064132 -0.0189571 0.0145322 0.00941409 -0.0270626 0.0201557 0.0120966 -0.0116682 -0.0264447 0.0154631 0.0184351 0.00099465 0.028702 -0.0267934 -0.0303765 0.0267178 -0.0329274 0.0287008 0.0343589 -0.0373834 0.0401618 -0.0327486
internal_weight=111.963 92.7024 11.9822 80.7202 19.2604 65.856 49.8958 42.8687 15.8489 11.3723 27.0198 23.4624 9.09328 15.9602 12.2789 7.03098 18.2187 1.56267 16.4315 6.08862 10.3428 7.02708 16.656 14.8642 15.8305 7.45441 10.2642 7.29398 7.07557 5.40765
internal_count=1366 668 121 547 698 440 342 257 87 60 170 154 102 98 77 45 694 52 109 43 66 85 642 107 626 43 80 94 57 85
is_linear=0
shrinkage=0.05


Tree=150
num_leaves=31
num_cat=0
split_feature=59 19 0 93 109 4 71 0 97 74 19 5 79 119 92 56 79 111 93 125 79 41 123 78 103 78 89 96 56 38
split_gain=7.55177 2.89904 2.6426 2.48218 2.00885 2.83981 1.91724 2.11955 2.41259 1.48683 1.42971 1.40703 1.28123 1.10613 1.08079 1.84053 2.06595 2.36177 1.63925 1.59947 1.23133 1.17668 0.879895 0.945714 1.3044 0.746209 0.678933 0.661643 0.518597 0.447929
threshold=0.0072306965012103328 0.018743610940873626 0.01103473547846079 0.048819752410054214 0.012923431582748892 -0.35297293961048121 -0.28659123182296747 0.016301702708005909 0.30891233682632452 -0.26355318725109095 0.017261220142245296 0.0664825774729252 0.0054585007019341001 1.3027745485305788 0.77890971302986156 -0.077887989580631242 0.012088492512702944 0.051529694348573692 0.093497257679700865 0.0032580809202045207 0.0085604977793991583 0.016855156049132351 0.17758855223655703 0.0034996650647372012 0.061707563698291786 0.0093732010573148745 -0.14513628184795377 0.088088139891624465 -0.34749075770378107 0.26691915094852453
decision_type=2 2 2 2 2 2 2 2 2 2 2 2 2 2 2 2 2 2 2 2 2 2 2 2 2 2 2 2 2 2
left_child=11 3 -3 -2 14 -6 -5 8 10 -9 12 -1 26 -7 15 16 19 -18 25 -4 21 -21 23 24 -17 -19 -8 -14 -13 -30
right_child=1 2 4 6 5 13 7 9 -10 -11 -12 28 27 -15 -16 22 17 18 -20 20 -22 -23 -24 -25 -26 -27 -28 -29 29 -31
leaf_value=-0.014628695915866846 0.031410990011004475 0.03178196245264131 0.015735492249156491 0.036412786802500756 -0.032126112517162686 -0.0028956182617738179 -0.0092841727926316862 0.0050240643138600525 -0.02445316826967979 -0.031049619691842487 -0.014335125843789119 0.0030802605117397448 0.042661025603452737 0.036294158744643625 -0.036268379190865736 -0.037540388466419577 0.047014713109382517 -0.03875251120452404 0.017938184971772537 0.013989368941729391 -0.043981872027519693 -0.027372639152540502 0.0033306003041595044 -0.034384703054141708 0.021199516646812491 -0.0016789919864788475 0.018421812018395326 0.017067598595818006 0.035639846553070641 6.8281304011873461e-05
leaf_weight=1.7848898544907594 7.6929248236119738 3.5457372590899459 2.8504301868379107 3.4637583233416072 3.3218499682843685 2.7381260357797128 4.5154463425278664 4.2669025994837275 5.506025403738021 8.6409673653542978 4.1147262603044501 1.4720625616610075 5.2431146465241891 5.2581560984253883 6.0754596777260295 1.7858235035091738 3.0781374201178542 2.9552897810935956 4.9771371930837631 2.6775765344500524 5.3519100174307823 4.8053767904639244 2.4075732156634322 15.069346619769929 2.0075879767537117 2.5101291686296463 4.3329462558031171 4.8715855032205582 17.991910383105282 0.93078375980257888
leaf_count=12 35 28 14 26 30 29 20 29 27 74 24 22 26 26 77 23 17 25 24 15 41 59 14 142 20 20 20 27 419 8
internal_value=0.00106867 -0.00373541 -0.0102979 0.0051664 -0.0124963 0.006732 0.000675337 -0.00230805 0.00528608 -0.0191249 0.0123814 0.0279408 0.0181785 0.0228746 -0.0163446 -0.0139465 -0.00579858 0.00852465 -0.00282101 -0.0181452 -0.0256696 -0.0125723 -0.0251344 -0.0287676 -0.00645346 -0.0217256 0.0042831 0.0303344 0.0316663 0.0338901
internal_weight=146.244 124.064 71.4156 52.6484 67.8699 11.3181 44.9555 41.4917 28.5838 12.9079 23.0778 22.1796 18.9631 7.99628 56.5518 50.4763 29.206 13.5207 10.4426 15.6853 12.8349 7.48295 21.2703 18.8628 3.79341 5.46542 8.84839 10.1147 20.3948 18.9227
internal_count=1373 912 604 308 576 85 273 247 144 103 117 461 93 55 491 414 215 86 69 129 115 74 199 185 43 45 40 53 449 427
is_linear=0
shrinkage=0.05


Tree=151
num_leaves=31
num_cat=0
split_feature=16 10 11 59 99 40 6 38 79 123 118 96 121 10 74 51 5 29 17 102 38 19 73 30 5 94 3 35 30 2
split_gain=7.27059 2.62108 2.95527 2.57184 2.59783 2.49338 1.9935 1.83993 1.82563 1.69079 1.67574 3.67848 1.53138 1.50727 1.42456 1.33949 1.31193 1.14606 1.09081 0.785674 0.745381 0.724391 1.63389 0.720855 0.679649 0.982372 0.433568 0.266192 0.0815271 0.047262
threshold=0.0027207091916352515 0.015480957925319673 0.44676136970520025 0.011088757310062649 0.22953417152166369 0.71069902181625377 0.98933941125869762 -0.20534309744834897 0.0095967063680291193 0.097425773739814772 0.081294581294059767 0.05647717788815499 0.93533164262771618 0.010639644227921964 -0.41045285761356348 0.0061548894736915835 0.62609651684761058 0.88138535618782055 0.83857938647270214 0.10147980228066446 -0.14333956688642499 0.020346971228718761 2.0882385969161992 1.6975580453872683 -0.13908261060714719 0.25223675370216375 0.0072634527459740647 0.074554674327373519 1.3814911246299746 0.076373647898435607
decision_type=2 2 2 2 2 2 2 2 2 2 2 2 2 2 2 2 2 2 2 2 2 2 2 2 2 2 2 2 2 2
left_child=14 3 21 4 27 6 12 26 -4 10 24 -12 23 -11 -1 -7 -10 -13 20 -14 -19 22 -3 -6 29 -26 -5 -2 -8 -9
right_child=1 2 8 7 5 15 28 9 16 13 11 17 19 -15 -16 -17 -18 18 -20 -21 -22 -23 -24 -25 25 -27 -28 -29 -30 -31
leaf_value=0.0074956035962904918 -0.026896694402471923 0.018447594472905181 0.034149279710273393 0.043732552159949575 0.032896330987240596 0.0047403979816377766 -0.05199102213314101 0.037227864956133921 0.014019631862261428 0.0083873891545039238 -0.0362045026921302 0.037161413930235525 -0.037325980098545257 -0.031736682588483472 -0.034575223079398733 0.041865224871356986 -0.034767404335928925 -0.0212636025528956 0.033565786958794266 -0.0011348738009778426 0.010901003253798757 -0.037191602300557576 -0.038536942561172662 0.0013090178930069401 0.0075235230226513685 0.041566253425403675 0.02149120148606172 -0.051533450648766368 -0.036358229710819985 0.046048443684041408
leaf_weight=2.2939317412674454 2.2849892489612129 2.3083721622824687 4.2757271081209165 5.7383938729763013 3.2257368415594154 4.9550658520311099 1.4209923520684236 3.7160281501710406 2.8740357086062431 5.8664367757737619 4.060846712440255 4.9336049966514102 2.9379215957596898 3.8942857459187508 16.380273696966469 4.7673246413469315 2.6472092419862747 3.0570670440792984 2.9615931175649166 3.0631367452442646 4.3845325559377706 7.3175808507949114 2.7642172947525978 4.1043113339692354 6.0048365741968137 3.274943619966507 3.5446685440838337 2.1077584959566593 2.018983531743288 2.5682169944047928
leaf_count=23 39 11 16 26 14 34 6 35 18 39 25 52 37 20 533 22 24 18 25 22 32 96 31 33 38 20 26 11 36 11
internal_value=-0.000618268 0.00440244 -0.0108993 0.00840167 -0.00310623 0.00279839 -0.00888047 0.0149831 0.00962229 0.0107784 0.0159153 0.00610995 -0.000123737 -0.00762112 -0.0294073 0.0229444 -0.00937174 0.0173139 0.0079014 -0.0188529 -0.00231247 -0.0271258 -0.0126051 0.0152097 0.0281358 0.0195376 0.0352399 -0.0387181 -0.0428159 0.0408326
internal_weight=125.753 107.079 22.1871 84.8917 30.8862 26.4935 16.7711 54.0055 9.79697 44.7224 34.9617 19.3976 13.3311 9.76072 18.6742 9.72239 5.52124 15.3368 10.4032 6.00106 7.4416 12.3902 5.07259 7.33005 15.564 9.27978 9.28306 4.39275 3.43998 6.28425
internal_count=1373 817 196 621 254 204 148 367 58 315 256 152 106 59 556 56 42 127 75 59 50 138 42 47 104 58 52 50 42 46
is_linear=0
shrinkage=0.05


Tree=152
num_leaves=31
num_cat=0
split_feature=69 9 95 95 30 82 57 46 122 121 15 15 92 73 96 98 124 91 9 87 77 94 114 12 1 7 92 69 48 77
split_gain=6.74364 2.35533 2.2543 1.79991 1.79257 3.08356 1.54992 1.3502 1.81534 1.75533 1.28518 3.08745 1.41949 2.12698 1.17496 1.15472 1.01745 1.13559 0.905787 0.561428 1.21779 0.0866473 0.0629313 0.0339091 0.0133703 0.0114666 0.00620917 0.00531982 0.00300805 0.0020119
threshold=0.0075699808076024064 0.04089003428816796 0.99621400237083446 1.0542976856231692 2.2544525861740117 0.0040090698748826989 0.0034423037432134156 0.84607192873954784 -0.17678796499967572 0.90137338638305675 -0.052892152220010751 -0.086329821497201906 0.57760959863662731 0.67301267385482799 0.084026258438825621 2.1344045400619511 0.051934748888015754 0.55220264196395885 0.026113483123481277 0.00082125572953373205 0.026450256817042831 0.11693169176578523 0.032550759613513953 0.1360663175582886 0.081375382840633406 2.8806509971618657 0.68811124563217174 -0.0057252366095781318 4.1942453384399423 0.023441779427230362
decision_type=2 2 2 2 2 2 2 2 2 2 2 2 2 2 2 2 2 2 2 2 2 2 2 2 2 2 2 2 2 2
left_child=10 2 7 -4 5 -3 -7 8 9 -2 11 18 13 -13 19 -8 -10 22 26 21 -21 -6 -18 29 28 -24 -1 -15 -12 -23
right_child=1 4 3 -5 14 6 15 -9 16 -11 24 12 -14 27 -16 -17 17 -19 -20 20 -22 23 25 -25 -26 -27 -28 -29 -30 -31
leaf_value=-0.034186275974595677 -0.023915854973470891 -0.022544529985127161 0.034602864262144976 -0.0020506051520041545 0.029234596018306736 -0.0051001729260202449 0.0076716822551356444 -0.04549914908855715 0.022590767405550424 0.023527533758786502 -0.034084976973438701 0.062726258823136066 0.059969935859191352 -0.040960876150338804 -0.0034011994787853991 0.039908502529173703 -0.021230083337824952 0.0097530819513865618 -0.0065105409299975716 -0.0074529601129659246 0.036784465919201079 0.037436424129776998 -0.035639406706563424 0.043627690148657847 -0.04054571138173152 -0.039856688941226709 -0.038557803936532527 -0.034358992827093461 -0.036492892607564761 0.035596023003134761
leaf_weight=7.5637409910559672 2.8688534554094094 7.2527502775192287 5.62631020694971 8.2761757671833021 3.4548217989504399 5.6578838825225857 4.6687040366232377 2.7763875052332869 1.1277021691203142 6.0844641178846359 8.7206240938976354 0.85411874577403368 1.6885315906256435 0.42850562930107106 3.1863805353641501 6.858965277671814 0.68293541297316362 1.6683322135359047 4.3139350470155469 2.7613400518894187 3.5632154494524002 3.3643745109438878 4.5762513522058725 2.4238276258111 0.98371853679418642 2.4881506040692329 0.91000939533114422 1.0599070740863679 1.5236137872561819 2.6583359055221081
leaf_count=338 33 35 24 32 28 26 28 15 7 28 356 6 11 2 18 35 4 10 34 16 36 25 85 11 5 14 6 51 23 31
internal_value=-0.000713495 0.00652322 -0.00301537 0.012783 0.0140491 0.00479501 0.016333 -0.0128764 -0.00823087 0.00832556 -0.0218782 -0.0131331 0.0250226 -0.000168037 0.0246109 0.0268526 -0.0222904 -0.0276658 -0.0251609 0.0295082 0.0174701 0.0359054 -0.0357236 0.0386339 -0.0349778 -0.0371248 -0.0346557 -0.0362596 -0.0344431 0.0366241
internal_weight=110.073 82.0262 36.1756 13.9025 45.8506 24.4383 17.1856 22.2731 19.4967 8.95332 28.0467 16.8187 4.03106 2.34253 21.4123 11.5277 10.5434 9.41567 12.7877 18.2259 6.32456 11.9014 7.74734 8.44654 11.228 7.0644 8.47375 1.48841 10.2442 6.02271
internal_count=1373 541 252 56 289 124 89 196 181 61 832 448 70 59 165 63 120 113 378 147 52 95 103 67 384 99 344 53 379 56
is_linear=0
shrinkage=0.05


Tree=153
num_leaves=31
num_cat=0
split_feature=59 19 51 0 86 109 93 71 0 97 10 69 2 6 3 23 56 105 79 10 123 109 109 29 79 124 43 124 123 11
split_gain=6.98208 2.67321 2.62121 2.34746 2.27967 2.54308 2.26396 1.78156 1.95495 2.23456 1.45131 2.22425 1.35788 1.34642 1.62889 2.03313 1.15989 1.67386 1.89583 1.64325 1.11514 1.09125 2.33715 1.08877 0.893023 1.31434 0.859753 0.609221 0.487467 0.199912
threshold=0.0072306965012103328 0.018743610940873626 0.01401248946785927 0.01103473547846079 0.003055153065361083 0.012923431582748892 0.048819752410054214 -0.28659123182296747 0.016301702708005909 0.30891233682632452 0.024653916247189048 0.023138703778386119 0.0088230273686349409 0.81749173998832714 0.002561195869930089 0.0022710976190865044 -0.076204027980566011 0.0081336228176951426 0.012088492512702944 0.0076209101825952539 0.17758855223655703 0.0081940828822553175 0.011263829655945303 0.96060672402381908 0.009194440674036743 0.07736454159021379 0.00069948742748238157 0.14983229339122775 0.12929297238588336 0.21446634829044345
decision_type=2 2 2 2 2 2 2 2 2 2 2 2 2 2 2 2 2 2 2 2 2 2 2 2 2 2 2 2 2 2
left_child=12 6 3 -3 -5 16 -2 -8 9 13 28 -12 26 -9 15 -15 17 18 -6 -20 24 -10 -23 -7 25 -18 -1 -16 -4 -24
right_child=1 2 10 4 5 23 7 8 21 -11 11 -13 -14 14 27 -17 20 -19 19 -21 -22 22 29 -25 -26 -27 -28 -29 -30 -31
leaf_value=-0.013186669287146756 0.030149696924105851 0.037725772570452482 -0.035871408908870112 0.032188640692399954 -0.020405698074420449 0.031090610120236756 0.035740519245052838 -0.010722354627033347 -0.034809061525342661 -0.023605029341622799 0.046862932779529645 -0.034803657779619995 -0.0048169851888280385 0.02739167979773496 0.020343402206049827 -0.016395537686793818 -0.037590082766312802 -0.036491223728058214 0.040185917278528882 -0.0055350169460547174 0.0095173956052345549 0.032462091553480704 -0.036079265938179103 -0.0046508287454062533 -0.035311676065357518 0.023715394700972108 0.035117925499393889 0.049932016692599036 -0.011443641339371192 -0.013991630715715731
leaf_weight=0.97279549390078202 7.659230798482894 3.1616337783634654 13.293125208467247 3.4790951237082473 5.6656542457640153 4.6110206060111505 3.3524636905640355 5.0585890859365525 5.6746263615787012 5.4551516585052005 1.5947778038680547 1.7471627369523046 2.8023239448666564 5.4611655585467833 3.072283908724784 5.1518856696784496 1.7375218272209267 3.6549888961017123 3.9666654020547867 3.8949195630848408 2.1173513531684867 2.5795862302184105 2.680049791932106 3.9612605683505535 12.555255943909286 1.7597401943057773 17.355533314868808 4.0107144564390182 2.4130135998129836 1.6583001129329202
leaf_count=15 35 27 178 18 37 24 26 26 42 27 13 32 13 23 18 27 21 25 21 23 13 14 32 23 117 20 433 23 12 15
internal_value=0.0010722 -0.0035438 -0.00994419 -0.00398928 -0.00677152 -0.00985741 0.00505526 0.0007023 -0.00217656 0.00513571 -0.0257521 0.00416773 0.027598 0.012026 0.0185288 0.00613608 -0.0157817 -0.00646837 0.00164365 0.0175341 -0.0245888 -0.0185575 -0.00522667 0.0145745 -0.0290875 -0.0067426 0.0325541 0.0370978 -0.0321184 -0.0276364
internal_weight=142.558 121.427 69.6132 50.5651 47.4035 43.9244 51.814 44.1548 40.8024 28.2098 19.0481 3.34194 21.1307 22.7546 17.696 10.6131 35.3521 17.1822 13.5272 7.86158 18.1699 12.5926 6.91794 8.57228 16.0525 3.49726 18.3283 7.083 15.7061 4.33835
internal_count=1373 912 604 369 342 324 308 273 247 144 235 45 461 117 91 50 277 106 81 44 171 103 61 47 158 41 448 41 190 47
is_linear=0
shrinkage=0.05


Tree=154
num_leaves=31
num_cat=0
split_feature=16 9 97 94 0 36 32 122 12 75 1 107 66 33 62 32 59 74 49 81 6 42 41 106 1 23 65 107 2 7
split_gain=6.79482 2.59001 2.33205 1.99887 1.7004 2.30724 2.31817 1.90058 1.73628 1.67002 1.85287 1.92365 1.7948 1.48732 1.76753 1.93071 1.47702 1.39722 1.03887 0.627809 0.552816 0.428389 0.419931 0.278375 0.249608 0.0154762 0.0023204 0.00226308 0.00161312 0.00111902
threshold=0.0027207091916352515 0.056222539395093925 0.083990335464477553 0.23721298575401309 0.0097577655687928217 -0.020793492905795571 0.036370160058140762 0.2457683011889458 0.1360663175582886 0.070319600403308882 0.026558738201856617 0.0055621901992708453 1.5724573731422427 0.011948320083320143 0.0027072671800851826 0.020055091008543972 0.034847162663936622 -0.41045285761356348 0.39252184331417089 0.0015498419525101783 0.79168939590454113 0.007772913435474039 0.037421720102429397 0.016786897554993633 0.0088310437276959437 0.0053871837444603452 0.80314391851425182 0.0068649381864815959 0.0083115436136722582 4.82537865638733
decision_type=2 2 2 2 2 2 2 2 2 2 2 2 2 2 2 2 2 2 2 2 2 2 2 2 2 2 2 2 2 2
left_child=17 2 3 23 20 -6 7 9 21 10 11 -7 -13 14 -14 -16 25 -1 -17 -15 -4 24 26 -2 -8 -3 -12 -19 -22 -29
right_child=1 16 4 -5 5 6 8 -9 -10 -11 22 12 13 19 15 18 -18 27 -20 -21 28 -23 -24 -25 -26 -27 -28 29 -30 -31
leaf_value=0.0074169299470967804 0.044909178228603991 -0.034634798195085345 0.012395616684282896 -0.0054653580153121682 0.032752185861070329 -0.030115656955390258 -0.026180800529716216 0.044825624094305433 0.0044757265011136057 -0.031036896472976302 0.035193868944858674 0.042053741156536768 0.028156807671456341 0.038185162185256673 0.025683147565101056 -0.03722598032235272 0.016418546927649769 -0.033811445314324798 -0.0084252431955901888 0.010525350327825317 -0.034496669728692218 -0.012380213996830635 0.0061177329105124119 0.028164773024579082 -0.046078872528467367 -0.040193746428585621 0.03742176687476674 -0.035669140710064599 -0.036751731579273549 -0.03454526761467009
leaf_weight=2.2771751303225782 5.3925246857106668 3.8564402200281611 0.73301225528120895 3.7847366416826835 6.8171504288911811 3.9786054212599984 3.1553263291716558 3.1472634635865679 6.8118787482380858 3.0575705617666236 4.4452086351811877 3.2338922061026087 3.955791991204026 3.3263646364212018 3.5760373175144222 3.9384373575449017 1.7195948045700786 6.5256965700536957 15.27414984628558 5.3526787310838699 2.4320861157029872 2.7203499712049961 1.4875343255698679 4.5991308987140656 3.1489772945642471 1.8539539724588392 1.5856136381626127 3.9194990471005422 1.1767280027270315 5.0925973784178495
leaf_count=23 32 82 5 27 35 29 26 24 36 13 67 26 21 14 19 23 15 357 107 34 72 25 13 24 15 10 12 60 11 116
internal_value=-0.000616735 0.00424642 0.00642288 0.02548 0.00327323 0.00494728 0.00232177 0.00707113 -0.0145803 0.0048381 0.00702516 0.00298953 0.0063967 0.00314149 -0.00269493 -0.00805036 -0.0242061 -0.02916 -0.0143292 0.0211264 -0.0271912 -0.0289639 0.0299109 0.0372018 -0.0361198 -0.0364396 0.0357796 -0.0345206 -0.035232 -0.0350341
internal_weight=122.376 104.561 97.131 13.7764 83.3547 79.0128 72.1957 56.3591 15.8365 53.2119 50.1543 42.636 38.6574 35.4235 26.7444 22.7886 7.42999 17.815 19.2126 8.67904 4.34183 9.02465 7.51836 9.99166 6.3043 5.71039 6.03082 15.5378 3.60881 9.0121
internal_count=1373 817 710 83 627 539 504 402 102 378 365 273 244 218 170 149 107 556 130 48 88 66 92 56 41 92 79 533 83 176
is_linear=0
shrinkage=0.05


Tree=155
num_leaves=31
num_cat=0
split_feature=69 9 95 30 81 95 57 46 122 121 15 15 130 78 96 98 104 9 87 77 94 13 1 92 8 48 77 92 92 101
split_gain=6.25583 2.11791 2.11158 1.69127 2.35621 1.69052 1.5256 1.28544 1.73018 1.60636 1.25797 2.91293 1.2728 1.13964 1.13788 1.13452 0.935931 0.876135 0.561734 1.18235 0.0862325 0.0288895 0.0113197 0.00532009 0.00475335 0.0025202 0.00171354 0.00126222 0.000594509 0.000181534
threshold=0.0075699808076024064 0.04089003428816796 0.99621400237083446 2.2544525861740117 0.0015746759017929437 1.0542976856231692 0.003768847207538784 0.84607192873954784 -0.17678796499967572 0.90137338638305675 -0.052892152220010751 -0.086329821497201906 0.3154724389314652 0.0037921476177871232 0.084026258438825621 2.1344045400619511 0.034194273874163635 0.026113483123481277 0.00082125572953373205 0.026450256817042831 0.11693169176578523 0.090710878372192397 0.081375382840633406 0.68811124563217174 0.55936840176582348 4.1942453384399423 0.023441779427230362 0.55625158548355114 0.61817142367362987 0.37416972219944006
decision_type=2 2 2 2 2 2 2 2 2 2 2 2 2 2 2 2 2 2 2 2 2 2 2 2 2 2 2 2 2 2
left_child=10 2 7 4 -3 -4 -6 8 9 -2 11 17 -13 -14 18 -8 24 23 20 -20 -5 26 25 28 27 -12 -22 29 -1 -10
right_child=1 3 5 14 6 -7 15 -9 16 -11 22 12 13 -15 -16 -17 -18 -19 19 -21 21 -23 -24 -25 -26 -27 -28 -29 -30 -31
leaf_value=-0.03390507672380632 -0.023181671281579854 -0.018725230112922511 0.033921602724511439 0.028805164429186861 -0.0066689441514531161 -0.001865228369542285 0.0069616750297386678 -0.044862646803720166 -0.03402822329310648 0.022739959903908938 -0.034049218010898608 -0.038206115919824701 -0.0013688268253482659 0.059312583784861941 -0.0036208102789039871 0.039331342876255199 -0.005875888943802858 -0.0065513916275742176 -0.0077100144264170088 0.036584314952197175 0.037194331228526237 0.043016626397632873 -0.040123395625014935 -0.038282572720077276 -0.038913379100606389 -0.036306385478117445 0.035448928610105034 -0.036177060108200827 -0.034996075356792535 -0.035004114890149068
leaf_weight=5.5447471663355845 2.7805630955845135 7.5045935437083271 5.5180652365088454 3.3515470661222997 5.4262289404869106 8.2096835523843747 4.6809200756251794 2.6926221232861272 1.127854210324587 6.0433629900217056 8.2788190785795397 0.67802494019270199 1.2249883655458691 2.1004875367507339 3.1551603749394408 6.4188631922006607 4.8077373560518026 4.2612922284752122 2.729175277054309 3.3630358129739761 3.2054178789257985 2.3484169393777847 0.94313263893127519 0.87425021827220906 1.2220472469925878 1.4538147915154702 2.5051958188414574 2.2543608658015728 1.6116121709346769 0.82518967241048802
leaf_count=306 33 37 24 28 25 32 29 15 42 28 356 9 36 25 18 33 31 34 16 36 25 11 5 6 7 23 31 26 32 14
internal_value=-0.000722193 0.00628555 -0.00283487 0.0135269 0.0045083 0.0125198 0.0150588 -0.0125245 -0.0079563 0.0082693 -0.0215522 -0.012812 0.0242298 0.0369597 0.0240179 0.0256806 -0.0219419 -0.0248766 0.0290002 0.0167414 0.0355453 0.0383484 -0.0348932 -0.0346006 -0.0361683 -0.0343864 0.0364286 -0.035371 -0.0341508 -0.0344406
internal_weight=107.141 80.17 35.4815 44.6886 24.0306 13.7277 16.526 21.7537 19.0611 8.82393 26.9712 16.2954 4.0035 3.32548 20.6579 11.0998 10.2372 12.2919 17.5028 6.09221 11.4106 8.05903 10.6758 8.03061 5.42945 9.73263 5.71061 4.2074 7.15636 1.95304
internal_count=1373 541 252 289 124 56 87 196 181 61 832 448 70 61 165 62 120 378 147 52 95 67 384 344 89 379 56 82 338 56
is_linear=0
shrinkage=0.05


Tree=156
num_leaves=31
num_cat=0
split_feature=59 19 51 0 86 93 95 0 97 108 10 68 41 106 2 88 19 79 111 15 123 12 15 56 96 89 123 94 94 28
split_gain=6.49009 2.44705 2.49296 2.21081 2.12064 2.10272 1.98558 1.92787 2.30128 1.59165 1.4248 2.21184 1.41522 1.83363 1.3013 1.29999 1.27173 1.18799 0.96528 2.652 2.03447 1.37885 1.2558 0.840724 0.620739 0.619006 0.500903 0.418637 0.323459 0.195446
threshold=0.0072306965012103328 0.018743610940873626 0.01401248946785927 0.01103473547846079 0.003055153065361083 0.048819752410054214 1.3719584941864016 0.016301702708005909 0.30891233682632452 0.0046179830096662053 0.024653916247189048 0.062630381435155882 0.021115005016326908 0.03175854682922364 0.0088230273686349409 0.034362522885203368 0.017261220142245296 0.0054585007019341001 0.063478551805019393 -0.11192035302519797 0.035261107608675964 0.037488872185349471 -0.01975932531058788 -0.36339198052883143 0.088088139891624465 -0.14513628184795377 0.12929297238588336 0.43160766363143926 0.055448621511459358 0.60035881400108349
decision_type=2 2 2 2 2 2 2 2 2 2 2 2 2 2 2 2 2 2 2 2 2 2 2 2 2 2 2 2 2 2
left_child=14 5 3 -3 -5 -2 7 8 16 18 26 -12 -9 -14 23 -11 17 25 20 21 28 -20 -22 -1 -19 -7 -4 29 -6 -21
right_child=1 2 10 4 9 6 -8 12 -10 15 11 -13 13 -15 -16 -17 -18 24 19 27 22 -23 -24 -25 -26 -27 -28 -29 -30 -31
leaf_value=-0.012797251621425308 0.029081271595130156 0.037545775669558135 -0.035760178060528572 0.03145054275900868 -0.0097266343903116871 -0.0093742154464346011 0.035667514902546736 -0.038613354055679637 -0.025348993275028098 0.024444217689075474 0.047579905619078711 -0.034729652287786704 0.026660960864180561 -0.026421954028106501 -0.0045798246123617079 -0.012029859901993028 -0.014005183675307073 0.041333286677265914 0.029866639345098811 -0.034679211212481256 -0.0081397799250512264 -0.015233223633862814 0.032302370578333309 0.035044222379821681 0.016074914971704723 0.017327215646723178 -0.010811151731430844 -0.017595051437087322 -0.037572644823779588 -0.049792137229807971
leaf_weight=0.97275618836284294 7.6326718777418128 3.0384364016354075 12.721988862380387 3.4142619743943206 1.5058505162596683 4.4430075511336327 3.6961906962096682 5.3238725736737234 5.2004034556448451 5.4594769328832609 1.562328398227691 1.7090286947786806 2.8122540973126888 3.8594378903508186 2.7622081562876692 4.4213389977812767 3.9950836747884741 5.0236039832234365 2.9188310652971241 7.6785122863948363 3.8110433649271727 4.0412004981189966 3.8674196358770132 16.403444616124034 4.7158047258853912 4.2436835020780652 2.389708347618579 2.9469996765255937 3.3920444641262293 2.9654965847730637
leaf_count=14 35 27 178 18 11 20 28 38 26 30 12 33 20 44 13 29 24 26 17 83 23 32 30 434 27 20 12 18 41 10
internal_value=0.00105157 -0.00339804 -0.00961676 -0.00377357 -0.006478 0.00488332 0.000619156 -0.00265078 0.00461787 -0.00948901 -0.0253383 0.00457959 -0.0193879 -0.00404642 0.0272984 0.00812327 0.0115684 0.0171132 -0.0147422 -0.0214189 -0.00383173 0.00368032 0.0122298 0.032366 0.0291032 0.00367016 -0.0318148 -0.0342723 -0.0290114 -0.0388898
internal_weight=138.928 118.79 67.844 49.4609 46.4225 50.946 43.3133 39.6172 27.6216 43.0082 18.3831 3.27136 11.9956 6.67169 20.1384 9.88082 22.4212 18.4261 33.1274 20.551 12.5764 6.96003 7.67846 17.3762 9.73941 8.68669 15.1117 13.591 4.89789 10.644
internal_count=1373 912 604 369 342 308 273 245 143 324 235 45 102 64 461 59 117 93 265 160 105 49 53 448 53 40 190 111 52 93
is_linear=0
shrinkage=0.05


Tree=157
num_leaves=31
num_cat=0
split_feature=61 9 118 103 6 19 118 42 33 100 45 71 77 47 123 4 64 128 4 111 6 68 111 29 105 60 82 17 111 53
split_gain=6.18342 2.59222 1.90316 2.29827 2.17286 2.96407 2.06794 2.2538 1.90293 1.87012 1.72641 1.69869 1.65342 1.33518 1.3026 1.09994 1.85309 1.0753 1.53832 1.03215 1.47474 0.86626 0.789458 0.747662 0.687664 1.05367 0.640646 0.997539 0.423161 0.208913
threshold=0.0034296839730814104 0.056222539395093925 0.081294581294059767 0.13909657299518588 0.82318979501724254 0.017101353034377102 0.10593348741531373 0.0076789902523159989 0.013310611713677646 0.35090807080268865 -0.39192430675029749 0.13956677168607715 0.027273166924715046 0.81158241629600536 0.029017867520451549 -0.50974038243293751 0.6820085644721986 0.44615383446216589 0.085599090903997435 0.055419292300939567 0.93260967731475841 0.00090619409456849109 0.022102699615061287 0.9033503830432893 0.0048265594523400077 0.0091633927077054995 0.0068190647289156922 0.86400035023689281 0.049459246918559081 0.2365626469254494
decision_type=2 2 2 2 2 2 2 2 2 2 2 2 2 2 2 2 2 2 2 2 2 2 2 2 2 2 2 2 2 2
left_child=10 2 14 6 24 -6 21 -8 11 -3 -1 -7 -10 -13 -2 -16 17 -17 19 -19 -21 -4 -12 -9 -5 -26 -24 -28 -20 -27
right_child=1 9 3 4 5 8 7 23 12 -11 22 13 -14 -15 15 16 -18 18 28 20 -22 -23 26 -25 25 29 27 -29 -30 -31
leaf_value=0.0077520988014022603 0.044151137130761423 0.033631895286424143 -0.060121763471930136 0.039098134724380965 -0.044086427354967532 0.043921098519298388 -0.027938315138104255 0.029254559818947673 -0.038823785049430369 -0.035144605441348918 0.024529054597517159 0.025083365016023724 0.007963777706918947 -0.010665600730920493 0.040535639912777227 0.044803708445615271 -0.019955519756654713 -0.022783820184522709 0.015942844897408461 0.034161965427673691 -0.01437084004900405 -0.021966535101179203 -0.03465470239255778 -0.0050084349071592218 -0.0026949857391219507 0.039412103295883474 -0.035729189184653627 0.021579117958482611 0.043215971124363692 0.017157282648765895
leaf_weight=3.7981909979134825 4.0323874354362514 1.1840512864291657 2.2057085372507599 5.2469002082943907 3.2802362944930819 4.2599825263023403 4.346328176558016 4.7360344082117081 3.4881626442074767 5.981419125571847 0.66700166463852184 5.0160846598446351 4.1168368123471737 5.4493745360523462 3.3095806688070324 2.8502723053097787 4.2797869816422454 3.4423439800739271 2.4610917530953875 3.3200249187648296 2.9614671692252159 4.5690557043999434 16.62003488838673 2.3985480442643166 4.0047069489955884 3.2020469978451729 1.6766700837761157 1.3878905521705744 3.3694077990949154 1.5723479241132734
leaf_count=31 29 8 10 30 27 23 32 43 25 107 11 31 23 36 14 12 27 22 19 25 16 37 562 20 23 32 38 15 26 19
internal_value=-0.000599915 0.00513843 0.00749529 0.00219735 0.00895833 0.00029482 -0.0124821 0.00044496 0.00681422 -0.0237797 -0.0231933 0.0173036 -0.0134961 0.00646884 0.01771 0.0136082 0.00967963 0.016571 0.0113974 -0.000778493 0.0112807 -0.034389 -0.0289686 0.0177358 0.0247774 0.0162185 -0.0307814 -0.00977517 0.0317038 0.0320829
internal_weight=119.234 95.0842 87.9187 57.8924 39.6367 25.6107 18.2557 11.4809 22.3304 7.16547 24.1498 14.7254 7.605 10.4655 30.0264 25.994 22.6844 18.4046 15.5543 9.72384 6.28149 6.77476 20.3516 7.13458 14.026 8.7791 19.6846 3.06456 5.8305 4.77439
internal_count=1373 716 601 411 269 165 142 95 138 115 657 90 48 67 190 161 147 120 108 63 41 47 626 63 104 74 615 53 45 51
is_linear=0
shrinkage=0.05


Tree=158
num_leaves=31
num_cat=0
split_feature=69 9 47 69 50 31 82 57 15 15 9 96 106 106 120 101 9 87 77 85 94 87 12 1 110 48 23 77 31 9
split_gain=5.78327 1.945 1.96605 1.91589 1.69974 1.59959 2.64742 1.32075 1.24359 2.74692 1.12431 1.09566 1.0733 1.15035 1.00174 0.946188 0.860171 0.559393 1.14053 0.201313 0.0872176 0.0316765 0.0255225 0.00975568 0.00395738 0.00211325 0.00169297 0.00146691 0.000323036 0.000218305
threshold=0.0075699808076024064 0.04089003428816796 0.82583817839622509 0.0089646587148308771 0.039587041363120086 0.38545763492584234 0.0039055645465850834 0.0034423037432134156 -0.052892152220010751 -0.086329821497201906 0.030997752211987976 0.084026258438825621 0.017991398461163047 0.011533207260072233 0.12141434475779535 0.36879025399684912 0.026113483123481277 0.00082125572953373205 0.026450256817042831 0.002484697382897139 0.11693169176578523 0.00055165417143143724 0.1360663175582886 0.081375382840633406 0.29277928173542028 4.1942453384399423 0.0054236762225627908 0.023441779427230362 0.26689103245735174 0.018817146308720115
decision_type=2 2 2 2 2 2 2 2 2 2 2 2 2 2 2 2 2 2 2 2 2 2 2 2 2 2 2 2 2 2
left_child=8 2 14 -4 10 6 -3 -8 9 16 -5 17 13 -11 -2 -9 24 20 -19 -16 -7 -21 27 25 -1 -10 -23 -22 -28 -26
right_child=1 5 3 4 -6 11 7 15 23 12 -12 -13 -14 -15 19 -17 -18 18 -20 21 22 26 -24 -25 29 -27 28 -29 -30 -31
leaf_value=-0.036840748462175187 0.013378192958767002 -0.021995888401494176 0.024924056416593329 -0.034586895067371788 0.013966762734496721 0.028370896436784771 -0.0050199623870431677 0.0095064553200225645 -0.034018666160463361 0.035807989274522181 -0.0033876616178505816 -0.0036890010051523533 0.05254316561983511 -0.036401159827835178 -0.015818644682381876 0.038507284117566189 -0.0063555330737687073 -0.0077560706904321007 0.03638561547279337 -0.046678828424248059 0.03697911766939007 -0.036798836120723905 0.042568386584630552 -0.039761961683124167 -0.033799255295826017 -0.03613448748109592 -0.034282704832270305 0.035321434078340888 -0.035553417048224373 -0.034476638929290725
leaf_weight=1.5077189430594424 1.4166801739484061 6.8201740048825767 7.6085470207035568 4.9715082962065953 7.4833919629454604 3.2688101753592544 5.5579537004232433 5.3476715981960279 7.8646381990984047 1.120938380248848 6.8888391349464655 3.1263975799083701 1.7702410090714691 1.085828931070864 1.3448347449302671 5.9327844902873039 4.2022600173950195 2.7062088698148719 3.1862885169684887 0.80201423913240422 3.0609427616000175 2.2779433932155371 2.2719212025403976 0.90992345660924989 4.4688703622668982 1.3884897027164695 1.186129807494581 2.3662382028996944 0.86479802057147015 1.6208036653697488
leaf_count=16 19 33 39 33 34 28 26 33 356 22 33 18 17 31 16 32 34 16 36 5 25 23 11 5 285 23 37 31 13 43
internal_value=-0.000714004 0.00605025 -0.00275868 0.00366828 -0.00469234 0.0130829 0.00428497 0.0149297 -0.0211817 -0.0123949 -0.0164655 0.0234972 0.0235421 0.000277835 -0.0247065 0.024759 -0.0245073 0.0285382 0.016113 -0.0330383 0.0352137 -0.0375516 0.038119 -0.0348219 -0.0345474 -0.0343362 -0.0358606 0.0362564 -0.0348185 -0.0339795
internal_weight=104.43 78.4901 34.8447 26.9523 19.3437 43.6454 23.6586 16.8384 25.9397 15.7767 11.8603 19.9868 3.97701 2.20677 7.8924 11.2805 11.7997 16.8604 5.8925 6.47572 10.9679 5.13089 7.6991 10.1631 7.59739 9.25313 4.32887 5.42718 2.05093 6.08967
internal_count=1373 541 252 139 100 289 124 91 832 448 66 165 70 53 113 65 378 147 52 94 95 78 67 384 344 379 73 56 50 328
is_linear=0
shrinkage=0.05


Tree=159
num_leaves=31
num_cat=0
split_feature=59 95 115 25 0 100 108 59 77 105 63 122 65 65 92 59 28 23 4 2 57 49 24 38 91 43 64 122 88 37
split_gain=6.01289 2.15595 1.81889 1.71617 1.93433 2.66988 2.13088 1.99846 2.11627 1.74202 2.31538 2.46457 2.80893 1.67027 1.52207 1.81892 1.67055 1.78239 1.45283 1.2576 1.06129 2.1505 1.56642 0.950001 1.55782 0.849517 0.596652 0.494009 0.403646 0.277871
threshold=0.0072306965012103328 1.3719584941864016 0.054528702050447471 0.087700664997100844 0.020457126200199131 0.48052477836608892 0.0011101216077804568 0.0081021245568990725 0.01330213248729706 0.010909431148320438 -0.064641442149877534 -0.26120622456073755 0.75078919529914867 0.78149098157882702 0.53127092123031627 0.010709689930081369 0.75377139449119579 0.0030411537736654286 -0.27246583998203272 0.0088230273686349409 0.0035393188009038572 0.49916432797908789 0.078130032867193236 -0.084525402635335908 0.30684414505958563 0.00069948742748238157 0.39784377813339239 -0.17162702977657315 0.0026785153895616536 2.0923204421997075
decision_type=2 2 2 2 2 2 2 2 2 2 2 2 2 2 2 2 2 2 2 2 2 2 2 2 2 2 2 2 2 2
left_child=19 2 -2 4 5 -4 13 26 27 20 11 29 -13 -7 15 -10 17 -16 -18 25 21 -6 -22 24 -19 -1 -8 -9 -12 -11
right_child=1 -3 3 -5 9 6 7 8 14 10 28 12 -14 -15 16 -17 18 23 -20 -21 22 -23 -24 -25 -26 -27 -28 -29 -30 -31
leaf_value=-0.013775241113375181 -0.034518834402935759 0.035043745362573903 0.03594214566604248 0.035742399311014632 0.028736189770603934 -0.037438530548602258 -0.0061383331869454844 0.01674655517873674 0.013855304952393805 -0.036747843136954603 -0.0078904030870836118 -0.0093710304866927215 0.053488780734584178 -0.0018295000101655947 0.043842678336714937 -0.035815631712176242 0.0086337298611794313 -0.026272409313307866 -0.029473852898276056 -0.004509421688516666 -0.035776117251796254 -0.028328090493102157 0.014909034723438346 0.026494495882689047 0.01627266504522816 0.034974337524183607 -0.036090741273929659 0.043301392823889673 -0.038633460194149649 -0.0069298580373289252
leaf_weight=0.94828891195357456 4.820372872054576 3.561328846961259 5.0301173701882353 2.7670508418232194 2.6921630315482643 6.6440618187189084 3.0391798615455619 3.1080103665590286 2.9211513325572005 1.8340779878199094 1.56709824502468 2.9514521136879912 4.4669234901666641 6.5294121764600277 4.494844086468226 4.9942006394267082 5.4483105763792992 3.7891016378998721 4.6236101016402227 2.724310800433158 13.168621622025965 4.2691507749259472 1.7239081151783455 4.3374558091163644 4.9786133170127869 15.51142445206642 3.6708317063748837 4.0125176385045043 3.350347900763154 1.3611773829907177
leaf_count=15 42 28 36 15 12 39 22 19 23 21 20 34 23 32 18 37 31 22 30 13 202 51 11 19 24 433 19 25 36 21
internal_value=0.00102475 -0.00325828 -0.00446977 -0.00312576 -0.00414999 0.000895857 -0.00192062 0.0028426 0.00682812 -0.0132769 -0.000473863 0.0126668 0.0284796 -0.019789 0.00184948 -0.0174846 0.00737985 0.0166733 -0.00885992 0.0269575 -0.0223757 -0.00625951 -0.029909 0.00735474 -0.00211384 0.0321657 -0.0225243 0.0317106 -0.0288362 -0.0240454
internal_weight=135.339 116.155 112.594 107.773 105.006 67.6214 62.5913 49.4178 42.7078 37.3849 15.5311 10.6136 7.41838 13.1735 35.5873 7.91535 27.6719 17.6 10.0719 19.184 21.8538 6.96131 14.8925 13.1052 8.76771 16.4597 6.71001 7.12053 4.91745 3.19526
internal_count=1373 912 884 842 827 396 360 289 248 431 155 99 57 71 204 60 144 83 61 461 276 63 213 65 46 448 41 44 56 42
is_linear=0
shrinkage=0.05


Tree=160
num_leaves=31
num_cat=0
split_feature=16 10 7 81 0 59 99 27 6 38 124 121 74 50 18 77 126 124 115 114 76 26 42 45 15 102 81 127 115 106
split_gain=5.95213 2.13259 2.52935 2.06635 2.23346 2.04871 2.24403 2.03661 1.75835 1.66186 1.67622 1.39208 1.37058 1.14144 1.13523 1.5603 1.16232 1.23737 1.09019 2.75962 1.05623 0.981202 1.76448 0.826986 0.743592 0.687592 0.669486 0.469306 0.383653 0.326603
threshold=0.0027207091916352515 0.015480957925319673 2.2456551790237431 0.00174156652064994 0.036422198638319976 0.011088757310062649 0.22953417152166369 -0.17038638144731519 0.98933941125869762 -0.20534309744834897 0.40393242239952093 0.93533164262771618 -0.41045285761356348 0.018408227711915973 0.032988302409648902 0.046787796542048461 0.0066866236738860616 0.24855727702379229 0.12298445403575899 0.05767504312098027 1.1614530682563784 0.0031035091960802679 0.0071001341566443452 -0.20398919284343717 -0.087577160447835908 0.10147980228066446 0.00057440044474788021 0.0034178352216258649 0.19690331816673282 0.01596450433135033
decision_type=2 2 2 2 2 2 2 2 2 2 2 2 2 2 2 2 2 2 2 2 2 2 2 2 2 2 2 2 2 2
left_child=12 5 3 -3 -5 6 -2 8 11 -7 14 24 -1 -9 15 16 17 18 27 -20 23 -21 -23 -16 -8 -13 -4 -11 -24 -28
right_child=1 2 26 4 -6 9 7 13 -10 10 -12 25 -14 -15 20 -17 -18 -19 19 21 -22 22 28 -25 -26 -27 29 -29 -30 -31
leaf_value=0.0079622276197197899 -0.037531293302806502 0.045469046051366188 0.0016581907256976074 -0.030161491841689245 0.028449261283214455 0.033647828722817942 0.030341431288502627 0.0043491393943793496 -0.042004888513557492 0.010333350538600601 -0.026717998565504331 -0.037016706933676362 -0.034423718010042119 0.039703199903878578 0.030324948945395332 -0.028247368611976045 0.036151072283289364 -0.02876967698330108 -0.035163784998688011 0.042416104313838049 0.041911661598576323 -0.034156156428704947 0.037365965796391239 -0.0075010087958919617 -0.0023084824623327174 -0.001774573421132621 -0.014797609236188437 0.038275916261537868 0.0072007465197772283 -0.036916742783138563
leaf_weight=2.2071888074278858 4.0310393320396569 2.719399034976961 1.7787011582404364 3.9730018228292465 2.7508013844490051 8.7077923603355867 3.6867910474538803 4.7221791846677625 3.0968495840206751 2.4575058370828762 2.947280950844287 2.6545886443927884 14.033743599429725 4.4199924990534782 2.8391685672104359 2.8240997344255439 3.8696964830160132 2.2428024485707274 3.5720622465014449 2.6447192318737489 5.3424118496477604 1.8938247635960577 2.3518051505088806 2.9425500296056253 3.3090351037681121 2.8916762331500649 2.171313673257826 3.8674917817115784 1.9101964160799978 7.2121564093977213
leaf_count=23 50 10 13 28 21 52 19 34 42 13 15 37 533 22 17 10 47 16 24 16 42 15 26 24 28 22 14 35 15 110
internal_value=-0.000591589 0.00397525 -0.0103543 0.00869145 -0.00618302 0.00770216 -0.00293347 0.00269441 -0.00826493 0.0137806 0.00963249 6.60214e-05 -0.0286633 0.0214419 0.0123967 0.00696744 0.0109759 0.00632363 0.0105331 0.00190081 0.0258838 0.016945 0.00600188 0.0110738 0.014898 -0.0186424 -0.0264671 0.0274192 0.0238461 -0.0317984
internal_weight=116.072 99.8309 20.6054 9.4432 6.7238 79.2256 28.8122 24.7811 15.6389 50.4134 41.7056 12.5421 16.2409 9.14217 38.7583 27.6342 24.8101 20.9404 18.6976 12.3726 11.1241 8.80055 6.15583 5.78172 6.99583 5.54626 11.1622 6.325 4.262 9.38347
internal_count=1373 817 196 59 49 621 254 204 148 367 315 106 556 56 300 217 207 160 144 96 83 72 56 41 47 59 137 48 41 124
is_linear=0
shrinkage=0.05


Tree=161
num_leaves=31
num_cat=0
split_feature=69 9 47 68 10 30 82 115 57 15 15 92 73 96 120 113 9 27 41 85 87 53 1 92 8 107 48 30 61 92
split_gain=5.36955 1.77602 1.84639 1.79652 1.83991 1.50783 2.42194 1.38907 1.30315 1.22195 2.54776 1.12222 1.77271 1.05009 0.999338 0.863351 0.84845 0.558311 0.387999 0.206533 0.036656 0.0121051 0.00808714 0.00383395 0.00327481 0.00219392 0.00178615 0.0014234 0.000624531 0.000482074
threshold=0.0075699808076024064 0.04089003428816796 0.82583817839622509 0.025976482778787616 0.010639644227921964 2.2544525861740117 0.0040090698748826989 0.14820404350757602 0.0034423037432134156 -0.052892152220010751 -0.086329821497201906 0.57760959863662731 0.67301267385482799 0.084026258438825621 0.11802618578076364 0.16319569945335391 0.026113483123481277 -0.34359274804592127 0.019815634004771713 0.002484697382897139 0.00030975180561654275 0.15729936957359317 0.081375382840633406 0.68811124563217174 -0.072057597339153276 0.017865015193820003 4.1942453384399423 1.887503504753113 0.0037595620378851895 0.61817142367362987
decision_type=2 2 2 2 2 2 2 2 2 2 2 2 2 2 2 2 2 2 2 2 2 2 2 2 2 2 2 2 2 2
left_child=9 2 14 -4 -5 6 -3 -6 -8 10 16 12 -12 17 -2 -10 23 18 -7 -16 -21 25 26 29 -14 -20 -11 -22 -27 -1
right_child=1 5 3 4 7 13 8 -9 15 22 11 -13 24 -15 19 -17 -18 -19 21 20 27 -23 -24 -25 -26 28 -28 -29 -30 -31
leaf_value=-0.033850148293510345 0.014555368538291855 -0.020391965416016872 0.024195046693474231 -0.028009786189612609 -0.01130685592980224 0.015269714552095104 -0.0049923628969756207 0.021166434557586104 0.036772007895800422 -0.033991133848387749 0.055223473319116138 0.052930472846892229 -0.039848934092237137 -0.0036863742557464874 -0.015147308039385479 0.0079292499561734453 -0.0060849571124943578 0.0097177210241294106 0.037392555652726221 -0.048193621284188755 -0.03476287079311071 0.040691854667924576 -0.039351595782020556 -0.037757485518352563 -0.034426943481976342 0.036552123122436019 -0.035982442434467264 -0.036588200267986586 0.035370566941720485 -0.034884596351271592
leaf_weight=4.9280766984447819 1.3597443243488658 7.0439310707151916 7.5706709045916822 5.825112076476219 6.2789801768958551 2.5498096793890044 5.5324375480413464 6.9252406097948551 6.2987739928066713 7.47796675842255 0.8682618867605959 1.714787447825074 0.38673047721385989 3.1003028452396384 1.3193311039358375 4.4117093980312347 4.1422588583081961 3.3027621395885953 2.7791442945599538 0.67980729043483723 2.0940873250365257 1.8581600561738003 0.8672327473759659 0.80039162561297406 0.99499970395117943 1.5188158266246317 1.3257537288591263 2.1797679699957371 4.2417588904500008 1.4598972070962188
leaf_count=306 17 35 39 37 29 15 26 34 35 356 6 11 2 18 16 28 34 29 21 3 53 12 5 6 51 15 23 24 55 32
internal_value=-0.000687586 0.00585553 -0.00262631 0.00359397 -0.004602 0.0126654 0.00409418 0.00572447 0.0147129 -0.0208336 -0.0120378 0.0224596 -0.000763184 0.0229801 -0.0243039 0.0248915 -0.024109 0.0280676 0.0327484 -0.0327271 -0.0374092 0.0370345 -0.0347448 -0.0344953 -0.0359445 0.0362387 -0.034291 -0.0356938 0.0356821 -0.0340866
internal_weight=101.837 76.8703 34.2327 26.6 19.0293 42.6376 23.2869 13.2042 16.2429 24.9664 15.2954 3.96478 2.24999 19.3508 7.63274 10.7105 11.3306 16.2505 12.9477 6.27299 4.95366 10.3979 9.67095 7.18837 1.38173 8.53972 8.80372 4.27386 5.76057 6.38797
internal_count=1373 541 252 139 100 289 124 63 89 832 448 70 59 165 113 63 378 147 118 96 80 103 384 344 53 91 379 77 70 338
is_linear=0
shrinkage=0.05


Tree=162
num_leaves=31
num_cat=0
split_feature=0 19 51 86 109 94 95 97 77 74 46 111 112 0 32 25 114 36 45 56 7 57 124 98 23 77 109 77 24 36
split_gain=5.2054 2.18923 2.58847 1.66207 1.67257 1.62568 1.4752 2.43112 2.06228 1.85993 1.83183 1.65861 2.01713 1.3018 1.25609 2.12057 1.2075 1.15429 1.14616 1.02702 1.37273 1.65 1.32626 1.26364 1.06235 1.39231 0.893136 0.859669 0.727151 0.654515
threshold=0.0092785228043794649 0.019264219328761104 0.01401248946785927 0.003055153065361083 0.012923431582748892 0.12394660711288454 1.3719584941864016 0.30891233682632452 0.015891490504145626 -0.31224004924297327 0.8021068572998048 0.083512898534536376 0.18485970795154574 0.01103473547846079 0.047104896977543838 0.0051198613364249477 0.075438443571329131 0.016588416881859306 -0.30709643661975855 -0.054931689053773873 1.9326729178428652 0.0032068963628262286 0.42727021872997289 2.5366899967193608 0.075024299323558821 0.017004205845296386 0.0092650605365633982 0.018044240772724155 0.0033365593990311031 0.060914874076843269
decision_type=2 2 2 2 2 2 2 2 2 2 2 2 2 2 2 2 2 2 2 2 2 2 2 2 2 2 2 2 2 2
left_child=29 5 3 -3 13 18 7 8 10 -10 11 12 16 -5 -4 -16 28 -6 -2 20 21 -15 26 -22 25 -23 -21 -11 -7 -1
right_child=1 2 14 4 17 6 -8 -9 9 27 -12 -13 -14 19 15 -17 -18 -19 -20 22 23 24 -24 -25 -26 -27 -28 -29 -30 -31
leaf_value=0.034267113770510081 0.0067397754946406947 0.030723982980523947 -0.033120410021881541 0.02485393437227788 -0.0072189231150757253 -0.022571139038742093 0.034636188130251953 -0.028420925624943472 0.023294415601770823 -0.006175925518199705 0.043668552265577532 0.024001975772864701 -0.037520106550561372 0.048006949333466095 -0.034637662848506147 0.047623705640152891 0.033018025958245753 0.029980403976280847 0.044666605910116487 -0.035493068097202936 -0.036221385308852078 0.028491872353458621 0.0091864798861977428 0.00067542644602463923 0.031066844985481176 -0.03506427892112509 -0.005659251326347696 -0.036463805875779041 0.011198139807471067 -0.019324631945684158
leaf_weight=11.905763249844309 3.9281430393457413 3.4445886816829434 12.635657526552675 2.4906320832669726 3.5685048066079599 3.0883921552449518 3.1473622135817996 6.7465951777994624 2.7913056574761859 4.1860671453177911 3.9475442618131629 8.2986581642180663 3.4276755619794121 2.1952158957719758 1.7551825642585748 1.4150311201810835 3.0704634599387646 5.0175670124590397 4.0415399782359591 10.183286432176837 4.4948353432118875 1.2206645235419271 2.8878401294350615 4.7970677092671394 1.6487123593688009 2.9303465653210878 3.3286629766225806 5.3204576782882214 3.2947615459561348 0.59835603460669595
leaf_count=404 24 23 178 19 24 17 19 41 19 27 18 56 16 10 36 8 24 27 18 111 25 5 17 19 8 52 35 64 25 4
internal_value=0.00101048 -0.00220636 -0.00850102 -0.00274391 -0.0053193 0.00508163 0.00156303 -0.00079352 0.00418682 -0.0125904 0.0123979 0.00656964 -0.00466098 -0.0100278 -0.0260602 0.00207986 0.00725302 0.0145198 0.025973 -0.0126068 -0.00410339 0.0110863 -0.0215701 -0.0171729 -0.00288827 -0.0163747 -0.0281435 -0.023127 -0.00514061 0.0317026
internal_weight=131.807 119.303 64.0138 48.2079 44.7633 55.289 47.3193 44.1719 37.4253 12.2978 25.1275 21.18 12.8813 36.1773 15.8059 3.17021 9.45362 8.58607 7.96968 33.6866 17.2868 7.99494 16.3998 9.2919 5.79972 4.15101 13.5119 9.50652 6.38315 12.5041
internal_count=1373 965 597 375 352 368 326 307 266 110 156 138 82 301 222 44 66 51 42 282 119 75 163 44 65 57 146 91 42 408
is_linear=0
shrinkage=0.05


Tree=163
num_leaves=31
num_cat=0
split_feature=16 9 115 121 27 35 88 47 20 108 123 120 18 74 88 6 39 122 123 1 5 82 111 63 15 44 17 27 43 101
split_gain=5.59167 2.07548 1.61708 2.15278 1.62242 2.22565 2.26344 2.04456 1.56305 1.51897 1.48697 1.44627 1.43203 1.32374 1.2943 1.09678 2.07579 1.41445 1.08759 1.06285 0.873044 1.1527 1.51621 0.615518 1.51382 0.705803 0.429305 0.218652 0.198004 0.0687801
threshold=0.0027207091916352515 0.056222539395093925 0.12194187939167024 0.1168014705181122 -0.12406864017248152 -0.031190238893032071 0.00083523007924668502 0.75694307684898388 0.018032197840511802 0.0053079598583281049 0.089239861816167845 0.11526228487491609 0.039378585293889053 -0.41045285761356348 0.0016234630602411928 0.84893906116485607 0.0096954801119864004 -0.17745257914066312 0.13910996168851855 0.012098431121557953 0.73586422204971325 0.011768938042223455 0.059778537601232536 0.054765254259109504 -0.088924080133438096 0.0027451524510979657 1.0202587842941286 -0.05140328407287597 0.0060808048583567151 0.36322189867496496
decision_type=2 2 2 2 2 2 2 2 2 2 2 2 2 2 2 2 2 2 2 2 2 2 2 2 2 2 2 2 2 2
left_child=13 2 10 -4 5 -5 -7 19 -6 15 14 -3 26 -1 -2 16 17 -9 -12 -8 21 22 -16 25 -25 29 -10 -23 -28 -17
right_child=1 11 3 4 8 6 7 9 12 -11 18 -13 -14 -15 20 23 -18 -19 -20 -21 -22 27 -24 24 -26 -27 28 -29 -30 -31
leaf_value=0.0075733122841772057 -0.0094558030313535331 0.024535234542770221 -0.052125253953287334 0.031887938837056637 -0.018787305112246567 0.038080951456926901 -0.00076606700573683597 0.0064365188251249393 0.01450264752020811 -0.044915370522396442 -0.027325953938625466 -0.034507566844292119 -0.0070365560204898982 -0.034381000076474794 -0.010646829831939262 -0.046079945357238007 0.037429153289751327 -0.033912898219205567 0.015379358900875176 0.035927279626987108 0.0482013881413485 0.020619910631162384 0.029677268236102838 0.025039741036225794 -0.035253609299773482 -0.0089645899740053436 0.052783953542025058 0.039407728831007183 0.03469883190570075 -0.034253943696387942
leaf_weight=2.1890187822282305 3.0626710727810922 1.2856531143188465 1.8388844467699517 4.3970997324213306 2.4614425208419553 2.7644795700907769 5.3312638364732248 4.8786637000739566 2.0847965441644174 3.7263782192021599 3.1280286293476811 5.3666361514478922 2.6941338144242755 13.324117214418946 4.8325502686202579 1.7093718592077474 2.8725859001278868 3.9148567887023153 2.848561555147171 3.1333982385694981 3.482771359384059 2.0847340822219929 4.5036540273576975 2.1344506144523621 2.0322822015732518 3.3374215848743916 2.1968617588281631 6.0217528864741228 4.8651996143162251 4.3795917527750134
leaf_count=23 21 7 8 29 24 15 31 28 21 27 27 100 26 533 33 11 19 32 19 37 13 19 26 18 26 27 8 53 58 54
internal_value=-0.000581176 0.00386066 0.00583743 0.00114918 0.00281203 -0.00188606 -0.00557893 -0.00880179 0.0174662 -0.0151151 0.0153428 -0.0230967 0.0250024 -0.0284609 0.0209024 -0.0107188 0.000527676 -0.011527 -0.00697175 0.0128169 0.0253457 0.0207821 0.00880495 -0.0203709 -0.00436774 -0.0274447 0.0344392 0.0345761 0.0403247 -0.0375739
internal_weight=112.883 97.3702 90.7179 60.7532 58.9143 44.6118 40.2147 37.4503 14.3024 28.9856 29.9647 6.65229 11.841 15.5131 23.9881 25.2592 11.6661 8.79352 5.97659 8.46466 20.9255 17.4427 9.3362 13.5931 4.16673 9.42639 9.14686 8.10649 7.06206 6.08896
internal_count=1373 817 710 499 491 354 325 310 137 242 211 107 113 556 165 215 79 60 46 68 144 131 59 136 44 92 87 72 66 65
is_linear=0
shrinkage=0.05


Tree=164
num_leaves=31
num_cat=0
split_feature=68 9 95 30 94 109 97 113 129 28 46 122 122 123 15 15 96 92 73 91 9 87 40 94 81 70 110 1 16 92
split_gain=4.90969 1.80107 1.67661 1.48678 1.86206 1.48918 1.29832 1.69783 1.2675 1.33198 1.16527 1.59143 1.36158 1.16348 1.14869 2.45437 1.05528 1.02229 1.65065 0.962963 0.707029 0.599726 1.05419 0.0976151 0.0726099 0.0216674 0.0124879 0.00694044 0.00325987 0.003091
threshold=0.021573975682258609 0.04089003428816796 0.99621400237083446 2.2544525861740117 0.15995395183563235 0.0097809638828039187 0.1331395506858826 0.15156748145818713 0.27740781009197241 0.78269347548484813 0.84607192873954784 -0.17678796499967572 -0.20820257067680356 0.0185212716460228 -0.052892152220010751 -0.086329821497201906 0.084026258438825621 0.57760959863662731 0.67301267385482799 0.55220264196395885 0.026113483123481277 0.00082125572953373205 0.42108723521232611 0.11693169176578523 0.00098770664772018812 0.34399247169494634 0.31762503087520605 0.081375382840633406 0.00446803285740316 0.69101780652999889
decision_type=2 2 2 2 2 2 2 2 2 2 2 2 2 2 2 2 2 2 2 2 2 2 2 2 2 2 2 2 2 2
left_child=14 2 10 4 5 -3 7 -6 -4 -10 11 12 -2 -13 15 20 21 18 -17 24 29 23 -23 -5 -15 -25 -26 -16 -28 -1
right_child=1 3 8 16 6 -7 -8 -9 9 -11 -12 13 -14 19 27 17 -18 -19 -20 -21 -22 22 -24 25 26 -27 28 -29 -30 -31
leaf_value=-0.034054506621786038 -0.0088327745592656614 0.0034836335349933316 0.033237121627469578 0.02743094531570377 -0.022971552223754788 -0.039229750451426258 0.033905047468121487 0.020871662199645268 -0.01799485753367663 0.020200797870332778 -0.043862118210369498 0.032743326406849994 0.031734056840963379 -0.0225198651173481 -0.034220924294024006 0.052551221411847121 -0.0040965601736695596 0.050350452497289026 -0.035796627650903946 0.0066985704533256019 -0.0066019729764946206 0.03594909581622513 -0.0078689226331805796 0.035986057928757371 -0.041779155571978088 0.041613119390485391 -0.037593301265418683 -0.038997936028687209 -0.034969804637537842 -0.037714930448701091
leaf_weight=6.0375938136130554 4.9155513346195221 4.6941779740154761 4.2588697522878638 3.0737955570220965 3.717142701148985 3.6098306626081467 5.4449144080281249 5.4393981546163559 4.7871869429945928 4.3625214993953705 2.5188555605709544 0.89987684786319988 3.5711637828499097 0.9904647320508938 8.2651665620505774 0.87335067242384301 3.0739628225564948 1.7327810022979973 1.3396770972758529 1.7128496225923298 3.478329885751009 2.8064664117991915 2.6866741068661213 4.702081635594368 1.1620243638753889 2.689093753695488 1.9718274567276237 0.83738614618778306 2.963861271739006 0.6376461125910281
leaf_count=338 39 24 17 28 21 16 32 31 19 21 15 5 22 13 378 6 18 11 54 11 32 32 20 53 5 15 17 5 70 5
internal_value=-0.000680911 0.00546133 -0.00306981 0.0124012 0.00381965 -0.0150843 0.0145705 0.00307329 0.0107047 0.000216583 -0.0119895 -0.0075754 0.00823753 -0.0214091 -0.0208143 -0.0118753 0.0227292 0.021589 -0.000930977 -0.0269461 -0.0248799 0.0278966 0.0145179 0.0349192 -0.0350762 0.0380333 -0.0371158 -0.0346604 -0.0360179 -0.0344042
internal_weight=99.2545 76.0526 34.1151 41.9375 22.9055 8.30401 14.6015 9.15654 13.4086 9.14971 20.7065 18.1876 8.48672 9.7009 23.2019 14.0994 19.0321 3.94581 2.21303 8.80103 10.1536 15.9581 5.49314 10.465 7.08818 7.39118 6.09771 9.10255 4.93569 6.67524
internal_count=1373 544 254 290 124 40 84 52 57 40 197 182 61 121 829 446 166 71 60 116 375 148 52 96 105 68 92 383 87 343
is_linear=0
shrinkage=0.05


Tree=165
num_leaves=31
num_cat=0
split_feature=59 50 20 21 15 68 94 122 16 129 123 12 123 95 56 41 68 4 78 94 119 83 91 50 15 43 50 60 63 115
split_gain=5.50368 2.44188 2.03481 2.3628 1.41892 1.55001 1.31702 1.60045 1.7878 2.07889 2.04902 1.65752 1.7708 1.57129 1.76423 1.83031 1.86261 2.30922 1.24648 1.23872 1.20023 1.76446 1.19072 1.1084 0.920959 0.913939 0.934953 0.698413 0.39313 0.302546
threshold=0.0072306965012103328 0.040006849914789207 0.021243219263851646 0.0089869145303964632 0.28340344130992895 0.044342804700136192 0.4651650339365006 -0.25619246065616602 0.0040893107652664193 0.051979720592498786 0.053671786561608321 -0.023850894533097741 0.13910996168851855 0.89203798770904552 -0.27478227019309992 0.014964959584176542 0.022582268342375759 -0.072653666138648973 0.0060719354078173646 0.15596383064985278 6.5140833854675302 0.0027966912603005771 0.35817287862300878 0.02554580103605986 0.11883807554841043 0.00069948742748238157 0.020452520810067657 0.011453624349087478 -0.61399593949317921 0.2136805057525635
decision_type=2 2 2 2 2 2 2 2 2 2 2 2 2 2 2 2 2 2 2 2 2 2 2 2 2 2 2 2 2 2
left_child=25 4 3 20 5 6 7 -2 13 -10 24 -12 19 -9 -15 16 17 -16 28 -13 21 -3 -6 27 -11 -1 -27 -21 -4 -8
right_child=1 2 18 -5 22 -7 29 8 9 10 11 12 -14 14 15 -17 -18 -19 -20 23 -22 -23 -24 -25 -26 26 -28 -29 -30 -31
leaf_value=-0.027020613180609471 -0.028660585026731258 0.025443903001357002 -0.009713906159164773 0.034008857944003788 0.0024341940377848922 0.034711753266612431 -0.039778648565478296 0.039849210604516974 0.024055497677234017 -0.036191136289354636 0.033768657460476283 -0.031012453806876301 -0.035676436662871833 -0.025068600508782093 0.040106924190020321 0.03464038728269133 -0.021535437703199094 -0.0153219680040983 0.01549938117004559 0.026201986440768234 -0.035860659749180672 -0.020003202226637162 0.046111496774849353 -0.018022987138998438 0.0042793676820608965 0.034496621918861825 -0.0042238103011272661 -0.0033920403717467382 -0.036369122087555834 -0.01477408574568952
leaf_weight=0.73205532878637569 4.68269333615899 3.4342492297291809 1.5633206740021712 3.3965399712324134 3.1608511358499518 2.953969430178403 2.450889376923441 4.1104295067489174 5.1022445373237124 8.1738403234630841 2.8517741672694674 2.4953442662954393 4.218441952019929 3.7536840885877636 4.5455819182097974 6.2458986639976493 5.1795102804899216 3.2031076047569469 1.4482117518782605 6.0915417280048114 3.9408985637128344 5.648196704685688 3.0817754343152046 3.1241686642169944 1.6977044288068999 13.859344433993099 1.7566086500883091 2.9635226409882307 12.011520432308313 2.3888804446905851
leaf_count=11 25 17 20 17 25 16 20 26 37 90 16 22 30 21 35 27 22 26 13 34 53 39 16 28 21 427 14 37 179 20
internal_value=0.000451658 -0.00344161 -0.0152976 -0.00313109 0.00107832 -0.000798388 -0.00222984 -0.000447323 0.00162483 -0.00555992 -0.0103393 -0.0017629 -0.00712615 0.0113819 0.00627837 0.0124151 0.0016776 0.0171941 -0.0285953 0.00108109 -0.0128173 -0.00281877 0.0239962 0.00765658 -0.029231 0.0275814 0.030141 0.0165165 -0.0332994 -0.0274366
internal_weight=130.267 113.919 31.4429 16.4199 82.4759 76.2332 73.2793 68.4395 63.7568 36.7186 31.6163 21.7448 18.893 27.0382 22.9278 19.1741 12.9282 7.74869 15.0231 14.6746 13.0233 9.08245 6.24263 12.1792 9.87154 16.348 15.616 9.05506 13.5748 4.83977
internal_count=1384 932 338 126 594 553 537 497 472 315 278 167 151 157 131 110 83 61 212 121 109 56 41 99 111 452 441 71 199 40
is_linear=0
shrinkage=0.05


Tree=166
num_leaves=31
num_cat=0
split_feature=1 17 122 69 95 19 103 93 93 36 3 119 101 66 15 5 83 15 99 6 46 83 90 60 96 3 78 120 56 28
split_gain=4.53617 2.61313 2.03124 1.80961 1.60045 3.40873 2.66522 2.78764 1.58337 1.43502 1.54227 2.27402 1.38846 1.27935 1.2621 1.20022 1.15671 1.05196 1.20162 1.58991 1.02351 0.856622 0.762901 0.725794 0.64621 0.584959 0.405109 0.329734 0.229991 0.15852
threshold=0.004020657856017352 0.29914169013500219 -0.23613493144512174 0.021356431767344478 0.79780831933021557 0.015755888074636463 0.085207197815179839 0.083295159041881575 0.021178021095693115 -0.013680423609912394 0.0029181626159697775 2.6784102916717534 0.50484853982925426 1.5648009181022646 -0.13078072667121884 0.59481158852577221 0.0020410795696079735 -0.11042534932494162 0.70978033542633068 0.8249243199825288 0.60207948088645946 0.037470560520887382 0.10567590594291688 0.0090305362828075903 0.047189429402351386 0.0034282910637557511 0.002280666609294713 0.26215502619743353 -0.16986139863729474 0.40225933492183691
decision_type=2 2 2 2 2 2 2 2 2 2 2 2 2 2 2 2 2 2 2 2 2 2 2 2 2 2 2 2 2 2
left_child=2 -2 16 4 5 -3 7 8 -7 20 11 -11 13 21 26 -5 -1 -16 19 -19 -6 -12 -21 -8 -10 -4 -15 -25 -17 -24
right_child=1 3 25 15 9 6 23 -9 24 10 12 -13 -14 14 17 28 -18 18 -20 22 -22 -23 29 27 -26 -27 -28 -29 -30 -31
leaf_value=-0.018876894815100013 0.037097626763658374 -0.051987563814380015 -0.034317218499626954 0.019361918278629812 0.002077747994949843 -0.024838777631015534 0.014168939643823528 -0.039977706556861052 0.038531431389511372 0.034418628325720041 0.024122761140112761 -0.014989527430331377 0.021858167181009303 -0.015679579358119762 0.01819289509611589 -0.034677626824649609 0.035803936968268814 0.0061823289633208978 0.011202516163641853 -0.012955403347520418 0.039603190083668804 -0.01282657591177677 -0.054590777771144197 0.034762826621290766 0.0060143487563834828 0.016354902219102914 -0.037461098449448525 0.058798625070708099 -0.06392369385645949 -0.037200619478274723
leaf_weight=1.9077725242823391 5.7397964484989634 1.8607499375939394 13.23919944092631 1.0232882685959328 3.8946455027908078 1.9365638904273526 4.2802425920963278 3.1780098378658286 4.1637535523623228 5.5612988919019681 3.6966013349592677 4.0066266655921936 3.38165802322328 3.1075654625892586 3.070729123428463 2.6485990937799215 1.9615907883271573 3.5531166642904379 3.6401823647320262 2.8243196029216033 3.4064515680074692 2.7248899601399899 2.4138042777776718 9.4098238982260209 2.4135233499109745 0.59514719247818071 6.8186973258852959 1.6819182410836209 0.9008723217993978 2.8668361995369196
leaf_count=32 30 10 564 7 32 12 27 19 38 30 29 37 27 17 21 66 17 22 20 24 15 19 11 116 22 9 64 10 7 30
internal_value=4.09343e-05 0.00440488 -0.0231804 0.0022837 0.00395328 0.0134736 0.0179743 -1.71289e-05 0.0148992 -0.00105641 -0.00421822 0.0137287 -0.00872534 -0.0117044 -0.0162769 -0.0283464 0.00884379 -0.00851427 -0.013875 -0.0217054 0.0195859 0.00844371 -0.033931 0.0316584 0.0265993 -0.0321373 -0.0306421 0.0384075 -0.0421004 -0.0451497
internal_weight=111.908 94.2046 17.7037 88.4648 83.892 28.9246 27.0638 11.6919 8.51384 54.9674 47.6663 9.56793 38.0984 34.7167 28.2953 4.57276 3.86936 18.369 15.2983 11.6581 7.3011 6.42149 8.10496 15.372 6.57728 13.8343 9.92626 11.0917 3.54947 5.28064
internal_count=1384 762 622 732 652 254 244 91 72 398 351 67 284 257 209 80 49 128 107 87 47 48 65 153 60 573 81 126 73 41
is_linear=0
shrinkage=0.05


Tree=167
num_leaves=31
num_cat=0
split_feature=67 20 50 46 38 91 124 33 21 22 56 87 105 130 9 18 124 26 38 9 33 27 90 0 56 105 126 86 24 81
split_gain=4.39165 2.66299 2.32337 2.68819 1.69579 1.68248 1.59662 1.98644 1.66073 1.47048 1.2024 1.29286 1.38992 1.49335 2.20744 1.05066 1.01978 1.00482 0.967547 1.21902 0.969215 0.829162 0.793173 1.44354 0.790773 0.580957 0.489945 0.304378 0.273071 0.173325
threshold=0.45043866336345678 0.022447787225246433 0.033956445753574378 0.79274663329124462 -0.17735662311315534 0.25166353583335882 0.23006668686866763 0.0090640732087194937 0.0081806429661810415 0.012949215713888408 -0.30341863632202143 0.00065411190735176216 0.0016495242016389968 1.032249450683594 0.041819129139184959 0.023404140025377277 0.13036550581455233 0.0023250465746968989 -0.24045475572347638 0.027691047638654712 -0.011677142232656477 -0.49709907174110407 0.10427965596318246 0.019782389514148239 -0.26690284907817835 0.0055328782182186851 0.00053913058945909153 0.0055668822024017581 0.0030931095825508241 0.0012582988711073997
decision_type=2 2 2 2 2 2 2 2 2 2 2 2 2 2 2 2 2 2 2 2 2 2 2 2 2 2 2 2 2 2
left_child=2 6 18 5 15 9 8 21 10 -4 -2 12 -12 14 26 -5 -10 -13 19 -1 -20 -8 -3 -24 -6 -9 -14 -7 -27 -23
right_child=1 22 3 4 24 27 7 25 16 -11 11 17 13 -15 -16 -17 -18 -19 20 -21 -22 29 23 -25 -26 28 -28 -29 -30 -31
leaf_value=-0.034233760067526535 0.033406264817468202 0.040949326906956914 0.019558377071366605 0.024619791319435133 -0.053175351357687195 0.019527090918219154 0.015478161665492571 0.014099686852735806 -0.0012571280524243591 -0.039893393624262884 0.05089063446778818 -0.033968941138669613 -0.010102475868452587 0.031094567316211432 0.033925400347993753 -0.021414728160918446 -0.041109976665663094 0.0022173540621622748 0.0039950712262836266 0.037296634956626946 -0.034072768763710473 -0.016296239595706113 -0.0088078434039308966 0.040065982835264961 -0.018759887245127931 0.026367105974757134 -0.03755836665262563 0.041425540933236672 0.047656148897903462 -0.042288146975614498
leaf_weight=1.1118388315662771 2.7583910562098017 6.4322113208472711 2.1939342971891183 2.6996827945113182 3.1635899655520916 2.7686998751014471 1.5858867000788448 4.4674508143216354 2.6180300228297702 1.977636677213013 1.6343988711014485 4.3279146682471028 3.2832583701238018 3.1733595449477425 2.2337412238121033 2.2915502339601517 4.1491569811478257 3.4458174277096987 1.8799855820834697 1.2828475143760441 15.115556324832136 1.1784584624692791 3.0101620750501752 3.0332530587911606 3.5332463495433313 2.7897825986146927 3.2168614817783237 3.7173044756054878 3.2739547044038773 1.4073891974985597
leaf_count=51 21 54 18 27 14 19 23 26 17 28 7 25 26 36 21 18 28 26 27 9 649 24 23 23 27 26 33 24 18 16
internal_value=-0.000635724 0.00826209 -0.0130051 -0.0020158 -0.0185758 0.0161454 0.00265569 0.0162144 -0.00380819 -0.00862621 0.00234341 -0.00167639 0.00765354 0.00171876 -0.00895463 0.00348465 -0.0256921 -0.0179289 -0.0256694 0.00408549 -0.0298618 -0.0129859 0.028729 0.0157224 -0.0350178 0.0277815 -0.0236902 0.0320777 0.0378616 -0.0304428
internal_weight=99.7554 58.0195 41.7359 22.3456 11.6881 10.6576 45.5439 14.7029 30.8409 4.17157 24.0737 21.3154 13.5416 11.9072 8.73386 4.99123 6.76719 7.77373 19.3902 2.39469 16.9955 4.17173 12.4756 6.04342 6.69684 10.5312 6.50012 6.486 6.06374 2.58585
internal_count=1384 473 911 175 86 89 373 133 240 46 195 174 123 116 80 45 45 51 736 60 676 63 100 46 41 70 59 43 44 40
is_linear=0
shrinkage=0.05


Tree=168
num_leaves=31
num_cat=0
split_feature=0 51 19 25 88 64 88 84 18 24 122 68 46 104 32 61 32 11 1 112 51 78 98 123 74 79 52 83 113 92
split_gain=5.83979 2.29899 1.71379 1.23162 1.26817 1.3537 1.19309 2.9933 1.87288 1.80114 2.26291 1.67912 2.71049 1.44352 1.58134 1.90323 1.27416 2.06241 1.99663 1.27139 1.24589 1.16237 0.928929 0.898716 0.948746 0.737026 0.623582 1.29577 0.58728 0.527673
threshold=0.0092785228043794649 0.014126031659543516 0.019264219328761104 0.0022671225015074019 0.0010465434170328083 0.72372722625732433 0.034362522885203368 0.025946852751076225 0.025174147449433807 0.004758137511089445 -0.25619246065616602 0.022352993488311771 0.72699707746505748 0.018552375957369808 0.026876633986830715 0.0027953010285273199 -0.028605525381863114 1.1052798032760622 0.024074194952845577 0.17522615194320681 0.0073683015070855626 0.0060719354078173646 2.5796024799346928 0.057777041569352157 -0.11820895969867705 0.0046747776214033374 0.28755524754524237 0.0021022796863690023 0.069991521537303938 0.71140775084495556
decision_type=2 2 2 2 2 2 2 2 2 2 2 2 2 2 2 2 2 2 2 2 2 2 2 2 2 2 2 2 2 2
left_child=-1 6 3 -3 -5 29 8 -8 9 10 -2 16 19 -12 26 -16 -10 18 20 -13 28 25 -17 -11 -25 -4 27 -15 -18 -6
right_child=1 2 21 4 5 -7 7 -9 11 23 13 12 -14 14 15 22 17 -19 -20 -21 -22 -23 -24 24 -26 -27 -28 -29 -30 -31
leaf_value=0.034308868629105836 -0.036234597908319448 -0.02899393923398378 -0.0030422261716338264 0.030909906799260003 -0.0047663307007712527 0.017083511027732309 -0.035786139594523557 0.032568983848252894 -0.015906176309034865 -0.035903608826292122 -0.019764191587887957 -0.00028631821951536463 0.025621950521524595 0.035211820498542233 -0.030077292126034345 -0.0057467218073830716 0.020805627781337651 0.062742048723195373 -0.027258733186808232 -0.042712591329477169 0.0027488936226553167 0.016801183739936262 0.031275635963290124 -0.029378703924297967 0.0046560752649728926 -0.035980799511853616 0.039523592358599952 -0.0030414633311677923 0.046837968778893291 -0.038450379772373498
leaf_weight=11.563260847702621 3.2728374302387193 3.5007691122591522 1.9873795099556435 3.3302128091454497 2.1069046929478628 3.6971841417253017 5.847502261400221 2.2056990750133991 2.0912113860249546 4.888221710920333 4.081664841622124 3.3885246738791448 5.0267188996076584 4.4966233894228953 3.8378840386867505 3.18371756747365 3.7817691396921891 3.0609555374830952 2.1197338309139004 3.6874458994716406 4.2363098338246337 1.390108574181794 3.6217350736260414 3.42126322351396 5.099753148853778 11.675356093794106 4.3345662876963607 4.3605153989046812 5.0723532550036907 2.5943070650100708
leaf_count=418 15 35 20 17 15 26 74 11 20 41 39 20 25 22 21 22 33 17 42 28 34 12 20 20 39 187 30 24 32 25
internal_value=0.000432872 -0.00296158 -0.0147934 -0.00296781 0.0048005 -0.00555266 0.00124785 -0.0170643 0.00316148 -0.00348889 0.00309949 0.0122974 -0.00245204 0.00771086 0.0124159 -0.00192205 0.021064 0.0252954 0.0177595 -0.0223956 0.0250493 -0.0267577 0.0139559 -0.0188133 -0.00900919 -0.0311896 0.023984 0.0163791 0.035719 -0.0233545
internal_weight=126.962 115.399 30.2822 15.2294 11.7286 8.3984 85.117 8.0532 77.0638 44.5988 31.1895 32.465 12.1027 27.9167 23.835 10.6433 20.3623 18.2711 15.2102 7.07597 13.0904 15.0528 6.80545 13.4092 8.52102 13.6627 13.1917 8.85714 8.85412 4.70121
internal_count=1384 966 337 118 83 66 629 85 544 293 193 251 73 178 139 63 178 158 141 48 99 219 42 100 59 207 76 46 65 40
is_linear=0
shrinkage=0.05


Tree=169
num_leaves=31
num_cat=0
split_feature=18 17 95 45 24 5 87 47 105 84 87 104 11 21 65 18 15 39 21 109 38 103 76 76 105 130 44 60 50 122
split_gain=3.86228 1.9466 1.75335 1.87492 2.05519 1.74088 2.5777 1.67319 1.47771 1.26375 2.49011 1.50121 1.31527 1.73147 2.04936 1.53346 1.39414 2.04551 1.81102 1.28773 0.957841 0.917787 0.883213 1.05913 0.829005 0.749333 0.68385 0.66866 1.04178 0.635856
threshold=0.016562739387154583 0.29914169013500219 0.79397872090339672 -0.32573060691356653 0.0095864129252731817 -0.21175803989171979 0.0088489209301769751 0.82583817839622509 0.01434167427942157 0.020986307412385944 0.012766382191330196 0.015622314531356098 0.63671347498893749 0.0093883750960230845 0.97812843322753917 0.044314820319414146 -0.20302575826644895 0.0058166042435914287 0.0085103665478527563 0.002938216552138329 0.23447459936141971 0.15680460631847384 1.0614702701568606 0.88526865839958202 0.015414829831570389 1.2191482782363894 0.0035291945096105341 0.0053931553848087796 0.0309217032045126 -0.33942966163158411
decision_type=2 2 2 2 2 2 2 2 2 2 2 2 2 2 2 2 2 2 2 2 2 2 2 2 2 2 2 2 2 2
left_child=7 -2 3 26 -5 6 -6 21 9 10 11 25 13 14 16 19 -13 18 -18 -15 27 -1 23 -7 -10 -4 -3 -21 -29 -9
right_child=1 2 8 4 5 22 -8 29 24 -11 -12 12 -14 15 -16 -17 17 -19 -20 20 -22 -23 -24 -25 -26 -27 -28 28 -30 -31
leaf_value=-0.017961870129626158 0.031017476923527271 0.046480017794567605 -0.042718136791782782 -0.044589739478020862 -0.040225197994589533 0.035521398437901537 0.023563837819539326 0.021336796295529193 -0.055532368337487648 -0.032254252007172655 0.039372829255967828 0.041249497245552755 0.03475369083597403 0.017942746060840339 -0.03524329504219325 0.022023056170751839 -0.037355560108147765 0.035263073155536208 0.016199447489989433 -0.038201878825756361 0.013518668597574899 0.025064868590342338 0.03549552958487074 -0.015087907202817469 -0.011011312582204672 0.0064267692528780524 0.014936419935054511 0.0017348585802977074 -0.027950539296431348 -0.03472432965028123
leaf_weight=2.6262180758640197 6.244501329958438 4.5218063108623054 3.1179724130779496 1.9077928662300134 3.3781004138290944 1.7531292960047666 2.9815428964793682 0.52947588637471277 1.9031834714114655 2.9512614198029032 3.9855191968381396 4.4159095911309132 2.7021558471024028 2.7265989147126737 2.0840929849073282 3.3592844083905211 3.1039592903107405 4.0912498272955418 3.212156462483108 4.9097628938034239 2.0555987954139701 2.3469874784350395 5.9312118254601955 2.5194235220551491 2.3204431664198637 1.0324772130697963 2.7712557390332222 4.8351895026862604 7.6024516802281141 11.309157298877832
leaf_count=24 35 28 60 10 22 25 28 7 13 15 34 33 21 18 48 18 54 21 22 63 12 17 71 22 34 17 28 31 76 477
internal_value=5.06162e-05 0.00406067 0.00210727 0.0130282 0.00455282 0.0102131 -0.0103195 -0.0219935 -0.00255047 -0.000406375 0.00135924 -0.00171705 0.0009312 -0.0012245 0.011182 -0.00945405 0.0177093 0.00772098 -0.0101193 -0.0142323 -0.0187537 0.00234359 0.0230104 0.00567829 -0.0310727 -0.0304927 0.0344939 -0.0225778 -0.0164102 -0.032217
internal_weight=109.23 92.418 86.1735 25.7643 18.4712 16.5634 6.35964 16.8118 60.4093 56.1856 53.2344 49.2489 45.0984 42.3963 16.9074 25.4889 14.8233 10.4074 6.31612 22.1296 19.403 4.97321 10.2038 4.27255 4.22363 4.15045 7.29306 17.3474 12.4376 11.8386
internal_count=1384 859 824 234 178 168 50 525 590 543 528 494 417 396 178 218 130 97 76 200 182 41 118 47 47 77 56 170 107 484
is_linear=0
shrinkage=0.05


Tree=170
num_leaves=31
num_cat=0
split_feature=70 20 50 46 91 33 44 9 74 45 22 16 124 93 122 56 97 38 9 33 25 97 90 0 10 86 4 124 44 47
split_gain=4.03497 2.48275 2.23362 2.38408 1.55069 1.52031 1.51071 1.58585 1.64225 1.94128 1.38031 1.33028 1.17537 1.06269 1.26783 1.21126 1.04383 0.923324 1.13543 0.950704 0.900436 0.801491 0.771032 1.37412 0.329232 0.289199 0.253152 0.223417 0.183379 0.07756
threshold=0.37787964940071112 0.022447787225246433 0.033956445753574378 0.79274663329124462 0.25166353583335882 0.017035979777574543 0.0010452358983457091 0.060470115393400199 -0.1638817489147186 -0.20834036171436307 0.012949215713888408 0.0070431279018521318 0.22310783714056018 0.062598653137683882 -0.17162702977657315 -0.25407643616199488 0.18272522091865542 -0.24045475572347638 0.027691047638654712 -0.011677142232656477 0.0021052723750472073 0.1654080152511597 0.10427965596318246 0.019782389514148239 0.012540297582745554 0.0055668822024017581 -0.068941079080104814 0.034936461597681052 0.0020354231819510464 0.88839623332023632
decision_type=2 2 2 2 2 2 2 2 2 2 2 2 2 2 2 2 2 2 2 2 2 2 2 2 2 2 2 2 2 2
left_child=1 6 17 4 10 11 24 8 9 21 -4 -5 20 -11 15 -15 -14 18 -2 -19 -10 -8 29 -24 -1 -6 -22 -21 -9 -3
right_child=2 22 3 5 25 -7 7 28 12 13 -12 -13 16 14 -16 -17 -18 19 -20 27 26 -23 23 -25 -26 -27 -28 -29 -30 -31
leaf_value=0.040786557232761943 -0.034200046745061538 0.03616830011343572 0.018751628385759514 -0.0067741348304991905 0.018586532945029276 0.015087503018803849 -0.027214580119866372 0.03631002207620896 0.0013475468309997766 0.052285716080999078 -0.039681337122202329 -0.045757697277226769 0.038466755708728179 0.02629910338928523 0.03495688508566893 -0.019454037204820227 -0.017491602983536966 0.0039995379022887776 0.035541885514219815 0.00043042908838533081 -0.043321089032283079 0.00080146360233387742 -0.008568247959909462 0.039763015096319881 0.015750812772625671 0.040108775718828898 -0.024774558150373542 -0.035076788248089706 0.01504812987495158 0.047732576511583497
leaf_weight=2.5191792910918585 1.0685500372201233 3.7345608323812467 2.1529015861451644 4.0904414653778058 2.7353354766964912 2.7290388308465472 4.6263891533017105 2.59786083549261 2.1441441243514436 1.8942162767052675 1.9048575479537246 4.7060890235006809 1.4820613861083978 2.3088311757892304 3.6003171596676156 3.8733448209241037 1.9040296487510202 1.8635109299793899 1.2858888525515793 0.4575327923521354 4.3005479220300904 5.6958050299435854 2.9788036057725549 2.9047130756080151 2.7430298626422882 3.6351676769554615 3.2156786685809502 13.966153494082389 1.6634718291461466 2.3700684234499931
leaf_count=25 52 42 18 38 19 21 26 28 27 8 28 28 11 16 36 36 29 27 9 9 32 39 23 23 15 24 25 641 18 11
internal_value=-0.000622602 0.00801033 -0.0126499 -0.00184246 0.0154796 -0.0175154 0.00257717 -0.000791009 -0.00429308 0.0040422 -0.0086789 -0.0276301 -0.018348 0.0180072 0.0113697 -0.0023668 0.00700086 -0.0253776 0.00388987 -0.0296084 -0.0272331 -0.0117553 0.0282095 0.0152931 0.0277362 0.0308677 -0.0353863 -0.0339505 0.0280101 0.040658
internal_weight=97.1525 56.5571 40.5955 21.9538 10.4283 11.5256 44.5689 39.3067 35.0454 21.9989 4.05776 8.79653 13.0465 11.6767 9.78249 6.18218 3.38609 18.6416 2.35444 16.2872 9.66037 10.3222 11.9881 5.88352 5.26221 6.3705 7.51623 14.4237 4.26133 6.10463
internal_count=1384 470 914 176 89 87 371 331 285 161 46 66 124 96 88 52 40 738 61 677 84 65 99 46 40 43 57 650 46 53
is_linear=0
shrinkage=0.05


Tree=171
num_leaves=31
num_cat=0
split_feature=0 50 20 119 64 68 74 15 51 51 30 23 44 4 62 115 10 78 1 69 24 29 103 117 37 105 13 94 123 76
split_gain=5.49408 2.20137 1.86197 2.02729 1.352 1.22866 1.17661 1.3979 1.13731 2.69285 1.64904 2.04712 1.45227 1.83289 3.03288 1.71991 1.61882 1.13158 1.04115 0.996087 1.83346 0.978663 0.857233 0.726148 0.675282 0.602691 0.496148 0.689523 0.476947 0.394535
threshold=0.0092785228043794649 0.040006849914789207 0.021243219263851646 6.5140833854675302 0.69367706775665294 0.044342804700136192 -0.26985935866832728 -0.18530027568340299 -0.011583756655454634 -0.0097533576190471632 0.87626883387565624 0.071666792035102858 0.003006359795108438 -0.11309493705630301 0.0028766060713678603 0.1213846802711487 0.0075425654649734506 0.0060719354078173646 0.020428173243999485 0.0075699808076024064 0.0040464992634952077 0.94356301426887523 0.16066484153270724 0.040932457894086845 1.7025695443153384 0.01178553467616439 0.0063190371729433545 0.2785088866949082 0.092657398432493224 0.23916034400463107
decision_type=2 2 2 2 2 2 2 2 2 2 2 2 2 2 2 2 2 2 2 2 2 2 2 2 2 2 2 2 2 2
left_child=-1 5 3 4 -3 6 7 -2 -8 -10 -11 12 13 19 -15 -16 18 29 22 26 23 -17 -14 -21 -18 -20 -12 -28 -23 -4
right_child=1 2 17 -5 -6 -7 8 -9 9 10 11 -13 16 14 15 21 24 -19 25 20 -22 28 -24 -25 -26 -27 27 -29 -30 -31
leaf_value=0.034264616521035018 -0.032455850690394653 -0.011339824851763058 -0.0085801435902476183 -0.035633467696519684 0.022186968583057833 0.033439418210377984 -0.036727686517940047 0.009523539357768486 0.064491209156302548 -0.036244528687549286 0.040753818849775712 0.046921483947650978 0.035108063347380876 -0.03532265718543539 -0.018928790153064135 -0.0040663099772742144 -0.037120579667888426 0.013867153991583354 -0.03475827069104797 0.039793817864258008 -0.013758632388166755 0.039451604796727803 -0.0015323499438063073 0.0093727132377469762 -0.0031049953991377551 0.01492679128304508 0.03293877169006304 -0.0021947212200582249 0.014571363666405032 -0.036075648682756652
leaf_weight=10.929351733997462 5.4996869266033173 5.4985059835016745 1.4812355488538731 3.6213786322623482 6.6360795572400093 2.8719562776386729 1.8237449750304211 3.1014172341674549 1.7510984148830164 2.748505597934126 4.2356113474816031 2.5821936205029479 2.7712914012372512 5.7969729993492463 4.5836359653621903 3.6238721553236228 5.577448707073926 1.4507438093423832 2.2444818392395978 3.5190874487161619 6.0095051378011703 3.9881724677979946 3.765043843537569 4.4322704039514065 1.9759528115391729 0.83832687884569157 3.3264073859900236 2.4070702437311411 3.7255677282810211 10.945450253784655
leaf_count=418 32 36 20 53 37 16 18 24 10 40 35 10 18 33 23 30 75 13 55 15 31 23 22 25 10 11 31 18 23 179
internal_value=0.000415762 -0.00286295 -0.0145652 -0.00280274 0.00699508 0.00130507 0.000156168 -0.0173188 0.00225169 0.00326865 0.00169559 0.00328999 0.00149655 0.00615936 -0.00435747 0.00691704 -0.0108981 -0.0279198 0.00270549 0.0157042 0.00708393 0.0173661 0.0140025 0.0228364 -0.0282222 -0.0212471 0.0277761 0.0181888 0.027435 -0.0327982
internal_weight=123.762 112.833 29.6334 15.756 12.1346 83.1993 80.3274 8.6011 71.7263 69.9025 68.1514 65.4029 62.8207 45.6482 21.7182 15.9212 17.1725 13.8774 9.61914 23.93 13.9609 11.3376 6.53634 7.95136 7.5534 3.08281 9.96909 5.73348 7.71374 12.4267
internal_count=1384 966 338 126 73 628 612 56 556 538 528 488 478 287 132 99 191 212 106 155 71 76 40 40 85 66 84 49 46 199
is_linear=0
shrinkage=0.05


Tree=172
num_leaves=31
num_cat=0
split_feature=1 4 122 69 95 45 24 4 83 35 66 66 107 86 33 121 66 71 27 114 4 0 73 3 105 18 7 55 4 35
split_gain=4.02665 2.11907 1.84618 1.63025 1.3762 1.73581 2.24357 1.47969 1.57637 1.24704 1.38593 1.65044 1.40753 1.5107 1.32835 1.39977 1.07639 1.05182 0.901854 0.884689 0.798146 0.612638 0.593782 0.563481 0.546342 0.46937 0.651621 0.231915 0.180561 0.0282258
threshold=0.004020657856017352 -0.54352375864982594 -0.23613493144512174 0.021356431767344478 0.79780831933021557 -0.32573060691356653 0.0095864129252731817 0.34921267628669744 0.06676370278000833 -0.031190238893032071 2.3070133924484257 1.5648009181022646 0.0096896314062178152 0.0039903847500681886 0.011664667166769506 1.1307017207145693 2.1314800977706914 0.096910327672958388 -0.20140396058559415 0.074896093457937254 -0.40828216075897211 0.014738594181835653 2.0423576831817631 0.0034282910637557511 0.0063123919535428294 0.041070666164159782 2.0580697059631352 2.1137386560440068 -0.33519291877746576 0.082800652831792845
decision_type=2 2 2 2 2 2 2 2 2 2 2 2 2 2 2 2 2 2 2 2 2 2 2 2 2 2 2 2 2 2
left_child=2 -2 17 4 5 20 -7 8 21 -6 11 19 22 14 -14 -16 -5 -1 25 -11 -3 -8 -12 -4 -15 26 -13 -18 -22 -28
right_child=1 3 23 16 9 6 7 -9 -10 10 12 18 13 24 15 -17 27 -19 -20 -21 28 -23 -24 -25 -26 -27 29 -29 -30 -31
leaf_value=-0.016421056966550256 0.034230938709200555 0.0084056508079461533 -0.034249933575456214 0.016122722174104268 0.024500765052993933 -0.042395209088386815 -0.0013044169836149938 -0.031589460408776547 -0.0033858934385731297 -0.0048326643827312056 0.0096931814228529423 -0.0094049824915176869 -0.013866042516935746 -0.0060430396651370991 -0.0035937941516406718 0.038342211820121708 -0.067998978946091623 0.03655940940583368 -0.0045068300077559745 0.032924750467197582 0.05209368495896273 0.035311615987157839 0.040090114161570461 0.016443145402309227 -0.037158916732262827 -0.048774283696932291 -0.032138551121708513 -0.035185970743029121 0.034422819786674823 -0.040253199371683007
leaf_weight=2.0369939701631696 5.5227968599647275 2.5942785479128361 12.011854835785922 1.0512340441346157 4.4381641149520865 2.2499579153955009 1.3512353599071518 1.8341963253915299 6.1518183946609488 4.1589115709066418 3.1510662306100157 4.2551226466894168 4.5790728237479952 2.5390173234045497 3.5597309190779907 4.5121015617623925 0.68320624902844462 1.734482144936919 5.9493552111089221 2.4744622893631458 2.4352000132203102 7.3898799885064363 3.2778341211378574 0.5743914349004634 3.1745520643889904 2.2984831538051358 1.8467252384871242 2.5422002468258142 3.5573029369115847 2.5532614551484585
leaf_count=38 29 20 564 9 31 15 9 13 30 25 27 37 36 13 29 27 5 11 37 28 14 121 17 9 31 15 24 66 33 21
internal_value=8.11992e-05 0.00422324 -0.0227415 0.00226449 0.00386588 0.0129207 0.00448056 0.0107858 0.0160047 -0.000864019 -0.00319329 -0.0118835 0.00505634 -0.00199237 0.0076451 0.0198482 -0.0278158 0.00794438 -0.020178 0.00925207 0.0315738 0.0296514 0.0251913 -0.0319365 -0.0233315 -0.0286896 -0.0233558 -0.0421364 0.0416038 -0.0368474
internal_weight=106.489 90.1312 16.3577 84.6084 80.3317 27.5639 18.9771 16.7271 14.8929 52.7679 48.3297 23.5363 24.7934 18.3645 12.6509 8.07183 4.27664 3.77148 16.9029 6.63337 8.58678 8.74112 6.4289 12.5862 5.71357 10.9536 8.65511 3.22541 5.9925 4.39999
internal_count=1384 762 622 733 653 255 188 173 160 398 367 187 180 136 92 56 80 49 134 53 67 130 44 573 44 97 82 71 47 45
is_linear=0
shrinkage=0.05


Tree=173
num_leaves=31
num_cat=0
split_feature=67 50 5 91 129 77 18 3 129 38 65 47 97 120 28 6 126 55 38 35 1 97 66 19 93 41 115 90 68 41
split_gain=3.75413 2.09675 2.27428 1.94652 2.27921 1.75919 1.26875 1.22656 1.978 1.49473 1.70984 1.33378 1.29095 1.38358 1.12535 1.0971 1.14397 1.08424 0.895071 1.07237 0.954629 0.861217 0.781853 0.736332 0.406156 0.382538 0.363374 0.279594 0.166801 0.0759448
threshold=0.45043866336345678 0.033956445753574378 0.70640456676483165 0.26507450640201574 0.15363465994596484 0.022657260298728946 0.024639597162604335 0.0025602631503716116 0.28968660533428198 -0.19710628688335416 1.3955169916152956 0.91812768578529369 0.26638072729110723 2.4422242641448979 0.75940749049186718 0.83083784580230724 0.0013389574596658351 4.1788554191589364 -0.24045475572347638 0.13640432059764865 0.081375382840633406 0.21112105250358584 5.6950647830963144 0.019163969904184345 0.066419377923011794 0.015955464914441112 0.20278990268707278 0.12280066311359407 0.041796840727329261 0.018892122432589534
decision_type=2 2 2 2 2 2 2 2 2 2 2 2 2 2 2 2 2 2 2 2 2 2 2 2 2 2 2 2 2 2
left_child=1 18 6 21 -5 7 27 8 17 22 12 -9 13 -11 -4 16 -8 -6 19 24 28 23 -10 -2 -1 -13 -14 -3 -20 -25
right_child=3 2 14 4 5 -7 15 11 9 10 -12 25 26 -15 -16 -17 -18 -19 20 -21 -22 -23 -24 29 -26 -27 -28 -29 -30 -31
leaf_value=0.027153036400600145 0.0099101241876098489 0.019734946095550703 -0.035903829650120227 -0.026930248902923518 0.051224604868451956 0.037424454709051001 0.012639181421127257 0.014421086301675502 -0.035326009557699704 -0.027695869384370561 -0.028001771790969063 -0.0404790063617953 0.057828359580046479 0.030526418955427029 0.00084425269247408521 0.021981250376760297 -0.038376512952846852 0.013639505139194661 -0.034830824633900921 0.05244619122557468 0.005661870905828697 -0.0011460406109028121 0.0021941919663424152 0.046475697658853808 -0.034343196576933431 -0.013855057033376895 0.028239862797526001 0.043003096796633472 -0.0065051930374721775 0.035965725198703856
leaf_weight=0.34879501909017863 2.8141850680112821 2.7547051291912812 5.3226677440106851 5.6434175204485646 3.3265008283779052 4.2552478630095711 1.8870920017361639 2.8231048583984357 3.6657193657010785 2.1465657278895396 2.3201887700706711 2.8709201160818338 1.6058686627075074 1.9449247643351553 3.4232120607048273 2.9885861780494452 2.6308392807841301 4.5343320202082396 13.338355006184425 0.76471442356705654 1.7299787253141392 2.5075408127158871 2.2350229397416115 2.8133137822151184 1.1662420877255497 2.545359805226326 2.9325067764148116 2.4298535529524088 0.54080415889620859 4.4182157777249813
leaf_count=4 20 26 29 33 22 46 13 27 47 29 26 28 9 11 31 16 44 31 663 4 9 19 12 11 52 12 34 16 4 56
internal_value=-0.000634468 -0.0124488 -0.00190219 0.00775156 0.00267887 0.00716996 0.0116174 0.00326294 0.00883321 -0.000828545 0.0101031 -0.0134435 0.0203478 -1.941e-05 -0.0215203 -0.00152112 -0.0170678 0.0295445 -0.0250873 0.00417796 -0.0293616 0.0250668 -0.0211145 0.0316099 -0.0201854 -0.0279672 0.0387095 0.0306401 -0.0337271 0.0400545
internal_weight=94.7288 39.3258 21.437 55.4029 42.8497 37.2063 12.6911 32.951 24.7116 16.8508 10.9501 8.23938 8.62987 4.09149 8.74588 7.50652 4.51793 7.86083 17.8889 2.27975 15.6091 12.5533 5.90074 10.0457 1.51504 5.41628 4.53838 5.18456 13.8792 7.23153
internal_count=1384 911 175 473 367 334 115 288 221 168 109 67 83 40 60 73 57 53 736 60 676 106 59 87 56 40 43 42 667 67
is_linear=0
shrinkage=0.05


Tree=174
num_leaves=31
num_cat=0
split_feature=0 50 20 21 78 68 74 15 93 18 93 56 56 20 4 29 113 39 47 59 46 18 55 119 83 77 78 51 27 15
split_gain=5.16049 2.05845 1.77634 1.92436 1.29414 1.10804 1.08447 1.29813 1.0834 1.27064 1.21265 1.22946 1.802 1.24498 1.53559 1.24379 1.45676 1.53321 1.17961 1.12998 1.72944 1.13976 1.07638 1.05609 1.5709 0.970347 0.878909 0.655412 0.362439 0.307261
threshold=0.0092785228043794649 0.040006849914789207 0.021243219263851646 0.0089869145303964632 0.0063139095436781653 0.044342804700136192 -0.26985935866832728 -0.18530027568340299 0.18525586277246478 0.028148368000984195 0.17219465225934985 -0.27264636754989618 -0.22179137915372846 0.019896383397281173 -0.11309493705630301 0.72390085458755504 0.17846800386905673 0.06023449823260308 0.6778332293033601 0.009427488315850498 0.72927409410476696 0.033180663362145431 3.6275085210800175 6.5140833854675302 0.0027966912603005771 0.014688838738948109 0.0018753133481368425 0.0075745251961052426 -0.63041767477989186 -0.12728015333414075
decision_type=2 2 2 2 2 2 2 2 2 2 2 2 2 2 2 2 2 2 2 2 2 2 2 2 2 2 2 2 2 2
left_child=-1 5 3 23 28 6 7 -2 10 -10 11 22 -13 14 29 -15 17 19 -18 21 27 -17 -8 24 -3 -20 -16 -21 -4 -14
right_child=1 2 4 -5 -6 -7 8 -9 9 -11 -12 12 13 15 26 16 18 -19 25 20 -22 -23 -24 -25 -26 -27 -28 -29 -30 -31
leaf_value=0.034215555171650716 -0.031541024240052139 0.024274145048022541 -0.010015223085632029 0.030794123614811864 0.020934347004183257 0.031940035028042178 0.0048628446317109681 0.0092469098929940288 -0.041162992998675936 0.0046322123641631971 0.036282459541596389 0.033071370084164893 0.018485846032833306 0.037774905842804241 -0.021847936002838318 -0.0044539791709596972 0.016971401648603845 0.03239286472600815 0.017901693364659844 -0.035406425123755067 0.021818932803809102 0.038406978483378797 -0.037267935477176085 -0.03550046694217749 -0.019420882049053984 -0.035840936841335512 0.013694244952759581 -0.010693474295866683 -0.035914420985492287 0.038724499894025405
leaf_weight=10.314075423404573 5.3790039420127869 3.3269181549549121 1.5489832907915104 3.3543908372521392 1.2449023537337769 2.8465914130210868 2.7263895906507889 3.0606897193938476 2.9932897035032502 3.0663496181368828 2.8040654491633168 5.1869539748877207 3.3239986523985863 1.7800482288002957 3.1972716152668124 3.6262963339686456 1.6512508485466231 3.4383735619485369 0.95342274755239298 4.4892586655914766 3.055531568825244 2.710358027368784 3.4148853570222855 3.4279009047895661 5.3886303193867207 7.0541360937058926 3.8146212883293629 6.6677163820713758 10.559880847111343 4.3031441941857338
leaf_count=418 32 17 21 17 9 16 25 24 19 23 25 29 23 14 14 26 25 18 5 36 15 20 17 53 39 118 30 47 182 27
internal_value=0.000393087 -0.0027669 -0.0142451 -0.00272879 -0.0276105 0.0012943 0.000185799 -0.0167491 0.00222011 -0.0179893 0.00412768 0.00265906 0.00501801 0.00211159 0.0143772 -0.00295686 -0.00511176 0.00149006 -0.0215073 -0.00368073 -0.0115097 0.0138788 -0.0185642 -0.0119888 -0.00274152 -0.0294421 -0.00251222 -0.0206373 -0.0326014 0.0299043
internal_weight=120.709 110.395 28.8516 15.4978 13.3538 81.5436 78.6971 8.43969 70.2574 6.05964 64.1977 61.3937 55.2524 50.0654 14.639 35.4264 33.6463 23.9875 9.65881 20.5492 14.2125 6.33665 6.14127 12.1434 8.71555 8.00756 7.01189 11.157 12.1089 7.62714
internal_count=1384 966 338 126 212 628 612 56 556 42 514 489 447 418 94 324 310 162 148 144 98 46 42 109 56 123 44 83 203 50
is_linear=0
shrinkage=0.05


Tree=175
num_leaves=31
num_cat=0
split_feature=1 17 122 69 0 19 71 80 73 52 91 104 105 105 106 113 83 112 129 5 59 83 0 21 29 18 69 71 73 80
split_gain=3.7434 1.94882 1.76792 1.5148 1.21131 1.22846 1.54388 1.33582 1.44919 1.57619 1.5624 2.1613 1.40749 1.2259 2.09122 1.08186 1.62757 1.54926 1.29331 1.07371 1.05627 0.985799 0.980125 0.977485 0.906846 0.478358 0.427924 0.385913 0.219176 0.144468
threshold=0.004020657856017352 0.29914169013500219 -0.23613493144512174 0.021356431767344478 0.01103473547846079 0.016659087501466278 0.29181258380413061 0.0051049259491264829 2.590978860855103 0.24650671333074572 0.37328483164310461 0.024221272207796577 0.0049179913476109513 0.0033560153096914296 0.0097835767082870024 0.17037723958492282 0.06676370278000833 0.17894165962934497 0.11849768832325937 0.59481158852577221 0.008868935517966749 0.0020410795696079735 0.014039092697203161 0.0084548639133572596 0.88802132010459911 0.041070666164159782 0.008215942885726692 0.26983876526355749 1.5884463191032412 0.0088241933844983595
decision_type=2 2 2 2 2 2 2 2 2 2 2 2 2 2 2 2 2 2 2 2 2 2 2 2 2 2 2 2 2 2
left_child=2 -2 21 4 23 22 7 -7 9 -9 13 12 -12 -11 -15 17 27 24 -19 -5 -8 -1 -6 -3 -16 -4 -13 -17 -21 -22
right_child=1 3 25 19 5 6 20 8 -10 10 11 26 -14 14 15 16 -18 18 -20 28 29 -23 -24 -25 -26 -27 -28 -29 -30 -31
leaf_value=-0.018835544984101366 0.032773405702757448 0.0069634100934748621 -0.03419983729457881 0.018497861404143376 0.0061395954908224507 0.037986611719316055 -0.0087631220663264373 0.037594223845901671 -0.028618445654373444 0.029661558850582692 -0.019792314233078426 -0.046885204273646869 0.032386042589423486 -0.042190832488580444 -0.034341918608000357 0.042992735219158834 -0.0022057607537477593 -0.0098304460581488742 0.028353322145090072 -0.067406354670136143 0.019841158991456945 0.032708707227049674 -0.03135315300534857 -0.036244729717157045 0.0021803642389356648 0.0098573204126175054 -0.020704174514682643 0.016501298107329893 -0.034817049652176621 0.037756693951624065
leaf_weight=1.802056374959647 5.5474651940166941 2.1776638664305201 11.302217138931152 0.97526811808347602 3.1748096179217091 2.8187947236001483 1.7351384460926036 3.4208317231386891 3.4614295065402976 5.361791104078292 2.2631034813821298 3.0428077280521393 3.0132490620017052 2.2922788150608566 3.9787437524646583 4.7260953243821842 5.1169919222593307 3.7781978175044042 5.368823055177927 0.649726111441851 1.3756853416562078 1.9116377178579567 3.865409892052412 3.2811580719426274 2.9671516641974449 0.65163519605994302 3.2043756432831287 1.9386488068848846 2.5051935557276011 6.1815271340310574
leaf_count=32 30 27 565 7 20 12 10 20 37 39 16 18 26 12 31 57 24 29 38 5 9 17 28 47 19 8 27 22 68 84
internal_value=8.53423e-05 0.00408505 -0.0224366 0.00216006 0.00371205 0.00540901 0.00752545 0.00443215 0.00267848 0.00482482 0.00244239 -0.0135559 0.010006 0.00763133 0.00371574 0.00749087 0.0190032 -0.000937408 0.0125814 -0.0273544 0.0264179 0.00769705 -0.0144457 -0.0190079 -0.0187403 -0.0317982 -0.0334561 0.0352869 -0.0415285 0.0344954
internal_weight=103.89 88.2224 15.6675 82.6749 78.5447 73.0859 66.0457 56.7533 53.9345 50.4731 47.0523 11.5235 5.27635 35.5287 30.1669 27.8747 11.7817 16.0929 9.14702 4.13019 9.29235 3.71369 7.04022 5.45882 6.9459 11.9539 6.24718 6.66474 3.15492 7.55721
internal_count=1384 762 622 732 652 578 530 427 415 378 358 87 42 271 232 220 103 117 67 80 103 49 48 74 50 573 45 79 73 93
is_linear=0
shrinkage=0.05


Tree=176
num_leaves=31
num_cat=0
split_feature=67 20 124 90 41 44 10 74 58 124 30 23 124 15 43 57 119 93 74 89 108 96 5 90 11 44 93 11 11 75
split_gain=3.48407 2.22022 2.05611 2.06297 2.24398 1.34211 1.36697 1.41626 1.77203 1.19775 1.26681 1.36805 1.16275 0.99985 0.982093 0.929154 1.71694 0.925364 1.16322 1.26701 0.778037 0.958701 0.736133 0.807494 0.690661 0.689595 0.867 0.513219 0.460428 0.422264
threshold=0.45043866336345678 0.022447787225246433 0.15761689841747287 0.055833507329225547 0.02666259836405516 0.0010452358983457091 0.021221566945314411 -0.1638817489147186 0.65516015887260448 0.15348324924707415 2.2138373851776127 0.0031124558299779896 0.22310783714056018 -0.33523470163345331 0.001518146076705307 0.0051248131785541782 1.6673114299774172 0.062598653137683882 -0.2060432434082031 -0.18632520735263822 0.0020161947468295698 0.031403999775648124 0.72486940026283275 0.10498977825045587 0.17566903680562976 0.0019981497898697857 0.079976633191108717 0.19099859148263934 0.44676136970520025 0.0019030846306122842
decision_type=2 2 2 2 2 2 2 2 2 2 2 2 2 2 2 2 2 2 2 2 2 2 2 2 2 2 2 2 2 2
left_child=2 5 3 28 9 29 7 8 25 10 -5 -12 24 -4 -14 -15 -17 -10 19 -19 -6 -22 23 -3 -9 26 -7 -21 -1 -2
right_child=1 22 13 4 20 6 -8 12 17 -11 11 -13 14 15 -16 16 -18 18 -20 27 21 -23 -24 -25 -26 -27 -28 -29 -30 -31
leaf_value=-0.0007660570739199369 0.040309749244387724 0.036018237402555692 0.017704237065124293 -0.031015125218455716 0.052698945989169715 0.019701174037683167 0.02718958455204723 -0.0079412078432500848 0.04960565159404505 0.041538990439210291 -0.03600984421995735 0.03994273178835947 -0.02442215711510427 -0.037757983990800534 0.030572267508232626 -0.035897685097269733 0.015317516130564672 0.027986262916113121 0.03145178643724468 0.0011403470814769147 -0.016740620298968348 0.030917517243537723 0.03836054424850624 -0.0050867136710312198 -0.03661878393885741 -0.026815447043697094 -0.019143142694236125 -0.037841239665160259 -0.039643357312463434 0.011529285778147961
leaf_weight=0.97094925306737678 2.6394178513437501 2.0968727841973287 1.2928164205513919 5.1478616087697429 2.1660418668761841 2.790698165073989 3.8855610415339461 3.2295007519423979 1.8505165055394162 0.99579057050868858 0.93658995861187611 1.615451567340642 1.3847975814715021 9.7933940375223774 1.9619926619343457 3.7492159865796557 2.903895216062665 1.9781789667904308 4.0007987851277038 1.4184477254748351 1.4942348310723899 3.5917256725952029 6.4302609115839005 2.7772588320076466 6.0004552942700684 4.2712074387818575 2.9602812984958291 2.0861906954087317 3.5316075808368623 2.4644428798928857
leaf_count=10 26 16 30 154 9 22 46 16 8 10 51 15 18 341 23 124 25 16 29 10 14 48 60 24 68 24 18 34 80 15
internal_value=-0.000609366 0.00753775 -0.0121778 -0.0013724 0.00706576 0.00234567 -0.00090235 -0.00411906 0.00371975 -0.0100623 -0.0167356 0.0120684 -0.01743 -0.0246344 0.00781729 -0.0279626 -0.0135437 0.0172632 0.0109523 -0.00400609 0.0276035 0.0169157 0.027252 0.0125968 -0.0265847 -0.0115966 -0.000293699 -0.0220641 -0.0312597 0.0264129
internal_weight=92.4165 54.2269 38.1896 20.4503 15.9477 42.9225 37.8186 33.9331 21.3563 8.69569 7.6999 2.55204 12.5767 17.7393 3.34679 16.4465 6.65311 11.3341 9.48362 5.48282 7.252 5.08596 11.3044 4.87413 9.22996 10.0222 5.75098 3.50464 4.50256 5.10386
internal_count=1384 473 911 391 301 373 332 286 161 230 220 66 125 520 41 490 149 97 89 60 71 62 100 40 84 64 40 44 90 41
is_linear=0
shrinkage=0.05


Tree=177
num_leaves=31
num_cat=0
split_feature=0 50 20 119 79 64 88 127 109 32 75 74 83 44 122 3 44 4 104 1 121 6 27 1 0 43 32 41 99 61
split_gain=4.85252 1.90628 1.67846 1.78693 1.36299 1.23023 1.07949 2.54313 1.35529 1.14053 2.88572 1.11 1.50215 1.45497 1.0778 2.16177 1.33854 1.10312 1.00217 1.41343 1.10199 0.526262 0.429921 0.21611 0.038562 0.0139542 0.0090806 0.00273383 0.00182361 0.00112941
threshold=0.0092785228043794649 0.040006849914789207 0.021243219263851646 6.5140833854675302 0.017496417276561264 0.69367706775665294 0.034362522885203368 0.057962739840149886 0.012800225522369148 -0.028605525381863114 0.070319600403308882 0.28334063291549688 0.016792210750281814 0.0010638591484166684 -0.21864390373229978 0.0013907371321693065 0.0020354231819510464 0.056142676621675498 0.018355222418904308 0.0096089458093047159 0.46933662891387945 0.90074068307876598 -0.6510891020298003 0.013248680625110866 0.030856756493449215 0.0015944815240800383 0.036885891109704978 0.021508721634745601 0.078273862600326552 0.0047674272209405908
decision_type=2 2 2 2 2 2 2 2 2 2 2 2 2 2 2 2 2 2 2 2 2 2 2 2 2 2 2 2 2 2
left_child=29 6 3 5 22 -3 8 24 9 -2 11 12 13 -11 16 -16 -15 18 21 20 -20 -17 -4 -14 -8 -24 28 -27 -26 -1
right_child=1 2 4 -5 -6 -7 7 -9 -10 10 -12 -13 23 14 15 17 -18 -19 19 -21 -22 -23 25 -25 26 27 -28 -29 -30 -31
leaf_value=0.033993847431094827 -0.036390627292307541 -0.011450194125905668 -0.005023593358244937 -0.035396564405172096 0.024279886519474842 0.02085822751166122 -0.027692066025532248 0.029922271613563908 0.027234922311972942 -0.037355085609965512 0.051838730329959171 0.025375405280297848 -0.010999774357580346 -0.032150779377999143 0.040954170132819608 0.0023287384524913806 0.0082859303444509213 -0.018109009194655228 0.037089008930391514 -0.025580936083562808 0.0031573822217244802 0.0415080948664747 -0.041238958075591241 -0.034792211481014038 -0.037362267642985683 -0.036499974349901182 -0.040740739329835074 -0.034600864633522584 -0.034653297048072601 0.035776222337413892
leaf_weight=8.7580248927697504 1.9602710511535395 5.3491512872278708 1.2785736229270686 3.267262013629078 1.1678494680672873 6.5595069900155067 1.2670141384005535 2.0801306441426277 5.395079977810382 2.3945717476308337 2.8147255927324286 4.0555060654878607 1.3081631660461415 4.5589526928961188 3.9506423063576284 1.2502517364919179 3.7135875038802624 5.736844938248395 2.6767694279551568 3.9014858826994887 22.556984059512615 2.7255636360496283 1.0425351262092579 3.5294327782467008 1.1114948280155661 2.6453816257417184 1.5206482894718645 6.6807328648865223 1.4084860198199747 0.98916283622384149
leaf_count=407 23 36 16 53 8 37 25 10 35 15 14 26 7 24 24 10 25 32 15 32 141 34 5 85 10 30 11 153 30 11
internal_value=0.000388835 -0.00266301 -0.0138922 -0.00264096 -0.0272161 0.00634588 0.00127003 -0.0169378 0.00312468 0.0011871 0.00231736 8.20783e-05 -0.0016773 0.000736818 0.00252283 0.00571625 -0.0139985 0.00213273 0.00563982 0.00242648 0.00675681 0.0291876 -0.0323795 -0.0283584 -0.0353029 -0.0357528 -0.0376894 -0.0351396 -0.0358482 0.0341747
internal_weight=117.655 107.908 27.991 15.1759 12.8151 11.9087 79.9166 7.38777 72.5288 67.1338 65.1735 62.3588 58.3032 53.4657 51.0711 42.7985 8.27254 38.8479 33.1111 29.1352 25.2338 3.97582 11.6472 4.8376 5.30764 10.3686 4.04063 9.32611 2.51998 9.74719
internal_count=1384 966 338 126 212 73 628 86 542 507 484 470 444 352 337 288 49 264 232 188 156 44 204 92 76 188 51 183 40 418
is_linear=0
shrinkage=0.05


Tree=178
num_leaves=31
num_cat=0
split_feature=1 17 122 69 0 19 71 80 73 52 91 104 74 59 128 17 46 23 113 5 21 71 3 113 55 19 66 3 1 37
split_gain=3.50775 1.78989 1.67906 1.41872 1.12598 1.10449 1.46347 1.25989 1.35197 1.46696 1.44278 2.0056 1.21781 1.17331 1.10881 2.00336 1.16563 1.62325 1.48127 1.01993 0.93522 0.929733 0.54076 0.526547 0.226969 0.203008 0.0417184 0.00205626 0.00100598 0.000703727
threshold=0.004020657856017352 0.29914169013500219 -0.23613493144512174 0.021356431767344478 0.01103473547846079 0.016659087501466278 0.29181258380413061 0.0051049259491264829 2.590978860855103 0.24650671333074572 0.37328483164310461 0.022959772497415546 -0.14195977896451947 0.0086577702313661593 0.36538955569267279 0.50792095065116893 -0.20932519435882566 0.073337458074092879 0.16085354983806613 0.59481158852577221 0.0084548639133572596 0.096910327672958388 0.0034282910637557511 0.1254595220088959 2.0126718282699589 0.018624738790094856 2.2907662391662602 0.0069277531001716861 0.0062599095981568107 1.7800143361091616
decision_type=2 2 2 2 2 2 2 2 2 2 2 2 2 2 2 2 2 2 2 2 2 2 2 2 2 2 2 2 2 2
left_child=2 -2 21 4 20 12 7 -7 9 -9 14 -12 -6 -8 -11 -16 -17 18 -18 -5 -3 -1 -4 -13 -21 -15 27 -27 -22 -26
right_child=1 3 22 19 5 6 13 8 -10 10 11 23 -14 25 15 16 17 -19 -20 24 28 -23 -24 -25 29 26 -28 -29 -30 -31
leaf_value=-0.0161877813418124 0.03170697889891131 0.0067520780383697986 -0.034167149602262692 0.018002125239305736 0.0055947381765957286 0.037074408080556454 -0.01407701479763664 0.036325325058307364 -0.028142159581555533 -0.014467159544930906 0.013758996007643361 -0.042976721786270572 -0.036396417653557514 0.015541146623897113 0.036108348852272244 0.036792429453463012 -0.0061106326105641439 -0.02485215413204233 0.024218275685033357 -0.069841992946205772 -0.0352337583050336 0.034213807404303277 0.016378443181392456 -0.015530963855645147 -0.036001589127967741 0.037347127964496962 0.044990718885347364 0.034923862796566223 -0.037027185342399634 -0.034159823450123666
leaf_weight=1.9744569724425667 5.4523548465222111 2.1455187425017348 10.807223702780899 0.95361951738595907 3.7629293091595173 2.7819699160754672 1.5119244679808597 3.4009859375655642 3.3594151241704813 4.9937288705259553 4.2683641482144576 3.6201891656965017 3.1907424125820389 1.2139251008629797 6.2681074477732208 2.469236746430389 8.5945047866553228 4.8623918443918219 7.573454560711979 0.56675498187541995 1.6126884054392578 1.7051584385335443 0.55639119166880924 3.3783192709088326 0.74695549905300174 1.1680446267127989 1.5539297983050344 3.4943557269871235 1.517871346324682 1.6969028869643805
leaf_count=38 30 27 564 7 28 12 8 20 37 33 37 23 20 12 39 26 62 18 93 3 33 11 9 27 10 10 7 66 14 60
internal_value=9.08105e-05 0.00398044 -0.0221868 0.0021073 0.003614 0.00525959 0.0073003 0.0042794 0.0025511 0.00463714 0.00229573 -0.0132534 -0.0136732 0.0260735 0.0073355 0.010993 0.00429397 0.000478225 0.00809615 -0.0270604 -0.0186762 0.00716865 -0.0316923 -0.0297281 -0.041334 0.0342435 0.0378957 0.0355309 -0.0361033 -0.0347228
internal_weight=101.202 86.1592 15.0432 80.7068 76.7426 71.4665 64.5128 55.5707 52.7887 49.4293 46.0283 11.2669 6.95367 8.94218 34.7614 29.7677 23.4996 21.0304 16.168 3.96423 5.27608 3.67962 11.3636 6.99851 3.01061 7.43026 6.21633 4.6624 3.13056 2.44386
internal_count=1384 762 622 732 652 578 530 427 415 378 358 87 48 103 271 238 199 173 155 80 74 49 573 50 73 95 83 76 47 70
is_linear=0
shrinkage=0.05


Tree=179
num_leaves=31
num_cat=0
split_feature=67 20 124 90 77 44 14 71 74 58 60 47 55 79 15 28 57 119 114 26 105 97 5 90 94 106 126 70 107 50
split_gain=3.21897 2.0635 1.95302 1.94871 2.14711 1.23992 1.49641 2.76524 1.1047 1.24466 1.13267 1.12293 1.42179 0.985974 0.943449 0.902613 0.890482 1.62773 0.874317 0.993578 0.799093 0.755119 0.71173 0.768056 0.50801 0.499408 0.480097 0.447534 0.370195 0.275464
threshold=0.45043866336345678 0.022447787225246433 0.15761689841747287 0.055833507329225547 0.021644520573318008 0.00095181335927918564 7.5639162063598642 -0.24827820062637326 -0.1638817489147186 0.65516015887260448 0.0023039497900754218 0.9141460955142976 3.4876708984375004 0.0037305396981537346 -0.33523470163345331 0.68646106123924266 0.0051248131785541782 1.6673114299774172 0.06763871014118196 0.0038999181706458334 0.0047700146678835162 0.077868461608886733 0.72486940026283275 0.10498977825045587 0.19595921039581302 0.013350411318242552 0.00090677989646792423 0.46799002587795263 0.020341739058494571 0.053271677345037467
decision_type=2 2 2 2 2 2 2 2 2 2 2 2 2 2 2 2 2 2 2 2 2 2 2 2 2 2 2 2 2 2
left_child=2 5 3 27 18 -2 8 -8 9 11 -11 12 -7 -10 -4 20 28 -18 -5 -20 -6 -22 23 -3 -23 -12 -15 -1 29 -16
right_child=1 22 14 4 15 6 7 -9 13 10 25 -13 -14 26 16 -17 17 -19 19 -21 21 24 -24 -25 -26 -27 -28 -29 -30 -31
leaf_value=-0.0006326181891455672 0.029823083534979446 0.035433958334005859 0.017126756985634668 -0.031501855561113179 0.036098034562254071 -0.018173914943417118 -0.030726263584238123 0.035253058253510584 0.019795538226305188 -0.021414022837546239 0.039121513606246161 -0.026934849673674932 0.029509120810222795 -0.036735100119356982 -0.035993889277634937 0.040481236921580538 -0.035807021833125563 0.014748792055414387 -0.033949657458057537 0.024303101846134476 -0.043018174585629593 0.041415040102822119 0.03784085558874567 -0.0050737251973705516 -0.010383744374249056 0.012441004109645132 -0.012238669237681611 -0.039344163241923649 -0.060727879279620117 -0.0021027092330226341
leaf_weight=0.95733836665749805 3.7167400363832703 2.035715773701666 1.2719254777766789 3.4892459702678016 1.6515594534575919 3.3062802040949482 2.1359287528321147 6.1907158195972425 1.3555450560525084 1.7278513917699436 3.0280039748176932 5.2718186033889651 2.9655087739229202 4.6726434091106039 7.311069129034875 4.1126118712127209 3.5786727275699368 2.8681806866079569 1.1088953632861378 2.1536447410471737 0.98688869178295169 0.79541717190295447 6.1683581210672855 2.7523132143542171 1.1689818045124409 4.1683390913531184 3.4971185172908008 3.3915226515382528 1.4443253129720686 0.65311881154775608
leaf_count=10 31 16 30 78 16 21 19 59 9 35 19 31 21 61 332 32 124 25 85 32 11 10 60 24 37 29 38 80 5 4
internal_value=-0.000610861 0.0072872 -0.0119401 -0.00125226 0.00706184 0.00225007 -0.000424318 0.0183282 -0.00563037 0.000915781 0.014939 -0.00992533 0.0043722 -0.0196966 -0.0243059 0.0234585 -0.0276296 -0.0133149 -0.0141035 0.00450374 0.00824875 -0.00733589 0.0266132 0.0121488 0.0105904 0.0236674 -0.0262492 -0.0308224 -0.0374382 -0.0332146
internal_weight=89.9363 52.9929 36.9434 19.8161 15.4672 42.0365 38.3198 8.32664 29.9931 20.4678 8.92419 11.5436 6.27179 9.52531 17.1273 8.71546 15.8554 6.44685 6.75179 3.26254 4.60285 2.95129 10.9564 4.78803 1.9644 7.19634 8.16976 4.34886 9.40851 7.96419
internal_count=1384 473 911 391 301 373 342 78 264 156 83 73 42 108 520 106 490 149 195 117 74 58 100 40 47 48 99 90 341 336
is_linear=0
shrinkage=0.05


Tree=180
num_leaves=31
num_cat=0
split_feature=59 74 107 68 74 95 14 1 60 127 84 51 91 0 46 129 121 120 109 1 35 94 109 43 71 7 109 5 14 0
split_gain=4.09286 1.33769 1.46425 2.1681 1.22472 0.984709 1.15971 1.38198 1.60426 1.50938 1.34266 1.48596 1.17537 1.16949 1.54888 1.15746 1.35074 1.15689 0.946555 0.90475 0.96978 0.868906 1.65214 0.721369 0.719806 0.654048 1.0499 0.56303 0.0139289 0.0016817
threshold=0.0068702215794473895 -0.44787137210369105 0.01728762406855822 0.048005817458033569 -0.30976034700870508 1.3719584941864016 7.5639162063598642 0.0030110019724816088 0.0035643525188788776 0.001671017147600651 0.0010386694921180608 0.0081084906123578566 0.10956998541951181 0.027561409398913387 0.63164782524108898 0.056974764913320548 0.58832064270973217 0.4246689528226853 0.0039746661204844722 0.0090166288428008574 0.082800652831792845 0.15834945440292361 0.01190356817096472 0.00069948742748238157 0.15309550613164905 5.5794672966003427 0.0031054690480232243 0.0664825774729252 1.5346363782882693 0.013077056966722013
decision_type=2 2 2 2 2 2 2 2 2 2 2 2 2 2 2 2 2 2 2 2 2 2 2 2 2 2 2 2 2 2
left_child=23 -2 3 4 -3 6 7 25 -9 -10 -11 13 -13 14 18 -15 -17 -16 -12 20 -14 22 -4 -1 -21 26 -6 -25 -29 -30
right_child=1 2 21 -5 5 -7 -8 8 9 10 11 12 19 15 17 16 -18 -19 -20 24 -22 -23 -24 27 -26 -27 -28 28 29 -31
leaf_value=-0.01863928942232123 0.039731628000628662 -0.031011831098203598 -0.034579288103177119 0.028306488444569941 -0.0040079510096081841 0.026576310146199617 -0.032438327495195256 -0.036111053100158448 -0.033443375044762906 0.028991802931532987 7.7093309397031285e-05 0.030089930885774326 -0.015382042806846319 0.014209053523215498 -0.024515935054817931 -0.030564889981694678 0.020248267250739072 0.013691507846661616 0.029650089506122308 -0.00035327253797084887 0.012833446955778531 -0.03515359782642874 0.02940317032650552 -0.0023702040011018216 -0.036172195582280985 -0.0042292284506783911 0.04019321621862107 0.040683702153481285 0.03397283984811874 0.036795026436864907
leaf_weight=0.79369588010013004 1.7058677077293385 4.2469808347523204 2.1971072684973461 5.2327253632247439 2.0522923208773118 2.637207248248159 3.5448104366660109 4.0459396038204423 3.9995738547295323 3.3589026425033799 3.8067018706351545 1.5270109884440923 11.934988088905817 3.6138201896101219 4.2807287462055674 6.2576136589050293 1.6534190177917478 3.6882382184267044 9.356085265055297 1.7851053290069083 4.0886137429624787 5.9894972983747721 1.8656831774860618 1.1428755465894926 6.5455313604325056 2.8443590551614761 3.8895905166864395 0.90445437282323737 7.9940712470561248 0.56517692655324925
leaf_count=13 13 33 52 34 14 28 21 23 32 21 45 9 62 23 21 84 11 22 86 13 26 107 22 11 109 14 32 5 390 5
internal_value=-0.00113021 -0.00418778 -0.00490512 -0.00297311 -0.00480894 -0.00349835 -0.00446237 -0.00320273 -0.00555067 -0.0036743 -0.00175072 -0.00351472 -0.0124632 0.00357717 0.0105648 -0.0092353 -0.0199449 -0.00683257 0.0210975 -0.0151313 -0.00818252 -0.0230465 -0.00519776 0.0273389 -0.0284968 0.0154879 0.0249264 0.0307795 0.0347827 0.0341592
internal_weight=117.549 106.148 104.443 94.3902 89.1575 84.9105 82.2733 78.7285 69.9423 65.8963 61.8968 58.5379 25.8812 32.6566 21.1318 11.5249 7.91103 7.96897 13.1628 24.3542 16.0236 10.0523 4.06279 11.4003 8.33064 8.78624 5.94188 10.6066 9.4637 8.55925
internal_count=1381 957 944 763 729 696 668 647 587 564 532 511 219 292 174 118 95 43 131 210 88 181 74 424 122 60 46 411 400 395
is_linear=0
shrinkage=0.05


Tree=181
num_leaves=31
num_cat=0
split_feature=1 59 77 20 87 18 84 108 7 77 59 23 77 18 32 112 113 42 42 124 22 100 64 103 79 93 70 12 55 18
split_gain=3.22688 1.72221 1.67412 1.52789 1.28162 2.64502 1.70063 1.30494 2.27762 2.08811 1.93085 1.19943 1.62969 1.37265 1.27273 1.18963 1.07283 0.889092 0.962636 0.796292 0.702161 0.640675 0.617957 0.61787 0.547462 0.44795 0.226551 0.220314 0.2179 0.0925233
threshold=0.0027117297286167745 0.0066592507064342507 0.010912060271948578 0.016365912742912773 0.00032587107853032654 0.016714574769139293 0.00080445792991667997 0.0010753502137959006 2.3470029830932622 0.015727440826594833 0.010196320712566377 0.073337458074092879 0.027273166924715046 0.025174147449433807 0.046153673902153976 0.28118160367012029 0.18135842680931094 0.020009225234389309 0.0242023253813386 0.29904545843601232 0.0082180169411003607 0.75750601291656505 0.3173628449440003 0.21703882515430453 0.0045901183038949975 0.082026783376932158 0.32633143663406378 -0.038947299122810357 2.0717389583587651 0.03068950213491917
decision_type=2 2 2 2 2 2 2 2 2 2 2 2 2 2 2 2 2 2 2 2 2 2 2 2 2 2 2 2 2 2
left_child=-1 26 19 -4 -5 20 -7 21 11 10 -10 12 13 23 17 16 -15 28 -19 -3 -6 -8 -20 -9 -11 -23 -2 -26 29 -14
right_child=1 2 3 4 5 6 7 8 9 24 -12 -13 14 15 -16 -17 -18 18 22 -21 -22 25 -24 -25 27 -27 -28 -29 -30 -31
leaf_value=-0.034031529068749712 0.011206076029016956 0.0082398850445450627 -0.037159434447457639 0.034886281393209921 -0.035802362593031607 0.038881492137500341 0.0021793739660165615 0.0038257758020990825 -0.019156648841089471 -0.001068140441966139 0.03479147808519021 -0.010976038830175526 0.02380870362153473 -0.038937046228794327 -0.0032805723805341665 0.0095631980578312903 0.0006675324660158536 -0.020169748507487331 0.035432818296010769 0.048956528224970597 0.0019757841228825669 0.015866040465878976 -0.006348630377222832 0.030935385845610688 -0.016490605046091431 0.043411861694273531 -0.035429609678720046 -0.038332815870147093 0.051161458186870339 0.037550335257133839
leaf_weight=6.2567563001066437 0.28366205841302816 2.0157132083550087 2.3387282509356728 3.1924504153430453 5.2991285761818281 3.5915973056107751 2.8561695683747512 4.8109565488994139 3.4700086154043701 1.4198330864310253 3.1772014144808054 7.9540772512555113 1.7526263594627396 4.3439811542630178 4.213934486731886 4.4525083173066378 2.8199840560555458 1.5695407092571247 3.5510157216340303 2.9701817333698273 1.6017531957477329 2.6897851079702377 1.178736802190542 3.7323949988931417 1.3868454452604053 3.2703965492546558 3.1779381977394223 6.890585554763673 2.4601767845451832 4.068434638902545
leaf_count=385 6 31 45 24 76 27 23 34 39 8 15 37 18 32 31 35 31 13 63 15 12 22 11 32 20 19 136 86 10 45
internal_value=0.000766184 0.00302141 0.00430928 0.002714 0.00380145 0.00259947 0.00530226 0.00362883 0.00111698 -0.0149565 0.00662922 0.00671753 0.0103304 0.000455836 0.0209223 -0.010733 -0.0233473 0.0279172 0.0137606 0.0324955 -0.0270337 0.0216501 0.0250202 0.0156693 -0.0297529 0.0309806 -0.031608 -0.0346733 0.0386857 0.033413
internal_weight=102.797 96.5403 93.0787 88.0929 85.7541 82.5617 75.6608 72.0692 63.2528 16.3445 6.64721 46.9084 38.9543 20.1598 18.7945 11.6165 7.16397 14.5805 6.29929 4.98589 6.90088 8.81635 4.72975 8.54335 9.69726 5.96018 3.4616 8.27743 8.28124 5.82106
internal_count=1381 996 854 808 763 739 651 624 560 168 54 392 355 164 191 98 63 160 87 46 88 64 74 66 114 41 142 106 73 63
is_linear=0
shrinkage=0.05


Tree=182
num_leaves=31
num_cat=0
split_feature=68 15 15 25 61 61 68 0 96 0 105 39 60 93 120 106 96 51 60 4 41 127 24 76 89 104 9 25 11 102
split_gain=2.77668 1.52712 2.59648 1.50198 1.625 1.42366 1.29071 1.65917 1.76687 1.51206 1.29733 1.45614 1.80481 1.28959 1.1893 1.16436 1.11464 1.51928 0.81966 0.792261 0.779946 1.4028 0.63618 0.454009 0.408069 0.229565 0.0224331 0.0107698 0.00864855 0.00588935
threshold=0.021573975682258609 -0.052892152220010751 -0.086329821497201906 0.0021595422876998786 0.0018738927319645884 0.0022700239205732946 0.062630381435155882 0.036422198638319976 0.025730808265507225 0.020457126200199131 0.0069264429621398458 0.0081753912381827849 0.010027881246060135 0.096048276871442809 1.9744538068771365 0.017991398461163047 0.089705783873796477 0.010437456425279381 0.0086881653405725973 -0.028661190532147881 0.01641831919550896 0.0027686753310263161 0.0011863667168654504 0.67297545075416576 -0.48397386074066157 0.032138897106051452 0.03529785946011544 0.0032078115036711101 0.18725246191024783 0.07716671004891397
decision_type=2 2 2 2 2 2 2 2 2 2 2 2 2 2 2 2 2 2 2 2 2 2 2 2 2 2 2 2 2 2
left_child=1 2 14 13 -5 -6 7 8 -7 16 24 12 18 26 22 19 17 -10 -12 -4 -19 -22 -1 29 -11 28 -2 -18 -24 -8
right_child=3 -3 15 4 5 6 23 -9 9 10 11 -13 -14 -15 -16 -17 27 20 -20 -21 21 -23 25 -25 -26 -27 -28 -29 -30 -31
leaf_value=0.029934760878334327 0.043441963331606624 -0.034512520370417785 -0.036119927908110326 -0.030609510407443887 0.043633970577646092 0.03702854016674062 0.035085731698678006 -0.036565082670862392 0.018626162592463549 0.0095764345839062081 0.0081857079014907123 -0.028167056649940916 0.036749755065068959 -0.0013611730901094397 0.022398435413132748 0.04892530082380573 -0.041752365787862795 -0.033113126847465028 -0.026685310006903596 0.026400808657997068 -0.024997227939520281 0.015976175971784325 -0.040008648534744194 0.0023321818975230797 0.03351467159272891 0.0024443114233382683 0.036899287846033899 -0.035518117136117959 -0.034370783158939364 0.039208204444638822
leaf_weight=0.42996297497302283 2.1382233873009664 7.0033598337322465 0.93875164911150966 3.4580577090382567 2.2544734440743914 3.5036310460418454 2.1092183999717231 2.8266300028190008 4.9057614468038144 2.7055453471839428 4.1437068209052068 3.4563069995492688 3.8201080616563559 2.9844878017902374 1.3180083418264983 2.4168174490332603 1.0651628486812108 3.8014326561242333 2.8402540534734726 1.1009956304915256 4.4614148773252946 3.9283391423523426 0.7697969079017638 1.3053888231515882 5.2056974163278964 0.43566222861409176 3.3829888664186001 1.98143367562443 5.8461329154670238 1.4702350012958048
leaf_count=16 9 383 24 18 12 20 33 35 37 16 33 32 34 19 11 19 6 35 16 29 32 22 4 17 37 5 35 34 346 12
internal_value=0.000614645 -0.0156262 -0.0056483 0.00547129 0.00265038 0.00471213 0.00307291 0.000612605 0.00290615 8.08701e-05 0.00908986 8.13551e-05 0.00911825 0.0251192 -0.0213962 0.0254463 -0.00983515 -0.00487017 -0.00599572 -0.00237307 -0.0143251 -0.00581223 -0.0291115 0.0275737 0.0253281 -0.0327117 0.0394331 -0.0376978 -0.0350268 0.036779
internal_weight=88.008 20.2595 13.2561 67.7485 59.2428 55.7847 53.5303 48.6454 45.8188 42.3152 22.1716 14.2604 10.8041 8.5057 8.79956 4.45656 20.1435 17.0969 6.98396 2.03975 12.1912 8.38975 7.48156 4.88484 7.91124 7.05159 5.52121 3.0466 6.61593 3.57945
internal_count=1381 837 454 544 481 463 451 389 354 334 168 115 83 63 382 72 166 126 49 53 89 54 371 62 53 355 44 40 350 45
is_linear=0
shrinkage=0.05


Tree=183
num_leaves=31
num_cat=0
split_feature=59 74 107 68 62 5 74 29 97 25 1 107 33 18 29 42 38 115 41 130 59 25 33 94 42 121 58 25 80 62
split_gain=3.77309 1.2343 1.37542 1.99779 1.13576 1.19607 1.13561 1.00993 1.27586 1.22129 1.25239 1.44075 1.58249 1.4346 1.10742 1.54895 1.70816 1.0621 1.16187 1.05175 1.00938 0.977655 0.676194 1.20066 0.65023 0.473891 0.132521 0.0849004 0.0114486 0.00802465
threshold=0.0068702215794473895 -0.44787137210369105 0.01728762406855822 0.048005817458033569 0.0033417619997635488 0.79975429177284252 -0.30976034700870508 0.72390085458755504 0.062609732151031508 0.087700664997100844 0.024074194952845577 0.0052011858206242332 0.013310611713677646 0.014172169379889967 0.87638279795646679 0.0059786424972116956 -0.21495917439460752 0.20879713445901874 0.013216401915997269 0.22021596133708957 0.01285309996455908 0.0022671225015074019 0.0088414163328707236 0.3571294397115708 0.0029464764520525937 0.42980927228927618 0.39760066568851476 0.0048673707060515889 0.010623998474329712 0.0076567381620407113
decision_type=2 2 2 2 2 2 2 2 2 2 2 2 2 2 2 2 2 2 2 2 2 2 2 2 2 2 2 2 2 2
left_child=22 -2 3 6 5 -4 -3 -8 -9 10 11 24 13 21 25 16 -16 18 -14 -12 -17 -13 28 -24 -10 -15 -21 -27 -1 -28
right_child=1 2 4 -5 -6 -7 7 8 9 -11 19 12 17 14 15 20 -18 -19 -20 26 -22 -23 23 -25 -26 27 29 -29 -30 -31
leaf_value=0.034153901745226381 0.038517136667399816 -0.030226917906307545 0.026629695467161565 0.027307766196189687 -0.034886815496083586 -0.034844465270476958 0.033503535665758491 -0.036011735263756346 0.0038809429627016355 0.028292378927252195 0.0037910013894987674 -0.0065327463891182245 0.041950254142300275 -0.0082748700322949342 0.018788329946727526 0.035702456206334741 -0.016629380955374612 -0.013630948887476083 0.0063324134825984138 -0.012975830698599498 -0.0033833427542776609 0.034461478788441878 -0.028812338762872394 0.034840690145763166 0.045252050500852771 -0.044118438555677666 -0.040944475582341516 -0.030970631217505935 0.04104863992830296 -0.035330429238673959
leaf_weight=7.1763602960854751 1.6791293136775483 4.1246111150830975 1.9234118536114677 5.191319726407527 6.4023459181189537 1.3442240078002212 1.818457007408141 3.0292614791542283 1.6498847696930163 3.0095479805022469 2.7531622201204282 2.6956096887588492 3.7618502564728242 1.9335818383842696 3.9015663769095985 3.0449857711791983 26.709951361641306 3.0409877952188245 5.8504540212452412 0.7001095563173293 3.6102366335690022 3.1585505083203316 1.3227031296119096 1.6840763576328752 2.2381473034620285 2.4379700068384409 0.73723882436752308 2.4736643526703119 0.65722489356994618 4.6593584436923265
leaf_count=352 13 33 20 34 130 31 14 25 29 15 34 15 30 22 26 19 168 28 37 10 32 25 17 52 15 16 5 32 3 99
internal_value=-0.00107431 -0.00400356 -0.00470216 -0.00282703 -0.022645 0.00134076 -0.0046182 -0.00334888 -0.0041722 -0.00294144 -0.00418883 -0.00183752 -0.00367127 -0.00767118 -0.0107576 -0.00736225 -0.0121152 0.0121238 0.0202717 -0.0218591 0.0144997 0.0155853 0.0269957 0.00683928 0.0276962 -0.0292424 -0.0334422 -0.0374968 0.0347324 -0.0360974
internal_weight=114.72 103.88 102.2 92.5305 9.66998 3.26764 87.3392 83.2146 81.3961 78.3669 75.3573 66.5074 62.6194 49.9661 44.112 37.2667 30.6115 12.6533 9.6123 8.84987 6.65522 5.85416 10.8404 3.00678 3.88803 6.84522 6.09671 4.91163 7.83359 5.3966
internal_count=1381 957 944 763 181 51 729 696 682 657 642 494 450 355 315 245 194 95 67 148 51 40 424 69 44 70 114 48 355 104
is_linear=0
shrinkage=0.05


Tree=184
num_leaves=31
num_cat=0
split_feature=16 15 23 59 26 69 14 42 75 19 46 56 1 23 48 128 128 53 26 115 105 93 10 22 94 37 99 85 42 14
split_gain=3.12413 1.82112 1.49504 1.38806 1.37327 2.24368 1.46613 1.70158 1.6717 2.15711 1.44386 1.5657 1.35201 1.92795 1.4498 1.03676 1.70417 0.991475 0.965726 0.942427 0.609463 0.893015 0.553833 0.484971 0.351543 0.168479 0.127279 0.0469546 0.0198509 0.00626481
threshold=0.0025529164122417573 -0.32783384621143336 0.0019122622325085106 0.0064062597230076799 0.0029178416589275007 0.016253386624157432 1.8972181677818301 0.0030228731920942668 0.0039568305946886548 0.015755888074636463 0.8179258704185487 -0.27975453436374659 0.010559159796684982 0.073337458074092879 2.4439779520034794 0.60131904482841503 0.49373666942119604 0.022923958487808708 0.0058445495087653407 0.15803950279951098 0.0045872151385992774 0.096985608339309706 0.0095959771424531954 0.0040248574223369369 0.1321465075016022 2.1623153686523442 0.33249796926975256 0.0043101545888930568 0.0075482088141143331 1.5346363782882693
decision_type=2 2 2 2 2 2 2 2 2 2 2 2 2 2 2 2 2 2 2 2 2 2 2 2 2 2 2 2 2 2
left_child=1 23 -2 29 5 25 8 17 -6 -10 22 19 14 15 -11 16 18 -8 -14 -12 21 -17 -9 -1 -24 -5 28 -26 -22 -4
right_child=2 -3 3 4 6 -7 7 10 9 12 11 -13 13 -15 -16 20 -18 -19 -20 -21 26 -23 24 -25 27 -27 -28 -29 -30 -31
leaf_value=-0.0073459164696730002 -0.040387614755598267 -0.034233683546943422 -0.040208278119653162 0.032603356705143798 0.033189838263849407 -0.01448405120222352 -0.006388186920305643 -0.0029043968385650066 -0.041856643341107058 -0.040309859085106869 -0.036366558497303768 0.031276751436569272 0.0038130688624287558 -0.010119077936679859 0.012092483253471533 0.034950450615737733 -0.019529471056114418 0.028811919779657354 0.037496109743578372 0.014139198724321936 0.041766976675423617 -0.012582155884941779 -0.015834371158213803 0.040819242813425853 -0.030594284663759071 0.048673901938585687 0.023881812729187244 -0.039492928894111316 0.035251652259597061 -0.034095863623504079
leaf_weight=1.0095303966663771 1.8706467552110542 8.9194363146089 0.58716134727001135 4.2892415923997742 6.0833298675715914 2.7775076292455196 3.579935044981541 2.3587618637830046 2.3064128346741191 2.8082008510828009 2.3837415026500826 2.9988408219069234 4.4440678916871565 8.0149848908185941 2.4905029870569706 1.8970729634165757 4.0254746563732615 4.5342100341804326 4.0831972695887089 1.5079400511458514 1.4313358701765517 2.062360480427742 3.0228805337101203 1.083585944958031 2.2581166122108698 2.6314296908676624 2.7170317806303501 4.3154156301170588 6.3809255454689264 1.4654580312781034
leaf_count=30 19 473 3 38 32 35 33 26 12 21 51 14 31 38 21 35 31 37 29 11 8 16 28 13 28 14 26 33 117 78
internal_value=0.000743322 -0.024384 0.00384114 0.00478717 0.00576373 0.0234782 0.00349441 -0.00586181 0.00866916 0.00517263 -0.0141042 0.00412546 0.00786048 0.0114185 -0.0156796 0.0178022 0.007284 0.0132817 0.0199419 -0.0167967 0.0269149 0.010192 -0.0246111 0.0175887 -0.0299465 0.0387138 0.0332034 -0.0364361 0.0364454 -0.0358443
internal_weight=100.339 11.0126 89.3262 87.4555 85.4029 9.69818 75.7047 26.9598 48.7449 42.6616 18.8457 6.89052 40.3552 35.0565 5.2987 27.0415 12.5527 8.11415 8.52727 3.89168 14.4887 3.95943 11.9552 2.09312 9.59641 6.92067 10.5293 6.57353 7.81226 2.05262
internal_count=1381 516 865 846 765 87 678 261 417 385 191 76 373 331 42 293 91 70 60 62 202 51 115 43 89 52 151 61 125 81
is_linear=0
shrinkage=0.05


Tree=185
num_leaves=31
num_cat=0
split_feature=68 15 15 25 61 94 99 18 44 14 127 112 92 107 28 25 120 62 79 20 59 105 44 107 28 122 104 124 2 9
split_gain=2.55401 1.49819 2.44245 1.40439 1.50562 1.42169 1.3533 1.42717 1.52346 2.28329 2.33899 1.47692 1.40581 1.37257 1.28247 1.23948 1.13965 1.04597 0.988372 0.980234 0.787991 0.728646 1.3841 0.756317 0.543552 0.537966 0.258726 0.256266 0.106234 0.0220828
threshold=0.021573975682258609 -0.052892152220010751 -0.086329821497201906 0.0021595422876998786 0.0018738927319645884 0.27028436958789831 1.6847199201583865 0.039378585293889053 0.00390247127506882 1.9207849502563479 0.0027514547109603886 0.11645530164241792 0.69983777403831493 0.015263746026903393 0.66879507899284374 0.0027016403619199996 1.9744538068771365 0.0033417619997635488 0.00970312859863043 0.021243219263851646 0.023648722097277645 0.0084910579025745409 0.001176166639197618 -0.01219648029655218 0.85522142052650463 -0.15660965442657468 0.032533176243305213 0.16259370744228366 0.012480805162340404 0.03476702235639096
decision_type=2 2 2 2 2 2 2 2 2 2 2 2 2 2 2 2 2 2 2 2 2 2 2 2 2 2 2 2 2 2
left_child=1 2 16 5 -5 29 7 8 9 18 11 -11 25 -14 20 -13 24 -15 -6 -17 -10 22 -4 -24 26 -12 -1 -8 -9 -2
right_child=3 -3 21 4 6 -7 27 28 14 10 12 15 13 17 -16 19 -18 -19 -20 -21 -22 -23 23 -25 -26 -27 -28 -29 -30 -31
leaf_value=-0.034954290091863689 0.04342866879941313 -0.034480402252456674 0.063209566072670961 -0.029823255411850366 -0.043196859410619584 -0.0050500321661995744 0.017268114991003392 -0.040833396578781059 -0.027084305429821532 0.019731002633800534 0.042050316660198546 0.010423620976898281 -0.026400114942705274 -0.0058100338328286021 0.040256465372572242 -0.042140786437169328 0.021977751261539596 0.038723051244381634 -0.0033573128007773779 -0.0057604542953630725 0.018026017874849965 0.048707511340071924 0.040719418627089637 -0.035567975226307828 0.022847444534955085 0.017911390491505634 0.0078967417830612535 0.040474046780009106 -0.021839067194847767 0.036822664378392184
leaf_weight=6.2985905264504254 1.9679882824420909 6.700207124464213 0.77450317377224687 3.3889163583517066 3.8861850695684543 2.7101996280252934 2.1873193718492976 1.5249019917100661 1.4642364345490912 3.2272777967155006 4.9900112263858318 2.6974785774946195 2.7409764751791936 2.5508672744035721 4.8177142031490803 5.0446326341480017 1.3021719539538024 2.7293456625193357 2.5972440904006362 2.9252061918377876 2.8569230576977134 1.8577558286488054 0.42955252155661572 1.3334286999888716 0.47412787517532695 4.2945764828473347 0.37312186509370793 2.6083996593952179 1.4231329467147587 3.5419288985431194
leaf_count=348 8 383 8 18 34 18 19 10 28 34 23 18 17 14 33 34 11 29 36 23 31 12 3 49 19 29 4 21 30 37
internal_value=0.00056768 -0.0153138 -0.00531473 0.00525792 0.00251472 0.0245986 0.00452311 0.00207886 0.00420338 -0.000238083 0.00537234 -0.00990604 0.0176392 0.00230712 0.0225176 -0.0188724 -0.0210422 0.0172091 -0.0272372 -0.0287879 0.00274026 0.0249148 0.00749553 -0.0169805 -0.0288817 0.0308849 -0.0325578 0.0298899 -0.0316641 0.0391821
internal_weight=85.7189 19.5435 12.8433 66.1755 57.9553 8.22012 54.5664 49.7707 46.8227 37.6838 31.2004 13.8946 17.3058 8.02119 9.13887 10.6673 8.44801 5.28021 6.48343 7.96984 4.32116 4.39524 2.53748 1.76298 7.14584 9.28459 6.67171 4.79572 2.94803 5.50992
internal_count=1381 837 454 544 481 63 463 423 383 291 221 109 112 60 92 75 382 43 70 57 59 72 60 52 371 52 352 40 40 45
is_linear=0
shrinkage=0.05


Tree=186
num_leaves=31
num_cat=0
split_feature=59 15 3 108 106 115 115 44 114 96 91 0 55 76 113 26 91 24 61 43 32 71 100 21 94 0 77 104 43 19
split_gain=3.49666 1.1396 1.1366 1.17963 1.4311 1.88422 1.29314 1.43492 1.17627 1.3211 1.48967 1.47513 2.06967 1.27224 2.2805 1.62331 1.45006 1.34062 1.24571 1.05965 1.02396 0.966625 0.892724 0.84154 0.798281 0.769113 0.712937 0.68982 0.667395 0.5904
threshold=0.0068702215794473895 -0.2797823548316955 0.0012792567140422764 0.0015467773191630842 0.010301619768142702 0.054528702050447471 0.18215093016624453 0.0021471295040100817 0.025761020369827751 0.032355159521102912 0.060555219650268562 0.018637041561305526 2.3229020833969121 0.80359932780265819 0.094026863574981703 0.0024943882599473004 0.42415066063404089 0.078130032867193236 0.0030810046009719376 0.0035729057854041462 0.027317985892295841 -0.054781252518296235 0.74872159957885753 0.0094240810722112673 0.10796609893441202 0.012976728379726412 0.016540494747459892 0.033344483003020293 0.00069948742748238157 0.017261220142245296
decision_type=2 2 2 2 2 2 2 2 2 2 2 2 2 2 2 2 2 2 2 2 2 2 2 2 2 2 2 2 2 2
left_child=28 20 21 6 -5 -6 7 25 -7 -10 -11 12 29 14 -13 -16 -17 24 27 23 -2 -3 -8 -20 -15 -4 -9 -14 -1 -12
right_child=1 2 3 4 5 8 22 26 9 10 11 13 18 17 15 16 -18 -19 19 -21 -22 -23 -24 -25 -26 -27 -28 -29 -30 -31
leaf_value=-0.017821883001639709 0.010066843951696722 0.041309607679666016 0.038041785016282179 0.042472518565535453 -0.035648628862450502 0.03100955581327762 -0.0007933894632356312 0.0012454185879222962 -0.033082215891342595 0.044980857835304512 0.048269232449401511 0.040653863313826061 0.029748040664815123 0.0027716411306214295 0.04497154036735232 -0.027445534621029333 0.030630309472702195 0.025210525349451115 -0.03623612140302461 0.010498578849010544 -0.0308739478652965 -0.002932701654724491 -0.030889075864094062 -0.0041770624691814667 -0.03559999131141315 0.0019308104949818086 -0.036865939813683989 -0.0032629536298687967 0.03036592359685138 0.01932166897561376
leaf_weight=0.77712908573448558 1.9923486253246645 2.6933616315945983 2.3586302809417266 1.9279755111783732 3.7444114703685036 3.0810185447335234 3.272808948531746 2.1593287857249379 2.9856730531901112 1.8663228545337904 2.4623814783990401 2.8174669966101673 3.6952446028590229 1.6401607226580361 1.1503464672714461 6.9383750110864622 1.271839380264282 1.3003718890249718 4.4899580702185613 3.7280060127377501 6.5424463357776403 2.2794469017535439 9.9712237920612079 3.7621467374265194 7.8076176261529326 3.9337564818561077 2.8423756938427687 2.7679971009492874 9.5301768807694298 6.1876018438488245
leaf_count=13 16 29 22 11 34 24 34 16 32 11 15 11 32 22 8 114 14 8 26 24 92 15 58 20 130 23 43 15 411 58
internal_value=-0.00101677 -0.00383 -0.00222755 -0.00353937 5.2384e-05 -0.00127321 -0.0128524 -0.000422853 0.000947846 -0.00074011 0.00112096 -0.00051554 0.00738307 -0.00984983 0.00121557 -0.0106551 -0.018449 -0.0223873 -0.00208098 -0.0116255 -0.0213168 0.0210297 -0.023452 -0.0216203 -0.0289386 0.0154666 -0.0204126 0.0156105 0.0267328 0.0275621
internal_weight=111.978 101.671 93.1358 88.163 63.6249 61.6969 24.5381 11.2941 57.9525 54.8715 51.8858 50.0195 27.0933 22.9262 12.178 9.36056 8.21021 10.7482 18.4434 11.9801 8.53479 4.97281 13.244 8.2521 9.44778 6.29239 5.0017 6.46324 10.3073 8.64998
internal_count=1381 957 849 805 609 598 196 104 564 540 508 497 190 307 147 136 128 160 117 70 108 44 92 46 152 45 59 47 424 73
is_linear=0
shrinkage=0.05


Tree=187
num_leaves=31
num_cat=0
split_feature=16 122 59 3 7 124 3 35 24 22 51 107 127 127 25 53 86 86 111 113 73 115 10 21 85 59 23 103 46 93
split_gain=2.94177 1.38568 1.27508 1.36233 1.54038 1.44322 1.3757 1.23423 1.0242 1.76091 2.14204 1.69622 1.73152 1.54283 2.1373 1.43071 1.29271 1.25239 0.963401 1.01217 0.825751 0.728358 0.728219 0.682563 0.589373 0.471715 0.443887 0.232339 0.150899 0.104384
threshold=0.0025529164122417573 -0.26525790989398951 0.0066592507064342507 0.0029181626159697775 3.2623378038406377 0.16369146108627322 0.0034282910637557511 -0.020520635880529877 0.003302100696600974 0.010912525933235885 0.019737962633371357 0.012013482861220838 0.012592995539307596 0.013918183743953707 0.092966474592685713 0.22424657642841342 0.0039903847500681886 0.003509893082082272 0.10767959803342821 0.087508503347635283 1.3206679821014407 0.20278990268707278 0.015020539518445732 0.009607762563973667 0.010884991381317379 0.010196320712566377 0.0032740168971940879 0.22265391051769259 0.21807084232568744 0.04699870944023133
decision_type=2 2 2 2 2 2 2 2 2 2 2 2 2 2 2 2 2 2 2 2 2 2 2 2 2 2 2 2 2 2
left_child=1 -1 28 4 23 -6 21 25 -9 16 11 12 24 -14 15 18 17 26 -15 -20 -18 29 -13 -4 -11 -8 -10 -22 -2 -5
right_child=2 -3 3 6 5 -7 7 8 9 10 -12 22 13 14 -16 -17 20 -19 19 -21 27 -23 -24 -25 -26 -27 -28 -29 -30 -31
leaf_value=0.0089904983036063185 -0.00068409987792566389 -0.034117101325550507 0.050198581931435032 -0.021493434306449833 0.025950574917053982 -0.036245457649101746 0.01034131265585117 0.025190534833002206 0.0041062934897867368 0.03847137188754722 0.035168254714752677 -0.0052667727523809374 -0.04089658173894703 -0.015631149101558606 -0.043204438956370481 0.032958007362675311 0.0087622624470148087 0.023138282596192893 -0.014040023922617322 0.033600327475685803 -0.034709669939248206 0.00417436955919842 -0.036668676844991976 0.020310549802006389 0.0091593095511050254 0.036217810600922704 -0.036710720139953898 -0.0153138567406257 -0.035433659600832286 -0.03923786736874528
leaf_weight=2.4191666115075341 0.3625918105244631 8.1265646680258197 3.4240637430921179 1.2066990379244082 1.8397756004706027 1.8917894195765255 3.3248404152691284 4.401911359280354 1.0804974175989657 4.6919295266270664 5.414150219410657 3.9851517882198086 2.1274907439947155 4.9226661957800406 2.0728662237524977 4.9357132595032445 1.5989653021097172 3.7196273077279329 1.7744705937802789 2.9995921198278666 6.7922602463513595 1.8958546761423347 3.4398861154913902 4.3207025248557329 2.7027424983680248 3.7449217438697815 1.7366910791024563 1.9982297141104934 2.2574073150753975 2.6465389775112271
leaf_count=30 4 486 17 13 12 28 19 26 16 50 36 27 14 36 8 82 14 33 13 37 80 16 18 36 21 28 32 13 100 36
internal_value=0.000716191 -0.0242283 0.00372911 0.00479189 0.0208092 -0.00558091 0.00228115 0.00428192 0.00196808 0.00014244 0.00597889 0.00128279 0.00725553 -0.000794683 0.00431246 0.0110438 -0.0133284 0.00409182 -0.000110683 0.0158929 -0.0242888 -0.0211975 -0.0198147 0.0335244 0.0277579 0.0240483 -0.0210559 -0.0303007 -0.0306245 -0.0336809
internal_weight=97.8558 10.5457 87.31 84.69 11.4763 3.73157 73.2137 67.4646 60.3948 55.9929 39.0667 33.6525 26.2275 18.8328 16.7053 14.6324 16.9263 6.53682 9.69673 4.77406 10.3895 5.74909 7.42504 7.74477 7.39467 7.06976 2.81719 8.79049 2.62 3.85324
internal_count=1381 516 865 761 93 40 668 603 556 530 342 306 261 190 176 168 188 81 86 50 107 65 45 53 71 47 48 93 104 49
is_linear=0
shrinkage=0.05


Tree=188
num_leaves=31
num_cat=0
split_feature=68 15 15 120 34 44 49 33 44 127 125 102 81 19 38 40 106 50 87 125 4 24 91 74 107 105 40 98 99 1
split_gain=2.37043 1.46371 2.30714 1.08178 0.98205 1.57659 2.2872 1.84471 1.33529 1.25436 1.65613 2.27895 1.58579 1.33081 1.07532 1.00797 0.958646 0.957993 0.902541 0.720529 0.703714 0.615603 0.342817 0.30878 0.218038 0.0700851 0.0129424 0.0096706 0.00612203 0.00423143
threshold=0.021573975682258609 -0.052892152220010751 -0.086329821497201906 1.9744538068771365 0.61604920029640209 0.00390247127506882 0.49916432797908789 0.017428516410291198 0.0020728283561766152 0.0027568361256271605 0.0028376277768984441 0.054285254329442985 0.0011375943431630733 0.01480942824855447 -0.12749283760786054 0.39084474742412573 0.017991398461163047 0.039587041363120086 0.00095056145801208924 0.003197928774170578 -0.028661190532147881 0.0011863667168654504 0.26872208714485174 -0.19532714039087293 0.011929956264793875 0.005920644151046873 0.28059855103492742 3.6489745378494267 1.1926629543304446 0.081375382840633406
decision_type=2 2 2 2 2 2 2 2 2 2 2 2 2 2 2 2 2 2 2 2 2 2 2 2 2 2 2 2 2 2
left_child=1 2 3 21 5 6 7 18 -6 10 12 -12 23 -14 19 -7 20 -16 -2 -11 -4 -1 -13 -8 28 -21 -10 -27 -23 -3
right_child=4 29 16 -5 8 15 9 -9 26 14 11 22 13 -15 17 -17 -18 -19 -20 25 -22 24 -24 -25 -26 27 -28 -29 -30 -31
leaf_value=0.030182227719220984 -0.012085497694281041 -0.034007178266675611 -0.035849557577741525 0.021234771188426715 0.035277273718487719 0.04280339017590213 0.019335914733833864 0.018809302674416439 -0.042671925698827599 0.010839744928164204 0.019401767367436627 -0.019573425044724351 0.021133485003911615 -0.019380946516333247 -0.0085499979952927147 0.0075346697492697928 0.04559912824303327 0.024274298201546002 -0.045277631679693078 0.047102136111573704 0.025096919969419363 -0.034224471785314639 -0.043888568801580888 0.04207700165723724 0.0023464507752807345 0.033704389939117632 -0.034516610694509745 0.038569784733828189 -0.03865193029593772 -0.038058521033414845
leaf_weight=0.41752807796001423 4.0670141065493208 5.6898223413154474 0.84836818277835835 1.2916742106899617 0.84460262022912447 4.5216313153505308 2.8529944680631161 2.7068623937666407 0.62220491468906436 3.1979419030249137 3.0481043215841037 2.4869388937950134 3.4747629240155202 4.8645018301904202 4.9916887432336789 3.6702374517917633 2.3939041220583022 4.0073995608836412 4.1255319006741047 2.228298544883728 1.0722474316135056 5.0897997384890914 3.4753200262784958 3.130607612431052 0.42030624113976944 2.0920476689934731 2.230389459989965 1.9954691417515276 0.92224894510582078 0.72684146463870991
leaf_count=16 38 378 24 11 7 28 22 18 3 20 32 26 25 31 31 30 19 29 31 10 29 342 22 21 6 26 77 17 7 5
internal_value=0.00052418 -0.0150655 -0.00507137 -0.0207363 0.00507623 0.00659432 0.00342485 -0.0169763 -0.0199451 0.00873863 0.00102776 -0.015767 0.0115931 -0.0024996 0.0184573 0.0270018 0.0244886 0.00606705 -0.0288001 0.0301772 -0.00182416 -0.0286507 -0.0337464 0.031234 -0.0324696 0.0399685 -0.0362954 0.0360796 -0.0349036 -0.0344661
internal_weight=83.5073 18.8727 12.4561 8.14156 64.6345 60.9374 52.7455 10.8994 3.6972 41.8461 23.3332 9.01036 14.3229 8.33926 18.5128 8.19187 4.31452 8.99909 8.19255 9.51376 1.92062 6.84988 5.96226 5.9836 6.43235 6.31582 2.85259 4.08752 6.01205 6.41666
internal_count=1381 837 454 382 544 457 399 87 87 312 179 80 99 56 133 58 72 60 69 73 53 371 48 43 355 53 80 43 349 383
is_linear=0
shrinkage=0.05


end of trees

feature_importances:
Rrs_492_t0=227
Rrs_492_t3=131
SAVI_t0=119
Rrs_665_t0=108
Rrs_443_t1=107
SAVI_mean=105
Rrs_492_mean=104
RENDVI_t0=101
SAVI_t3=90
Rrs_740_t1=89
NDWI_mean=87
RENDVI_t3=77
SAVI_std=73
RENDVI_mean=73
GR_diff_t0=72
RENDVI_t1=70
NDWI_t0=69
Rrs_833_t2=69
BG_ratio_t2=66
RENDVI_t2=66
NDWI_t2=65
Rrs_492_t2=63
Rrs_833_t3=62
GR_diff_t3=61
NDVI_t0=60
NDWI_t1=60
SAVI_t1=59
NDWI_std=57
RENDVI_range=57
Rrs_704_t0=56
Rrs_492_t1=56
BR_ratio_t1=54
Rrs_704_t3=54
GR_ratio_t1=53
GR_diff_t1=53
NDWI_t3=53
Rrs_833_t1=52
Rrs_704_t2=52
WAVI_t3=52
GR_diff_range=52
RENDVI_std=52
BR_ratio_t0=51
NDWI_range=51
SAVI_range=51
BG_ratio_t0=49
REP_t0=49
NDVI_t2=48
SAVI_t2=48
WAVI_t2=47
WAVI_range=46
Rrs_492_std=45
BG_ratio_mean=45
WAVI_mean=45
Rrs_783_t1=44
GR_diff_mean=44
NDVI_t1=43
NDVI_range=43
Rrs_833_t0=42
Rrs_865_t1=42
BR_ratio_t3=42
GR_diff_t2=40
BG_ratio_t1=39
BG_ratio_std=39
BG_ratio_t3=37
NR_ratio_std=37
GR_ratio_t0=36
GR_diff_std=36
Rrs_665_t3=35
WAVI_t0=34
Rrs_665_t2=34
GR_ratio_mean=34
NDAVI_std=34
Rrs_560_t1=33
Rrs_833_std=32
BG_ratio_range=32
WAVI_t1=31
Rrs_665_std=31
NDVI_std=31
BR_ratio_std=31
NR_ratio_range=31
Rrs_665_t1=30
TI_t1=30
REP_t2=30
Rrs_833_mean=30
WAVI_std=30
Rrs_704_t1=29
GR_ratio_t3=28
REP_t3=28
Rrs_492_range=28
TI_std=28
BR_ratio_t2=26
NR_ratio_t2=26
Rrs_833_range=26
NDAVI_mean=26
NDAVI_range=26
BR_ratio_mean=26
BR_ratio_range=26
REP_t1=25
TI_range=24
NR_ratio_mean=24
TI_mean=23
TI_t0=22
Rrs_704_mean=22
NDVI_mean=22
NR_ratio_t0=21
NR_ratio_t3=20
Rrs_704_std=20
REP_range=20
TI_t3=19
Rrs_665_range=19
GR_ratio_range=19
REP_std=19
GR_ratio_t2=18
TI_t2=18
NR_ratio_t1=17
GR_ratio_std=17
Rrs_704_range=16
Rrs_665_mean=15
NDAVI_t0=14
NDAVI_t1=14
NDVI_t3=12
REP_mean=11
CI_t2=10
CI_mean=9
CI_t1=8
CI_t3=8
CI_std=8
CI_range=8
CI_t0=6
NDAVI_t3=5
NDAVI_t2=4

parameters:
[boosting: gbdt]
[objective: multiclass]
[metric: multi_logloss]
[tree_learner: serial]
[device_type: cpu]
[data_sample_strategy: bagging]
[data: ]
[valid: ]
[num_iterations: 500]
[learning_rate: 0.05]
[num_leaves: 31]
[num_threads: 0]
[seed: 42]
[deterministic: 0]
[force_col_wise: 0]
[force_row_wise: 0]
[histogram_pool_size: -1]
[max_depth: 15]
[min_data_in_leaf: 20]
[min_sum_hessian_in_leaf: 0.001]
[bagging_fraction: 0.8]
[pos_bagging_fraction: 1]
[neg_bagging_fraction: 1]
[bagging_freq: 5]
[bagging_seed: 400]
[bagging_by_query: 0]
[feature_fraction: 0.8]
[feature_fraction_bynode: 1]
[feature_fraction_seed: 30056]
[extra_trees: 0]
[extra_seed: 12879]
[early_stopping_round: 0]
[early_stopping_min_delta: 0]
[first_metric_only: 0]
[max_delta_step: 0]
[lambda_l1: 0]
[lambda_l2: 0]
[linear_lambda: 0]
[min_gain_to_split: 0]
[drop_rate: 0.1]
[max_drop: 50]
[skip_drop: 0.5]
[xgboost_dart_mode: 0]
[uniform_drop: 0]
[drop_seed: 17869]
[top_rate: 0.2]
[other_rate: 0.1]
[min_data_per_group: 100]
[max_cat_threshold: 32]
[cat_l2: 10]
[cat_smooth: 10]
[max_cat_to_onehot: 4]
[top_k: 20]
[monotone_constraints: ]
[monotone_constraints_method: basic]
[monotone_penalty: 0]
[feature_contri: ]
[forcedsplits_filename: ]
[refit_decay_rate: 0.9]
[cegb_tradeoff: 1]
[cegb_penalty_split: 0]
[cegb_penalty_feature_lazy: ]
[cegb_penalty_feature_coupled: ]
[path_smooth: 0]
[interaction_constraints: ]
[verbosity: -1]
[saved_feature_importance_type: 0]
[use_quantized_grad: 0]
[num_grad_quant_bins: 4]
[quant_train_renew_leaf: 0]
[stochastic_rounding: 1]
[linear_tree: 0]
[max_bin: 255]
[max_bin_by_feature: ]
[min_data_in_bin: 3]
[bin_construct_sample_cnt: 200000]
[data_random_seed: 175]
[is_enable_sparse: 1]
[enable_bundle: 1]
[use_missing: 1]
[zero_as_missing: 0]
[feature_pre_filter: 1]
[pre_partition: 0]
[two_round: 0]
[header: 0]
[label_column: ]
[weight_column: ]
[group_column: ]
[ignore_column: ]
[categorical_feature: ]
[forcedbins_filename: ]
[precise_float_parser: 0]
[parser_config_file: ]
[objective_seed: 16083]
[num_class: 3]
[is_unbalance: 0]
[scale_pos_weight: 1]
[sigmoid: 1]
[boost_from_average: 1]
[reg_sqrt: 0]
[alpha: 0.9]
[fair_c: 1]
[poisson_max_delta_step: 0.7]
[tweedie_variance_power: 1.5]
[lambdarank_truncation_level: 30]
[lambdarank_norm: 1]
[label_gain: ]
[lambdarank_position_bias_regularization: 0]
[eval_at: ]
[multi_error_top_k: 1]
[auc_mu_weights: ]
[num_machines: 1]
[local_listen_port: 12400]
[time_out: 120]
[machine_list_filename: ]
[machines: ]
[gpu_platform_id: -1]
[gpu_device_id: -1]
[gpu_use_dp: 0]
[num_gpu: 1]

end of parameters

pandas_categorical:null
